method,score,call_rate,detector_calls,detector_call_savings,split,subset,samples,tp,fp,tn,fn,accuracy,precision,recall_tpr,fpr,tnr,f1,balanced_accuracy,mcc,yes_rate
vanilla_base,lh_shape_pope_layers_22_31,0.0,0,1.0,adversarial,all,3000,1218,220,1280,282,0.8326666666666667,0.847009735744089,0.812,0.14666666666666667,0.8533333333333334,0.829135466303608,0.8326666666666667,0.6659024051264104,0.47933333333333333
vanilla_base,lh_shape_pope_layers_22_31,0.0,0,1.0,adversarial,positive,1500,1218,0,0,282,0.812,1.0,0.812,0.0,0.0,0.8962472406181016,0.406,0.0,0.812
vanilla_base,lh_shape_pope_layers_22_31,0.0,0,1.0,adversarial,negative,1500,0,220,1280,0,0.8533333333333334,0.0,0.0,0.14666666666666667,0.8533333333333334,0.0,0.4266666666666667,0.0,0.14666666666666667
vanilla_base,lh_shape_pope_layers_22_31,0.0,0,1.0,adversarial,negative_related_present,1272,0,208,1064,0,0.8364779874213837,0.0,0.0,0.16352201257861634,0.8364779874213837,0.0,0.41823899371069184,0.0,0.16352201257861634
vanilla_base,lh_shape_pope_layers_22_31,0.0,0,1.0,adversarial,negative_absent_plain,228,0,12,216,0,0.9473684210526315,0.0,0.0,0.05263157894736842,0.9473684210526315,0.0,0.47368421052631576,0.0,0.05263157894736842
vanilla_base,lh_shape_pope_layers_22_31,0.0,0,1.0,popular,all,3000,1220,116,1384,280,0.868,0.9131736526946108,0.8133333333333334,0.07733333333333334,0.9226666666666666,0.8603667136812412,0.868,0.7404388256548138,0.44533333333333336
vanilla_base,lh_shape_pope_layers_22_31,0.0,0,1.0,popular,positive,1500,1220,0,0,280,0.8133333333333334,1.0,0.8133333333333334,0.0,0.0,0.8970588235294117,0.4066666666666667,0.0,0.8133333333333334
vanilla_base,lh_shape_pope_layers_22_31,0.0,0,1.0,popular,negative,1500,0,116,1384,0,0.9226666666666666,0.0,0.0,0.07733333333333334,0.9226666666666666,0.0,0.4613333333333333,0.0,0.07733333333333334
vanilla_base,lh_shape_pope_layers_22_31,0.0,0,1.0,popular,negative_related_present,980,0,98,882,0,0.9,0.0,0.0,0.1,0.9,0.0,0.45,0.0,0.1
vanilla_base,lh_shape_pope_layers_22_31,0.0,0,1.0,popular,negative_absent_plain,520,0,18,502,0,0.9653846153846154,0.0,0.0,0.03461538461538462,0.9653846153846154,0.0,0.4826923076923077,0.0,0.03461538461538462
vanilla_base,lh_shape_pope_layers_22_31,0.0,0,1.0,random,all,3000,1220,55,1445,280,0.8883333333333333,0.9568627450980393,0.8133333333333334,0.03666666666666667,0.9633333333333334,0.8792792792792793,0.8883333333333334,0.7855544321322164,0.425
vanilla_base,lh_shape_pope_layers_22_31,0.0,0,1.0,random,positive,1500,1220,0,0,280,0.8133333333333334,1.0,0.8133333333333334,0.0,0.0,0.8970588235294117,0.4066666666666667,0.0,0.8133333333333334
vanilla_base,lh_shape_pope_layers_22_31,0.0,0,1.0,random,negative,1500,0,55,1445,0,0.9633333333333334,0.0,0.0,0.03666666666666667,0.9633333333333334,0.0,0.4816666666666667,0.0,0.03666666666666667
vanilla_base,lh_shape_pope_layers_22_31,0.0,0,1.0,random,negative_related_present,840,0,46,794,0,0.9452380952380952,0.0,0.0,0.05476190476190476,0.9452380952380952,0.0,0.4726190476190476,0.0,0.05476190476190476
vanilla_base,lh_shape_pope_layers_22_31,0.0,0,1.0,random,negative_absent_plain,660,0,9,651,0,0.9863636363636363,0.0,0.0,0.013636363636363636,0.9863636363636363,0.0,0.49318181818181817,0.0,0.013636363636363636
vanilla_base,lh_shape_pope_layers_22_31,0.0,0,1.0,macro,all,9000,3658,391,4109,842,0.863,0.9034329464065202,0.8128888888888889,0.08688888888888889,0.9131111111111111,0.855772604983039,0.863,0.729673851023138,0.4498888888888889
vanilla_base,lh_shape_pope_layers_22_31,0.0,0,1.0,macro,positive,4500,3658,0,0,842,0.8128888888888889,1.0,0.8128888888888889,0.0,0.0,0.8967884285364061,0.40644444444444444,0.0,0.8128888888888889
vanilla_base,lh_shape_pope_layers_22_31,0.0,0,1.0,macro,negative,4500,0,391,4109,0,0.9131111111111111,0.0,0.0,0.08688888888888889,0.9131111111111111,0.0,0.45655555555555555,0.0,0.08688888888888889
vanilla_base,lh_shape_pope_layers_22_31,0.0,0,1.0,macro,negative_related_present,3092,0,352,2740,0,0.8861578266494179,0.0,0.0,0.11384217335058215,0.8861578266494179,0.0,0.44307891332470895,0.0,0.11384217335058215
vanilla_base,lh_shape_pope_layers_22_31,0.0,0,1.0,macro,negative_absent_plain,1408,0,39,1369,0,0.9723011363636364,0.0,0.0,0.027698863636363636,0.9723011363636364,0.0,0.4861505681818182,0.0,0.027698863636363636
full_tdev,lh_shape_pope_layers_22_31,1.0,9000,0.0,adversarial,all,3000,1209,139,1361,291,0.8566666666666667,0.8968842729970327,0.806,0.09266666666666666,0.9073333333333333,0.8490168539325843,0.8566666666666667,0.717024194183559,0.4493333333333333
full_tdev,lh_shape_pope_layers_22_31,1.0,9000,0.0,adversarial,positive,1500,1209,0,0,291,0.806,1.0,0.806,0.0,0.0,0.8925802879291251,0.403,0.0,0.806
full_tdev,lh_shape_pope_layers_22_31,1.0,9000,0.0,adversarial,negative,1500,0,139,1361,0,0.9073333333333333,0.0,0.0,0.09266666666666666,0.9073333333333333,0.0,0.45366666666666666,0.0,0.09266666666666666
full_tdev,lh_shape_pope_layers_22_31,1.0,9000,0.0,adversarial,negative_related_present,1272,0,133,1139,0,0.8954402515723271,0.0,0.0,0.10455974842767296,0.8954402515723271,0.0,0.44772012578616355,0.0,0.10455974842767296
full_tdev,lh_shape_pope_layers_22_31,1.0,9000,0.0,adversarial,negative_absent_plain,228,0,6,222,0,0.9736842105263158,0.0,0.0,0.02631578947368421,0.9736842105263158,0.0,0.4868421052631579,0.0,0.02631578947368421
full_tdev,lh_shape_pope_layers_22_31,1.0,9000,0.0,popular,all,3000,1210,63,1437,290,0.8823333333333333,0.950510604870385,0.8066666666666666,0.042,0.958,0.8727010457987739,0.8823333333333333,0.7735761066657176,0.42433333333333334
full_tdev,lh_shape_pope_layers_22_31,1.0,9000,0.0,popular,positive,1500,1210,0,0,290,0.8066666666666666,1.0,0.8066666666666666,0.0,0.0,0.8929889298892989,0.4033333333333333,0.0,0.8066666666666666
full_tdev,lh_shape_pope_layers_22_31,1.0,9000,0.0,popular,negative,1500,0,63,1437,0,0.958,0.0,0.0,0.042,0.958,0.0,0.479,0.0,0.042
full_tdev,lh_shape_pope_layers_22_31,1.0,9000,0.0,popular,negative_related_present,980,0,56,924,0,0.9428571428571428,0.0,0.0,0.05714285714285714,0.9428571428571428,0.0,0.4714285714285714,0.0,0.05714285714285714
full_tdev,lh_shape_pope_layers_22_31,1.0,9000,0.0,popular,negative_absent_plain,520,0,7,513,0,0.9865384615384616,0.0,0.0,0.013461538461538462,0.9865384615384616,0.0,0.4932692307692308,0.0,0.013461538461538462
full_tdev,lh_shape_pope_layers_22_31,1.0,9000,0.0,random,all,3000,1210,29,1471,290,0.8936666666666667,0.976594027441485,0.8066666666666666,0.019333333333333334,0.9806666666666667,0.8835341365461847,0.8936666666666666,0.7995296362896048,0.413
full_tdev,lh_shape_pope_layers_22_31,1.0,9000,0.0,random,positive,1500,1210,0,0,290,0.8066666666666666,1.0,0.8066666666666666,0.0,0.0,0.8929889298892989,0.4033333333333333,0.0,0.8066666666666666
full_tdev,lh_shape_pope_layers_22_31,1.0,9000,0.0,random,negative,1500,0,29,1471,0,0.9806666666666667,0.0,0.0,0.019333333333333334,0.9806666666666667,0.0,0.49033333333333334,0.0,0.019333333333333334
full_tdev,lh_shape_pope_layers_22_31,1.0,9000,0.0,random,negative_related_present,840,0,25,815,0,0.9702380952380952,0.0,0.0,0.02976190476190476,0.9702380952380952,0.0,0.4851190476190476,0.0,0.02976190476190476
full_tdev,lh_shape_pope_layers_22_31,1.0,9000,0.0,random,negative_absent_plain,660,0,4,656,0,0.9939393939393939,0.0,0.0,0.006060606060606061,0.9939393939393939,0.0,0.49696969696969695,0.0,0.006060606060606061
full_tdev,lh_shape_pope_layers_22_31,1.0,9000,0.0,macro,all,9000,3629,231,4269,871,0.8775555555555555,0.9401554404145078,0.8064444444444444,0.051333333333333335,0.9486666666666667,0.8681818181818183,0.8775555555555555,0.7628658302177469,0.4288888888888889
full_tdev,lh_shape_pope_layers_22_31,1.0,9000,0.0,macro,positive,4500,3629,0,0,871,0.8064444444444444,1.0,0.8064444444444444,0.0,0.0,0.8928527494156723,0.4032222222222222,0.0,0.8064444444444444
full_tdev,lh_shape_pope_layers_22_31,1.0,9000,0.0,macro,negative,4500,0,231,4269,0,0.9486666666666667,0.0,0.0,0.051333333333333335,0.9486666666666667,0.0,0.47433333333333333,0.0,0.051333333333333335
full_tdev,lh_shape_pope_layers_22_31,1.0,9000,0.0,macro,negative_related_present,3092,0,214,2878,0,0.9307891332470892,0.0,0.0,0.06921086675291074,0.9307891332470892,0.0,0.4653945666235446,0.0,0.06921086675291074
full_tdev,lh_shape_pope_layers_22_31,1.0,9000,0.0,macro,negative_absent_plain,1408,0,17,1391,0,0.9879261363636364,0.0,0.0,0.012073863636363636,0.9879261363636364,0.0,0.4939630681818182,0.0,0.012073863636363636
all_selected,lh_shape_pope_layers_22_31,0.1,900,0.9,adversarial,all,3000,1218,220,1280,282,0.8326666666666667,0.847009735744089,0.812,0.14666666666666667,0.8533333333333334,0.829135466303608,0.8326666666666667,0.6659024051264104,0.47933333333333333
all_selected,lh_shape_pope_layers_22_31,0.1,900,0.9,adversarial,positive,1500,1218,0,0,282,0.812,1.0,0.812,0.0,0.0,0.8962472406181016,0.406,0.0,0.812
all_selected,lh_shape_pope_layers_22_31,0.1,900,0.9,adversarial,negative,1500,0,220,1280,0,0.8533333333333334,0.0,0.0,0.14666666666666667,0.8533333333333334,0.0,0.4266666666666667,0.0,0.14666666666666667
all_selected,lh_shape_pope_layers_22_31,0.1,900,0.9,adversarial,negative_related_present,1272,0,208,1064,0,0.8364779874213837,0.0,0.0,0.16352201257861634,0.8364779874213837,0.0,0.41823899371069184,0.0,0.16352201257861634
all_selected,lh_shape_pope_layers_22_31,0.1,900,0.9,adversarial,negative_absent_plain,228,0,12,216,0,0.9473684210526315,0.0,0.0,0.05263157894736842,0.9473684210526315,0.0,0.47368421052631576,0.0,0.05263157894736842
all_selected,lh_shape_pope_layers_22_31,0.1,900,0.9,popular,all,3000,1220,116,1384,280,0.868,0.9131736526946108,0.8133333333333334,0.07733333333333334,0.9226666666666666,0.8603667136812412,0.868,0.7404388256548138,0.44533333333333336
all_selected,lh_shape_pope_layers_22_31,0.1,900,0.9,popular,positive,1500,1220,0,0,280,0.8133333333333334,1.0,0.8133333333333334,0.0,0.0,0.8970588235294117,0.4066666666666667,0.0,0.8133333333333334
all_selected,lh_shape_pope_layers_22_31,0.1,900,0.9,popular,negative,1500,0,116,1384,0,0.9226666666666666,0.0,0.0,0.07733333333333334,0.9226666666666666,0.0,0.4613333333333333,0.0,0.07733333333333334
all_selected,lh_shape_pope_layers_22_31,0.1,900,0.9,popular,negative_related_present,980,0,98,882,0,0.9,0.0,0.0,0.1,0.9,0.0,0.45,0.0,0.1
all_selected,lh_shape_pope_layers_22_31,0.1,900,0.9,popular,negative_absent_plain,520,0,18,502,0,0.9653846153846154,0.0,0.0,0.03461538461538462,0.9653846153846154,0.0,0.4826923076923077,0.0,0.03461538461538462
all_selected,lh_shape_pope_layers_22_31,0.1,900,0.9,random,all,3000,1220,54,1446,280,0.8886666666666667,0.957613814756672,0.8133333333333334,0.036,0.964,0.8795962509012257,0.8886666666666667,0.7863093515272986,0.4246666666666667
all_selected,lh_shape_pope_layers_22_31,0.1,900,0.9,random,positive,1500,1220,0,0,280,0.8133333333333334,1.0,0.8133333333333334,0.0,0.0,0.8970588235294117,0.4066666666666667,0.0,0.8133333333333334
all_selected,lh_shape_pope_layers_22_31,0.1,900,0.9,random,negative,1500,0,54,1446,0,0.964,0.0,0.0,0.036,0.964,0.0,0.482,0.0,0.036
all_selected,lh_shape_pope_layers_22_31,0.1,900,0.9,random,negative_related_present,840,0,45,795,0,0.9464285714285714,0.0,0.0,0.05357142857142857,0.9464285714285714,0.0,0.4732142857142857,0.0,0.05357142857142857
all_selected,lh_shape_pope_layers_22_31,0.1,900,0.9,random,negative_absent_plain,660,0,9,651,0,0.9863636363636363,0.0,0.0,0.013636363636363636,0.9863636363636363,0.0,0.49318181818181817,0.0,0.013636363636363636
all_selected,lh_shape_pope_layers_22_31,0.1,900,0.9,macro,all,9000,3658,390,4110,842,0.8631111111111112,0.9036561264822134,0.8128888888888889,0.08666666666666667,0.9133333333333333,0.8558727187646233,0.8631111111111112,0.7299136374611771,0.4497777777777778
all_selected,lh_shape_pope_layers_22_31,0.1,900,0.9,macro,positive,4500,3658,0,0,842,0.8128888888888889,1.0,0.8128888888888889,0.0,0.0,0.8967884285364061,0.40644444444444444,0.0,0.8128888888888889
all_selected,lh_shape_pope_layers_22_31,0.1,900,0.9,macro,negative,4500,0,390,4110,0,0.9133333333333333,0.0,0.0,0.08666666666666667,0.9133333333333333,0.0,0.45666666666666667,0.0,0.08666666666666667
all_selected,lh_shape_pope_layers_22_31,0.1,900,0.9,macro,negative_related_present,3092,0,351,2741,0,0.8864812419146184,0.0,0.0,0.11351875808538163,0.8864812419146184,0.0,0.4432406209573092,0.0,0.11351875808538163
all_selected,lh_shape_pope_layers_22_31,0.1,900,0.9,macro,negative_absent_plain,1408,0,39,1369,0,0.9723011363636364,0.0,0.0,0.027698863636363636,0.9723011363636364,0.0,0.4861505681818182,0.0,0.027698863636363636
base_yes_selected,lh_shape_pope_layers_22_31,0.1,405,0.955,adversarial,all,3000,1214,201,1299,286,0.8376666666666667,0.8579505300353357,0.8093333333333333,0.134,0.866,0.832933104631218,0.8376666666666667,0.6764202368460626,0.4716666666666667
base_yes_selected,lh_shape_pope_layers_22_31,0.1,405,0.955,adversarial,positive,1500,1214,0,0,286,0.8093333333333333,1.0,0.8093333333333333,0.0,0.0,0.894620486366986,0.4046666666666667,0.0,0.8093333333333333
base_yes_selected,lh_shape_pope_layers_22_31,0.1,405,0.955,adversarial,negative,1500,0,201,1299,0,0.866,0.0,0.0,0.134,0.866,0.0,0.433,0.0,0.134
base_yes_selected,lh_shape_pope_layers_22_31,0.1,405,0.955,adversarial,negative_related_present,1272,0,191,1081,0,0.8498427672955975,0.0,0.0,0.1501572327044025,0.8498427672955975,0.0,0.42492138364779874,0.0,0.1501572327044025
base_yes_selected,lh_shape_pope_layers_22_31,0.1,405,0.955,adversarial,negative_absent_plain,228,0,10,218,0,0.956140350877193,0.0,0.0,0.043859649122807015,0.956140350877193,0.0,0.4780701754385965,0.0,0.043859649122807015
base_yes_selected,lh_shape_pope_layers_22_31,0.1,405,0.955,popular,all,3000,1215,96,1404,285,0.873,0.9267734553775744,0.81,0.064,0.936,0.8644610458911419,0.873,0.7519932042506778,0.437
base_yes_selected,lh_shape_pope_layers_22_31,0.1,405,0.955,popular,positive,1500,1215,0,0,285,0.81,1.0,0.81,0.0,0.0,0.8950276243093923,0.405,0.0,0.81
base_yes_selected,lh_shape_pope_layers_22_31,0.1,405,0.955,popular,negative,1500,0,96,1404,0,0.936,0.0,0.0,0.064,0.936,0.0,0.468,0.0,0.064
base_yes_selected,lh_shape_pope_layers_22_31,0.1,405,0.955,popular,negative_related_present,980,0,84,896,0,0.9142857142857143,0.0,0.0,0.08571428571428572,0.9142857142857143,0.0,0.45714285714285713,0.0,0.08571428571428572
base_yes_selected,lh_shape_pope_layers_22_31,0.1,405,0.955,popular,negative_absent_plain,520,0,12,508,0,0.9769230769230769,0.0,0.0,0.023076923076923078,0.9769230769230769,0.0,0.48846153846153845,0.0,0.023076923076923078
base_yes_selected,lh_shape_pope_layers_22_31,0.1,405,0.955,random,all,3000,1215,41,1459,285,0.8913333333333333,0.9673566878980892,0.81,0.027333333333333334,0.9726666666666667,0.8817126269956459,0.8913333333333333,0.7932316548449864,0.4186666666666667
base_yes_selected,lh_shape_pope_layers_22_31,0.1,405,0.955,random,positive,1500,1215,0,0,285,0.81,1.0,0.81,0.0,0.0,0.8950276243093923,0.405,0.0,0.81
base_yes_selected,lh_shape_pope_layers_22_31,0.1,405,0.955,random,negative,1500,0,41,1459,0,0.9726666666666667,0.0,0.0,0.027333333333333334,0.9726666666666667,0.0,0.48633333333333334,0.0,0.027333333333333334
base_yes_selected,lh_shape_pope_layers_22_31,0.1,405,0.955,random,negative_related_present,840,0,35,805,0,0.9583333333333334,0.0,0.0,0.041666666666666664,0.9583333333333334,0.0,0.4791666666666667,0.0,0.041666666666666664
base_yes_selected,lh_shape_pope_layers_22_31,0.1,405,0.955,random,negative_absent_plain,660,0,6,654,0,0.990909090909091,0.0,0.0,0.00909090909090909,0.990909090909091,0.0,0.4954545454545455,0.0,0.00909090909090909
base_yes_selected,lh_shape_pope_layers_22_31,0.1,405,0.955,macro,all,9000,3644,338,4162,856,0.8673333333333333,0.9151180311401306,0.8097777777777778,0.07511111111111111,0.9248888888888889,0.8592313133694883,0.8673333333333333,0.7395829539510217,0.4424444444444444
base_yes_selected,lh_shape_pope_layers_22_31,0.1,405,0.955,macro,positive,4500,3644,0,0,856,0.8097777777777778,1.0,0.8097777777777778,0.0,0.0,0.8948919449901769,0.4048888888888889,0.0,0.8097777777777778
base_yes_selected,lh_shape_pope_layers_22_31,0.1,405,0.955,macro,negative,4500,0,338,4162,0,0.9248888888888889,0.0,0.0,0.07511111111111111,0.9248888888888889,0.0,0.46244444444444444,0.0,0.07511111111111111
base_yes_selected,lh_shape_pope_layers_22_31,0.1,405,0.955,macro,negative_related_present,3092,0,310,2782,0,0.8997412677878396,0.0,0.0,0.10025873221216042,0.8997412677878396,0.0,0.4498706338939198,0.0,0.10025873221216042
base_yes_selected,lh_shape_pope_layers_22_31,0.1,405,0.955,macro,negative_absent_plain,1408,0,28,1380,0,0.9801136363636364,0.0,0.0,0.019886363636363636,0.9801136363636364,0.0,0.4900568181818182,0.0,0.019886363636363636
all_selected,lh_shape_pope_layers_22_31,0.25,2250,0.75,adversarial,all,3000,1218,212,1288,282,0.8353333333333334,0.8517482517482518,0.812,0.14133333333333334,0.8586666666666667,0.8313993174061434,0.8353333333333334,0.6713981431100662,0.4766666666666667
all_selected,lh_shape_pope_layers_22_31,0.25,2250,0.75,adversarial,positive,1500,1218,0,0,282,0.812,1.0,0.812,0.0,0.0,0.8962472406181016,0.406,0.0,0.812
all_selected,lh_shape_pope_layers_22_31,0.25,2250,0.75,adversarial,negative,1500,0,212,1288,0,0.8586666666666667,0.0,0.0,0.14133333333333334,0.8586666666666667,0.0,0.42933333333333334,0.0,0.14133333333333334
all_selected,lh_shape_pope_layers_22_31,0.25,2250,0.75,adversarial,negative_related_present,1272,0,200,1072,0,0.8427672955974843,0.0,0.0,0.15723270440251572,0.8427672955974843,0.0,0.42138364779874216,0.0,0.15723270440251572
all_selected,lh_shape_pope_layers_22_31,0.25,2250,0.75,adversarial,negative_absent_plain,228,0,12,216,0,0.9473684210526315,0.0,0.0,0.05263157894736842,0.9473684210526315,0.0,0.47368421052631576,0.0,0.05263157894736842
all_selected,lh_shape_pope_layers_22_31,0.25,2250,0.75,popular,all,3000,1219,108,1392,281,0.8703333333333333,0.9186134137151469,0.8126666666666666,0.072,0.928,0.8623983020870181,0.8703333333333334,0.7456424538763519,0.44233333333333336
all_selected,lh_shape_pope_layers_22_31,0.25,2250,0.75,popular,positive,1500,1219,0,0,281,0.8126666666666666,1.0,0.8126666666666666,0.0,0.0,0.8966531813166605,0.4063333333333333,0.0,0.8126666666666666
all_selected,lh_shape_pope_layers_22_31,0.25,2250,0.75,popular,negative,1500,0,108,1392,0,0.928,0.0,0.0,0.072,0.928,0.0,0.464,0.0,0.072
all_selected,lh_shape_pope_layers_22_31,0.25,2250,0.75,popular,negative_related_present,980,0,92,888,0,0.9061224489795918,0.0,0.0,0.09387755102040816,0.9061224489795918,0.0,0.4530612244897959,0.0,0.09387755102040816
all_selected,lh_shape_pope_layers_22_31,0.25,2250,0.75,popular,negative_absent_plain,520,0,16,504,0,0.9692307692307692,0.0,0.0,0.03076923076923077,0.9692307692307692,0.0,0.4846153846153846,0.0,0.03076923076923077
all_selected,lh_shape_pope_layers_22_31,0.25,2250,0.75,random,all,3000,1219,49,1451,281,0.89,0.9613564668769716,0.8126666666666666,0.03266666666666666,0.9673333333333334,0.8807803468208093,0.89,0.7895002850241306,0.4226666666666667
all_selected,lh_shape_pope_layers_22_31,0.25,2250,0.75,random,positive,1500,1219,0,0,281,0.8126666666666666,1.0,0.8126666666666666,0.0,0.0,0.8966531813166605,0.4063333333333333,0.0,0.8126666666666666
all_selected,lh_shape_pope_layers_22_31,0.25,2250,0.75,random,negative,1500,0,49,1451,0,0.9673333333333334,0.0,0.0,0.03266666666666666,0.9673333333333334,0.0,0.4836666666666667,0.0,0.03266666666666666
all_selected,lh_shape_pope_layers_22_31,0.25,2250,0.75,random,negative_related_present,840,0,41,799,0,0.9511904761904761,0.0,0.0,0.04880952380952381,0.9511904761904761,0.0,0.47559523809523807,0.0,0.04880952380952381
all_selected,lh_shape_pope_layers_22_31,0.25,2250,0.75,random,negative_absent_plain,660,0,8,652,0,0.9878787878787879,0.0,0.0,0.012121212121212121,0.9878787878787879,0.0,0.49393939393939396,0.0,0.012121212121212121
all_selected,lh_shape_pope_layers_22_31,0.25,2250,0.75,macro,all,9000,3656,369,4131,844,0.8652222222222222,0.9083229813664596,0.8124444444444444,0.082,0.918,0.8577126099706744,0.8652222222222222,0.7345480652766225,0.44722222222222224
all_selected,lh_shape_pope_layers_22_31,0.25,2250,0.75,macro,positive,4500,3656,0,0,844,0.8124444444444444,1.0,0.8124444444444444,0.0,0.0,0.8965179009318293,0.4062222222222222,0.0,0.8124444444444444
all_selected,lh_shape_pope_layers_22_31,0.25,2250,0.75,macro,negative,4500,0,369,4131,0,0.918,0.0,0.0,0.082,0.918,0.0,0.459,0.0,0.082
all_selected,lh_shape_pope_layers_22_31,0.25,2250,0.75,macro,negative_related_present,3092,0,333,2759,0,0.8923027166882277,0.0,0.0,0.10769728331177232,0.8923027166882277,0.0,0.44615135834411385,0.0,0.10769728331177232
all_selected,lh_shape_pope_layers_22_31,0.25,2250,0.75,macro,negative_absent_plain,1408,0,36,1372,0,0.9744318181818182,0.0,0.0,0.02556818181818182,0.9744318181818182,0.0,0.4872159090909091,0.0,0.02556818181818182
base_yes_selected,lh_shape_pope_layers_22_31,0.25,1013,0.8874444444444445,adversarial,all,3000,1212,184,1316,288,0.8426666666666667,0.8681948424068768,0.808,0.12266666666666666,0.8773333333333333,0.8370165745856354,0.8426666666666667,0.6869865328026498,0.4653333333333333
base_yes_selected,lh_shape_pope_layers_22_31,0.25,1013,0.8874444444444445,adversarial,positive,1500,1212,0,0,288,0.808,1.0,0.808,0.0,0.0,0.8938053097345133,0.404,0.0,0.808
base_yes_selected,lh_shape_pope_layers_22_31,0.25,1013,0.8874444444444445,adversarial,negative,1500,0,184,1316,0,0.8773333333333333,0.0,0.0,0.12266666666666666,0.8773333333333333,0.0,0.43866666666666665,0.0,0.12266666666666666
base_yes_selected,lh_shape_pope_layers_22_31,0.25,1013,0.8874444444444445,adversarial,negative_related_present,1272,0,176,1096,0,0.8616352201257862,0.0,0.0,0.13836477987421383,0.8616352201257862,0.0,0.4308176100628931,0.0,0.13836477987421383
base_yes_selected,lh_shape_pope_layers_22_31,0.25,1013,0.8874444444444445,adversarial,negative_absent_plain,228,0,8,220,0,0.9649122807017544,0.0,0.0,0.03508771929824561,0.9649122807017544,0.0,0.4824561403508772,0.0,0.03508771929824561
base_yes_selected,lh_shape_pope_layers_22_31,0.25,1013,0.8874444444444445,popular,all,3000,1213,83,1417,287,0.8766666666666667,0.9359567901234568,0.8086666666666666,0.05533333333333333,0.9446666666666667,0.8676680972818313,0.8766666666666667,0.7603983179388965,0.432
base_yes_selected,lh_shape_pope_layers_22_31,0.25,1013,0.8874444444444445,popular,positive,1500,1213,0,0,287,0.8086666666666666,1.0,0.8086666666666666,0.0,0.0,0.8942130482860302,0.4043333333333333,0.0,0.8086666666666666
base_yes_selected,lh_shape_pope_layers_22_31,0.25,1013,0.8874444444444445,popular,negative,1500,0,83,1417,0,0.9446666666666667,0.0,0.0,0.05533333333333333,0.9446666666666667,0.0,0.4723333333333333,0.0,0.05533333333333333
base_yes_selected,lh_shape_pope_layers_22_31,0.25,1013,0.8874444444444445,popular,negative_related_present,980,0,73,907,0,0.9255102040816326,0.0,0.0,0.07448979591836735,0.9255102040816326,0.0,0.4627551020408163,0.0,0.07448979591836735
base_yes_selected,lh_shape_pope_layers_22_31,0.25,1013,0.8874444444444445,popular,negative_absent_plain,520,0,10,510,0,0.9807692307692307,0.0,0.0,0.019230769230769232,0.9807692307692307,0.0,0.49038461538461536,0.0,0.019230769230769232
base_yes_selected,lh_shape_pope_layers_22_31,0.25,1013,0.8874444444444445,random,all,3000,1213,37,1463,287,0.892,0.9704,0.8086666666666666,0.024666666666666667,0.9753333333333334,0.8821818181818182,0.892,0.7951211228485884,0.4166666666666667
base_yes_selected,lh_shape_pope_layers_22_31,0.25,1013,0.8874444444444445,random,positive,1500,1213,0,0,287,0.8086666666666666,1.0,0.8086666666666666,0.0,0.0,0.8942130482860302,0.4043333333333333,0.0,0.8086666666666666
base_yes_selected,lh_shape_pope_layers_22_31,0.25,1013,0.8874444444444445,random,negative,1500,0,37,1463,0,0.9753333333333334,0.0,0.0,0.024666666666666667,0.9753333333333334,0.0,0.4876666666666667,0.0,0.024666666666666667
base_yes_selected,lh_shape_pope_layers_22_31,0.25,1013,0.8874444444444445,random,negative_related_present,840,0,32,808,0,0.9619047619047619,0.0,0.0,0.0380952380952381,0.9619047619047619,0.0,0.48095238095238096,0.0,0.0380952380952381
base_yes_selected,lh_shape_pope_layers_22_31,0.25,1013,0.8874444444444445,random,negative_absent_plain,660,0,5,655,0,0.9924242424242424,0.0,0.0,0.007575757575757576,0.9924242424242424,0.0,0.4962121212121212,0.0,0.007575757575757576
base_yes_selected,lh_shape_pope_layers_22_31,0.25,1013,0.8874444444444445,macro,all,9000,3638,304,4196,862,0.8704444444444445,0.9228817858954845,0.8084444444444444,0.06755555555555555,0.9324444444444444,0.8618810708362946,0.8704444444444444,0.7466513815414448,0.438
base_yes_selected,lh_shape_pope_layers_22_31,0.25,1013,0.8874444444444445,macro,positive,4500,3638,0,0,862,0.8084444444444444,1.0,0.8084444444444444,0.0,0.0,0.8940771688375522,0.4042222222222222,0.0,0.8084444444444444
base_yes_selected,lh_shape_pope_layers_22_31,0.25,1013,0.8874444444444445,macro,negative,4500,0,304,4196,0,0.9324444444444444,0.0,0.0,0.06755555555555555,0.9324444444444444,0.0,0.4662222222222222,0.0,0.06755555555555555
base_yes_selected,lh_shape_pope_layers_22_31,0.25,1013,0.8874444444444445,macro,negative_related_present,3092,0,281,2811,0,0.9091203104786546,0.0,0.0,0.09087968952134541,0.9091203104786546,0.0,0.4545601552393273,0.0,0.09087968952134541
base_yes_selected,lh_shape_pope_layers_22_31,0.25,1013,0.8874444444444445,macro,negative_absent_plain,1408,0,23,1385,0,0.9836647727272727,0.0,0.0,0.016335227272727272,0.9836647727272727,0.0,0.49183238636363635,0.0,0.016335227272727272
all_selected,lh_shape_pope_layers_22_31,0.5,4500,0.5,adversarial,all,3000,1218,191,1309,282,0.8423333333333334,0.8644428672817601,0.812,0.12733333333333333,0.8726666666666667,0.8374011687865246,0.8423333333333334,0.6859300940337532,0.4696666666666667
all_selected,lh_shape_pope_layers_22_31,0.5,4500,0.5,adversarial,positive,1500,1218,0,0,282,0.812,1.0,0.812,0.0,0.0,0.8962472406181016,0.406,0.0,0.812
all_selected,lh_shape_pope_layers_22_31,0.5,4500,0.5,adversarial,negative,1500,0,191,1309,0,0.8726666666666667,0.0,0.0,0.12733333333333333,0.8726666666666667,0.0,0.43633333333333335,0.0,0.12733333333333333
all_selected,lh_shape_pope_layers_22_31,0.5,4500,0.5,adversarial,negative_related_present,1272,0,183,1089,0,0.8561320754716981,0.0,0.0,0.14386792452830188,0.8561320754716981,0.0,0.42806603773584906,0.0,0.14386792452830188
all_selected,lh_shape_pope_layers_22_31,0.5,4500,0.5,adversarial,negative_absent_plain,228,0,8,220,0,0.9649122807017544,0.0,0.0,0.03508771929824561,0.9649122807017544,0.0,0.4824561403508772,0.0,0.03508771929824561
all_selected,lh_shape_pope_layers_22_31,0.5,4500,0.5,popular,all,3000,1219,88,1412,281,0.877,0.9326702371843917,0.8126666666666666,0.058666666666666666,0.9413333333333334,0.8685429283933024,0.877,0.7603198554825001,0.43566666666666665
all_selected,lh_shape_pope_layers_22_31,0.5,4500,0.5,popular,positive,1500,1219,0,0,281,0.8126666666666666,1.0,0.8126666666666666,0.0,0.0,0.8966531813166605,0.4063333333333333,0.0,0.8126666666666666
all_selected,lh_shape_pope_layers_22_31,0.5,4500,0.5,popular,negative,1500,0,88,1412,0,0.9413333333333334,0.0,0.0,0.058666666666666666,0.9413333333333334,0.0,0.4706666666666667,0.0,0.058666666666666666
all_selected,lh_shape_pope_layers_22_31,0.5,4500,0.5,popular,negative_related_present,980,0,78,902,0,0.9204081632653062,0.0,0.0,0.07959183673469387,0.9204081632653062,0.0,0.4602040816326531,0.0,0.07959183673469387
all_selected,lh_shape_pope_layers_22_31,0.5,4500,0.5,popular,negative_absent_plain,520,0,10,510,0,0.9807692307692307,0.0,0.0,0.019230769230769232,0.9807692307692307,0.0,0.49038461538461536,0.0,0.019230769230769232
all_selected,lh_shape_pope_layers_22_31,0.5,4500,0.5,random,all,3000,1219,41,1459,281,0.8926666666666667,0.9674603174603175,0.8126666666666666,0.027333333333333334,0.9726666666666667,0.8833333333333334,0.8926666666666667,0.7955828153344341,0.42
all_selected,lh_shape_pope_layers_22_31,0.5,4500,0.5,random,positive,1500,1219,0,0,281,0.8126666666666666,1.0,0.8126666666666666,0.0,0.0,0.8966531813166605,0.4063333333333333,0.0,0.8126666666666666
all_selected,lh_shape_pope_layers_22_31,0.5,4500,0.5,random,negative,1500,0,41,1459,0,0.9726666666666667,0.0,0.0,0.027333333333333334,0.9726666666666667,0.0,0.48633333333333334,0.0,0.027333333333333334
all_selected,lh_shape_pope_layers_22_31,0.5,4500,0.5,random,negative_related_present,840,0,35,805,0,0.9583333333333334,0.0,0.0,0.041666666666666664,0.9583333333333334,0.0,0.4791666666666667,0.0,0.041666666666666664
all_selected,lh_shape_pope_layers_22_31,0.5,4500,0.5,random,negative_absent_plain,660,0,6,654,0,0.990909090909091,0.0,0.0,0.00909090909090909,0.990909090909091,0.0,0.4954545454545455,0.0,0.00909090909090909
all_selected,lh_shape_pope_layers_22_31,0.5,4500,0.5,macro,all,9000,3656,320,4180,844,0.8706666666666667,0.9195171026156942,0.8124444444444444,0.07111111111111111,0.9288888888888889,0.8626710712600283,0.8706666666666667,0.7464110131874171,0.44177777777777777
all_selected,lh_shape_pope_layers_22_31,0.5,4500,0.5,macro,positive,4500,3656,0,0,844,0.8124444444444444,1.0,0.8124444444444444,0.0,0.0,0.8965179009318293,0.4062222222222222,0.0,0.8124444444444444
all_selected,lh_shape_pope_layers_22_31,0.5,4500,0.5,macro,negative,4500,0,320,4180,0,0.9288888888888889,0.0,0.0,0.07111111111111111,0.9288888888888889,0.0,0.46444444444444444,0.0,0.07111111111111111
all_selected,lh_shape_pope_layers_22_31,0.5,4500,0.5,macro,negative_related_present,3092,0,296,2796,0,0.9042690815006468,0.0,0.0,0.09573091849935317,0.9042690815006468,0.0,0.4521345407503234,0.0,0.09573091849935317
all_selected,lh_shape_pope_layers_22_31,0.5,4500,0.5,macro,negative_absent_plain,1408,0,24,1384,0,0.9829545454545454,0.0,0.0,0.017045454545454544,0.9829545454545454,0.0,0.4914772727272727,0.0,0.017045454545454544
base_yes_selected,lh_shape_pope_layers_22_31,0.5,2025,0.775,adversarial,all,3000,1202,152,1348,298,0.85,0.8877400295420975,0.8013333333333333,0.10133333333333333,0.8986666666666666,0.8423265592151367,0.85,0.703339569801533,0.4513333333333333
base_yes_selected,lh_shape_pope_layers_22_31,0.5,2025,0.775,adversarial,positive,1500,1202,0,0,298,0.8013333333333333,1.0,0.8013333333333333,0.0,0.0,0.8897113249444856,0.40066666666666667,0.0,0.8013333333333333
base_yes_selected,lh_shape_pope_layers_22_31,0.5,2025,0.775,adversarial,negative,1500,0,152,1348,0,0.8986666666666666,0.0,0.0,0.10133333333333333,0.8986666666666666,0.0,0.4493333333333333,0.0,0.10133333333333333
base_yes_selected,lh_shape_pope_layers_22_31,0.5,2025,0.775,adversarial,negative_related_present,1272,0,145,1127,0,0.8860062893081762,0.0,0.0,0.1139937106918239,0.8860062893081762,0.0,0.4430031446540881,0.0,0.1139937106918239
base_yes_selected,lh_shape_pope_layers_22_31,0.5,2025,0.775,adversarial,negative_absent_plain,228,0,7,221,0,0.9692982456140351,0.0,0.0,0.03070175438596491,0.9692982456140351,0.0,0.48464912280701755,0.0,0.03070175438596491
base_yes_selected,lh_shape_pope_layers_22_31,0.5,2025,0.775,popular,all,3000,1202,68,1432,298,0.878,0.9464566929133859,0.8013333333333333,0.04533333333333334,0.9546666666666667,0.867870036101083,0.878,0.7650470458644176,0.42333333333333334
base_yes_selected,lh_shape_pope_layers_22_31,0.5,2025,0.775,popular,positive,1500,1202,0,0,298,0.8013333333333333,1.0,0.8013333333333333,0.0,0.0,0.8897113249444856,0.40066666666666667,0.0,0.8013333333333333
base_yes_selected,lh_shape_pope_layers_22_31,0.5,2025,0.775,popular,negative,1500,0,68,1432,0,0.9546666666666667,0.0,0.0,0.04533333333333334,0.9546666666666667,0.0,0.47733333333333333,0.0,0.04533333333333334
base_yes_selected,lh_shape_pope_layers_22_31,0.5,2025,0.775,popular,negative_related_present,980,0,60,920,0,0.9387755102040817,0.0,0.0,0.061224489795918366,0.9387755102040817,0.0,0.46938775510204084,0.0,0.061224489795918366
base_yes_selected,lh_shape_pope_layers_22_31,0.5,2025,0.775,popular,negative_absent_plain,520,0,8,512,0,0.9846153846153847,0.0,0.0,0.015384615384615385,0.9846153846153847,0.0,0.49230769230769234,0.0,0.015384615384615385
base_yes_selected,lh_shape_pope_layers_22_31,0.5,2025,0.775,random,all,3000,1202,30,1470,298,0.8906666666666667,0.9756493506493507,0.8013333333333333,0.02,0.98,0.8799414348462664,0.8906666666666667,0.7941108455523068,0.4106666666666667
base_yes_selected,lh_shape_pope_layers_22_31,0.5,2025,0.775,random,positive,1500,1202,0,0,298,0.8013333333333333,1.0,0.8013333333333333,0.0,0.0,0.8897113249444856,0.40066666666666667,0.0,0.8013333333333333
base_yes_selected,lh_shape_pope_layers_22_31,0.5,2025,0.775,random,negative,1500,0,30,1470,0,0.98,0.0,0.0,0.02,0.98,0.0,0.49,0.0,0.02
base_yes_selected,lh_shape_pope_layers_22_31,0.5,2025,0.775,random,negative_related_present,840,0,26,814,0,0.969047619047619,0.0,0.0,0.030952380952380953,0.969047619047619,0.0,0.4845238095238095,0.0,0.030952380952380953
base_yes_selected,lh_shape_pope_layers_22_31,0.5,2025,0.775,random,negative_absent_plain,660,0,4,656,0,0.9939393939393939,0.0,0.0,0.006060606060606061,0.9939393939393939,0.0,0.49696969696969695,0.0,0.006060606060606061
base_yes_selected,lh_shape_pope_layers_22_31,0.5,2025,0.775,macro,all,9000,3606,250,4250,894,0.8728888888888889,0.9351659751037344,0.8013333333333333,0.05555555555555555,0.9444444444444444,0.8630923887027286,0.8728888888888888,0.7535341853213775,0.42844444444444446
base_yes_selected,lh_shape_pope_layers_22_31,0.5,2025,0.775,macro,positive,4500,3606,0,0,894,0.8013333333333333,1.0,0.8013333333333333,0.0,0.0,0.8897113249444856,0.40066666666666667,0.0,0.8013333333333333
base_yes_selected,lh_shape_pope_layers_22_31,0.5,2025,0.775,macro,negative,4500,0,250,4250,0,0.9444444444444444,0.0,0.0,0.05555555555555555,0.9444444444444444,0.0,0.4722222222222222,0.0,0.05555555555555555
base_yes_selected,lh_shape_pope_layers_22_31,0.5,2025,0.775,macro,negative_related_present,3092,0,231,2861,0,0.9252910737386805,0.0,0.0,0.07470892626131953,0.9252910737386805,0.0,0.46264553686934023,0.0,0.07470892626131953
base_yes_selected,lh_shape_pope_layers_22_31,0.5,2025,0.775,macro,negative_absent_plain,1408,0,19,1389,0,0.9865056818181818,0.0,0.0,0.013494318181818182,0.9865056818181818,0.0,0.4932528409090909,0.0,0.013494318181818182
all_selected,lh_shape_pope_layers_22_31,0.75,6750,0.25,adversarial,all,3000,1219,152,1348,281,0.8556666666666667,0.8891320204230488,0.8126666666666666,0.10133333333333333,0.8986666666666666,0.8491814698711251,0.8556666666666666,0.7139785259604879,0.457
all_selected,lh_shape_pope_layers_22_31,0.75,6750,0.25,adversarial,positive,1500,1219,0,0,281,0.8126666666666666,1.0,0.8126666666666666,0.0,0.0,0.8966531813166605,0.4063333333333333,0.0,0.8126666666666666
all_selected,lh_shape_pope_layers_22_31,0.75,6750,0.25,adversarial,negative,1500,0,152,1348,0,0.8986666666666666,0.0,0.0,0.10133333333333333,0.8986666666666666,0.0,0.4493333333333333,0.0,0.10133333333333333
all_selected,lh_shape_pope_layers_22_31,0.75,6750,0.25,adversarial,negative_related_present,1272,0,145,1127,0,0.8860062893081762,0.0,0.0,0.1139937106918239,0.8860062893081762,0.0,0.4430031446540881,0.0,0.1139937106918239
all_selected,lh_shape_pope_layers_22_31,0.75,6750,0.25,adversarial,negative_absent_plain,228,0,7,221,0,0.9692982456140351,0.0,0.0,0.03070175438596491,0.9692982456140351,0.0,0.48464912280701755,0.0,0.03070175438596491
all_selected,lh_shape_pope_layers_22_31,0.75,6750,0.25,popular,all,3000,1219,68,1432,281,0.8836666666666667,0.9471639471639471,0.8126666666666666,0.04533333333333334,0.9546666666666667,0.8747757445281664,0.8836666666666666,0.7751885846185727,0.429
all_selected,lh_shape_pope_layers_22_31,0.75,6750,0.25,popular,positive,1500,1219,0,0,281,0.8126666666666666,1.0,0.8126666666666666,0.0,0.0,0.8966531813166605,0.4063333333333333,0.0,0.8126666666666666
all_selected,lh_shape_pope_layers_22_31,0.75,6750,0.25,popular,negative,1500,0,68,1432,0,0.9546666666666667,0.0,0.0,0.04533333333333334,0.9546666666666667,0.0,0.47733333333333333,0.0,0.04533333333333334
all_selected,lh_shape_pope_layers_22_31,0.75,6750,0.25,popular,negative_related_present,980,0,60,920,0,0.9387755102040817,0.0,0.0,0.061224489795918366,0.9387755102040817,0.0,0.46938775510204084,0.0,0.061224489795918366
all_selected,lh_shape_pope_layers_22_31,0.75,6750,0.25,popular,negative_absent_plain,520,0,8,512,0,0.9846153846153847,0.0,0.0,0.015384615384615385,0.9846153846153847,0.0,0.49230769230769234,0.0,0.015384615384615385
all_selected,lh_shape_pope_layers_22_31,0.75,6750,0.25,random,all,3000,1219,30,1470,281,0.8963333333333333,0.9759807846277022,0.8126666666666666,0.02,0.98,0.8868679519825391,0.8963333333333333,0.8040028021766263,0.41633333333333333
all_selected,lh_shape_pope_layers_22_31,0.75,6750,0.25,random,positive,1500,1219,0,0,281,0.8126666666666666,1.0,0.8126666666666666,0.0,0.0,0.8966531813166605,0.4063333333333333,0.0,0.8126666666666666
all_selected,lh_shape_pope_layers_22_31,0.75,6750,0.25,random,negative,1500,0,30,1470,0,0.98,0.0,0.0,0.02,0.98,0.0,0.49,0.0,0.02
all_selected,lh_shape_pope_layers_22_31,0.75,6750,0.25,random,negative_related_present,840,0,26,814,0,0.969047619047619,0.0,0.0,0.030952380952380953,0.969047619047619,0.0,0.4845238095238095,0.0,0.030952380952380953
all_selected,lh_shape_pope_layers_22_31,0.75,6750,0.25,random,negative_absent_plain,660,0,4,656,0,0.9939393939393939,0.0,0.0,0.006060606060606061,0.9939393939393939,0.0,0.49696969696969695,0.0,0.006060606060606061
all_selected,lh_shape_pope_layers_22_31,0.75,6750,0.25,macro,all,9000,3657,250,4250,843,0.8785555555555555,0.9360122856411569,0.8126666666666666,0.05555555555555555,0.9444444444444444,0.8699892946354227,0.8785555555555555,0.7637717482340644,0.4341111111111111
all_selected,lh_shape_pope_layers_22_31,0.75,6750,0.25,macro,positive,4500,3657,0,0,843,0.8126666666666666,1.0,0.8126666666666666,0.0,0.0,0.8966531813166605,0.4063333333333333,0.0,0.8126666666666666
all_selected,lh_shape_pope_layers_22_31,0.75,6750,0.25,macro,negative,4500,0,250,4250,0,0.9444444444444444,0.0,0.0,0.05555555555555555,0.9444444444444444,0.0,0.4722222222222222,0.0,0.05555555555555555
all_selected,lh_shape_pope_layers_22_31,0.75,6750,0.25,macro,negative_related_present,3092,0,231,2861,0,0.9252910737386805,0.0,0.0,0.07470892626131953,0.9252910737386805,0.0,0.46264553686934023,0.0,0.07470892626131953
all_selected,lh_shape_pope_layers_22_31,0.75,6750,0.25,macro,negative_absent_plain,1408,0,19,1389,0,0.9865056818181818,0.0,0.0,0.013494318181818182,0.9865056818181818,0.0,0.4932528409090909,0.0,0.013494318181818182
base_yes_selected,lh_shape_pope_layers_22_31,0.75,3037,0.6625555555555556,adversarial,all,3000,1193,140,1360,307,0.851,0.894973743435859,0.7953333333333333,0.09333333333333334,0.9066666666666666,0.8422167313801624,0.851,0.7063915517619611,0.44433333333333336
base_yes_selected,lh_shape_pope_layers_22_31,0.75,3037,0.6625555555555556,adversarial,positive,1500,1193,0,0,307,0.7953333333333333,1.0,0.7953333333333333,0.0,0.0,0.8860007426661716,0.39766666666666667,0.0,0.7953333333333333
base_yes_selected,lh_shape_pope_layers_22_31,0.75,3037,0.6625555555555556,adversarial,negative,1500,0,140,1360,0,0.9066666666666666,0.0,0.0,0.09333333333333334,0.9066666666666666,0.0,0.4533333333333333,0.0,0.09333333333333334
base_yes_selected,lh_shape_pope_layers_22_31,0.75,3037,0.6625555555555556,adversarial,negative_related_present,1272,0,134,1138,0,0.8946540880503144,0.0,0.0,0.10534591194968554,0.8946540880503144,0.0,0.4473270440251572,0.0,0.10534591194968554
base_yes_selected,lh_shape_pope_layers_22_31,0.75,3037,0.6625555555555556,adversarial,negative_absent_plain,228,0,6,222,0,0.9736842105263158,0.0,0.0,0.02631578947368421,0.9736842105263158,0.0,0.4868421052631579,0.0,0.02631578947368421
base_yes_selected,lh_shape_pope_layers_22_31,0.75,3037,0.6625555555555556,popular,all,3000,1194,63,1437,306,0.877,0.9498806682577565,0.796,0.042,0.958,0.8661588683351469,0.877,0.7640930905726349,0.419
base_yes_selected,lh_shape_pope_layers_22_31,0.75,3037,0.6625555555555556,popular,positive,1500,1194,0,0,306,0.796,1.0,0.796,0.0,0.0,0.8864142538975501,0.398,0.0,0.796
base_yes_selected,lh_shape_pope_layers_22_31,0.75,3037,0.6625555555555556,popular,negative,1500,0,63,1437,0,0.958,0.0,0.0,0.042,0.958,0.0,0.479,0.0,0.042
base_yes_selected,lh_shape_pope_layers_22_31,0.75,3037,0.6625555555555556,popular,negative_related_present,980,0,56,924,0,0.9428571428571428,0.0,0.0,0.05714285714285714,0.9428571428571428,0.0,0.4714285714285714,0.0,0.05714285714285714
base_yes_selected,lh_shape_pope_layers_22_31,0.75,3037,0.6625555555555556,popular,negative_absent_plain,520,0,7,513,0,0.9865384615384616,0.0,0.0,0.013461538461538462,0.9865384615384616,0.0,0.4932692307692308,0.0,0.013461538461538462
base_yes_selected,lh_shape_pope_layers_22_31,0.75,3037,0.6625555555555556,random,all,3000,1194,28,1472,306,0.8886666666666667,0.9770867430441899,0.796,0.018666666666666668,0.9813333333333333,0.8772961058045555,0.8886666666666667,0.7910374944643964,0.4073333333333333
base_yes_selected,lh_shape_pope_layers_22_31,0.75,3037,0.6625555555555556,random,positive,1500,1194,0,0,306,0.796,1.0,0.796,0.0,0.0,0.8864142538975501,0.398,0.0,0.796
base_yes_selected,lh_shape_pope_layers_22_31,0.75,3037,0.6625555555555556,random,negative,1500,0,28,1472,0,0.9813333333333333,0.0,0.0,0.018666666666666668,0.9813333333333333,0.0,0.49066666666666664,0.0,0.018666666666666668
base_yes_selected,lh_shape_pope_layers_22_31,0.75,3037,0.6625555555555556,random,negative_related_present,840,0,24,816,0,0.9714285714285714,0.0,0.0,0.02857142857142857,0.9714285714285714,0.0,0.4857142857142857,0.0,0.02857142857142857
base_yes_selected,lh_shape_pope_layers_22_31,0.75,3037,0.6625555555555556,random,negative_absent_plain,660,0,4,656,0,0.9939393939393939,0.0,0.0,0.006060606060606061,0.9939393939393939,0.0,0.49696969696969695,0.0,0.006060606060606061
base_yes_selected,lh_shape_pope_layers_22_31,0.75,3037,0.6625555555555556,macro,all,9000,3581,231,4269,919,0.8722222222222222,0.939401888772298,0.7957777777777778,0.051333333333333335,0.9486666666666667,0.861645813282002,0.8722222222222222,0.7533007110133778,0.4235555555555556
base_yes_selected,lh_shape_pope_layers_22_31,0.75,3037,0.6625555555555556,macro,positive,4500,3581,0,0,919,0.7957777777777778,1.0,0.7957777777777778,0.0,0.0,0.8862764509342903,0.3978888888888889,0.0,0.7957777777777778
base_yes_selected,lh_shape_pope_layers_22_31,0.75,3037,0.6625555555555556,macro,negative,4500,0,231,4269,0,0.9486666666666667,0.0,0.0,0.051333333333333335,0.9486666666666667,0.0,0.47433333333333333,0.0,0.051333333333333335
base_yes_selected,lh_shape_pope_layers_22_31,0.75,3037,0.6625555555555556,macro,negative_related_present,3092,0,214,2878,0,0.9307891332470892,0.0,0.0,0.06921086675291074,0.9307891332470892,0.0,0.4653945666235446,0.0,0.06921086675291074
base_yes_selected,lh_shape_pope_layers_22_31,0.75,3037,0.6625555555555556,macro,negative_absent_plain,1408,0,17,1391,0,0.9879261363636364,0.0,0.0,0.012073863636363636,0.9879261363636364,0.0,0.4939630681818182,0.0,0.012073863636363636
all_selected,lh_shape_pope_layers_22_31,1.0,9000,0.0,adversarial,all,3000,1209,139,1361,291,0.8566666666666667,0.8968842729970327,0.806,0.09266666666666666,0.9073333333333333,0.8490168539325843,0.8566666666666667,0.717024194183559,0.4493333333333333
all_selected,lh_shape_pope_layers_22_31,1.0,9000,0.0,adversarial,positive,1500,1209,0,0,291,0.806,1.0,0.806,0.0,0.0,0.8925802879291251,0.403,0.0,0.806
all_selected,lh_shape_pope_layers_22_31,1.0,9000,0.0,adversarial,negative,1500,0,139,1361,0,0.9073333333333333,0.0,0.0,0.09266666666666666,0.9073333333333333,0.0,0.45366666666666666,0.0,0.09266666666666666
all_selected,lh_shape_pope_layers_22_31,1.0,9000,0.0,adversarial,negative_related_present,1272,0,133,1139,0,0.8954402515723271,0.0,0.0,0.10455974842767296,0.8954402515723271,0.0,0.44772012578616355,0.0,0.10455974842767296
all_selected,lh_shape_pope_layers_22_31,1.0,9000,0.0,adversarial,negative_absent_plain,228,0,6,222,0,0.9736842105263158,0.0,0.0,0.02631578947368421,0.9736842105263158,0.0,0.4868421052631579,0.0,0.02631578947368421
all_selected,lh_shape_pope_layers_22_31,1.0,9000,0.0,popular,all,3000,1210,63,1437,290,0.8823333333333333,0.950510604870385,0.8066666666666666,0.042,0.958,0.8727010457987739,0.8823333333333333,0.7735761066657176,0.42433333333333334
all_selected,lh_shape_pope_layers_22_31,1.0,9000,0.0,popular,positive,1500,1210,0,0,290,0.8066666666666666,1.0,0.8066666666666666,0.0,0.0,0.8929889298892989,0.4033333333333333,0.0,0.8066666666666666
all_selected,lh_shape_pope_layers_22_31,1.0,9000,0.0,popular,negative,1500,0,63,1437,0,0.958,0.0,0.0,0.042,0.958,0.0,0.479,0.0,0.042
all_selected,lh_shape_pope_layers_22_31,1.0,9000,0.0,popular,negative_related_present,980,0,56,924,0,0.9428571428571428,0.0,0.0,0.05714285714285714,0.9428571428571428,0.0,0.4714285714285714,0.0,0.05714285714285714
all_selected,lh_shape_pope_layers_22_31,1.0,9000,0.0,popular,negative_absent_plain,520,0,7,513,0,0.9865384615384616,0.0,0.0,0.013461538461538462,0.9865384615384616,0.0,0.4932692307692308,0.0,0.013461538461538462
all_selected,lh_shape_pope_layers_22_31,1.0,9000,0.0,random,all,3000,1210,29,1471,290,0.8936666666666667,0.976594027441485,0.8066666666666666,0.019333333333333334,0.9806666666666667,0.8835341365461847,0.8936666666666666,0.7995296362896048,0.413
all_selected,lh_shape_pope_layers_22_31,1.0,9000,0.0,random,positive,1500,1210,0,0,290,0.8066666666666666,1.0,0.8066666666666666,0.0,0.0,0.8929889298892989,0.4033333333333333,0.0,0.8066666666666666
all_selected,lh_shape_pope_layers_22_31,1.0,9000,0.0,random,negative,1500,0,29,1471,0,0.9806666666666667,0.0,0.0,0.019333333333333334,0.9806666666666667,0.0,0.49033333333333334,0.0,0.019333333333333334
all_selected,lh_shape_pope_layers_22_31,1.0,9000,0.0,random,negative_related_present,840,0,25,815,0,0.9702380952380952,0.0,0.0,0.02976190476190476,0.9702380952380952,0.0,0.4851190476190476,0.0,0.02976190476190476
all_selected,lh_shape_pope_layers_22_31,1.0,9000,0.0,random,negative_absent_plain,660,0,4,656,0,0.9939393939393939,0.0,0.0,0.006060606060606061,0.9939393939393939,0.0,0.49696969696969695,0.0,0.006060606060606061
all_selected,lh_shape_pope_layers_22_31,1.0,9000,0.0,macro,all,9000,3629,231,4269,871,0.8775555555555555,0.9401554404145078,0.8064444444444444,0.051333333333333335,0.9486666666666667,0.8681818181818183,0.8775555555555555,0.7628658302177469,0.4288888888888889
all_selected,lh_shape_pope_layers_22_31,1.0,9000,0.0,macro,positive,4500,3629,0,0,871,0.8064444444444444,1.0,0.8064444444444444,0.0,0.0,0.8928527494156723,0.4032222222222222,0.0,0.8064444444444444
all_selected,lh_shape_pope_layers_22_31,1.0,9000,0.0,macro,negative,4500,0,231,4269,0,0.9486666666666667,0.0,0.0,0.051333333333333335,0.9486666666666667,0.0,0.47433333333333333,0.0,0.051333333333333335
all_selected,lh_shape_pope_layers_22_31,1.0,9000,0.0,macro,negative_related_present,3092,0,214,2878,0,0.9307891332470892,0.0,0.0,0.06921086675291074,0.9307891332470892,0.0,0.4653945666235446,0.0,0.06921086675291074
all_selected,lh_shape_pope_layers_22_31,1.0,9000,0.0,macro,negative_absent_plain,1408,0,17,1391,0,0.9879261363636364,0.0,0.0,0.012073863636363636,0.9879261363636364,0.0,0.4939630681818182,0.0,0.012073863636363636
base_yes_selected,lh_shape_pope_layers_22_31,1.0,4049,0.5501111111111111,adversarial,all,3000,1189,138,1362,311,0.8503333333333334,0.8960060286360211,0.7926666666666666,0.092,0.908,0.841174389812522,0.8503333333333334,0.7053737344950908,0.44233333333333336
base_yes_selected,lh_shape_pope_layers_22_31,1.0,4049,0.5501111111111111,adversarial,positive,1500,1189,0,0,311,0.7926666666666666,1.0,0.7926666666666666,0.0,0.0,0.8843436221643733,0.3963333333333333,0.0,0.7926666666666666
base_yes_selected,lh_shape_pope_layers_22_31,1.0,4049,0.5501111111111111,adversarial,negative,1500,0,138,1362,0,0.908,0.0,0.0,0.092,0.908,0.0,0.454,0.0,0.092
base_yes_selected,lh_shape_pope_layers_22_31,1.0,4049,0.5501111111111111,adversarial,negative_related_present,1272,0,132,1140,0,0.8962264150943396,0.0,0.0,0.10377358490566038,0.8962264150943396,0.0,0.4481132075471698,0.0,0.10377358490566038
base_yes_selected,lh_shape_pope_layers_22_31,1.0,4049,0.5501111111111111,adversarial,negative_absent_plain,228,0,6,222,0,0.9736842105263158,0.0,0.0,0.02631578947368421,0.9736842105263158,0.0,0.4868421052631579,0.0,0.02631578947368421
base_yes_selected,lh_shape_pope_layers_22_31,1.0,4049,0.5501111111111111,popular,all,3000,1190,63,1437,310,0.8756666666666667,0.9497206703910615,0.7933333333333333,0.042,0.958,0.8645114420632037,0.8756666666666666,0.761731522180919,0.4176666666666667
base_yes_selected,lh_shape_pope_layers_22_31,1.0,4049,0.5501111111111111,popular,positive,1500,1190,0,0,310,0.7933333333333333,1.0,0.7933333333333333,0.0,0.0,0.8847583643122676,0.39666666666666667,0.0,0.7933333333333333
base_yes_selected,lh_shape_pope_layers_22_31,1.0,4049,0.5501111111111111,popular,negative,1500,0,63,1437,0,0.958,0.0,0.0,0.042,0.958,0.0,0.479,0.0,0.042
base_yes_selected,lh_shape_pope_layers_22_31,1.0,4049,0.5501111111111111,popular,negative_related_present,980,0,56,924,0,0.9428571428571428,0.0,0.0,0.05714285714285714,0.9428571428571428,0.0,0.4714285714285714,0.0,0.05714285714285714
base_yes_selected,lh_shape_pope_layers_22_31,1.0,4049,0.5501111111111111,popular,negative_absent_plain,520,0,7,513,0,0.9865384615384616,0.0,0.0,0.013461538461538462,0.9865384615384616,0.0,0.4932692307692308,0.0,0.013461538461538462
base_yes_selected,lh_shape_pope_layers_22_31,1.0,4049,0.5501111111111111,random,all,3000,1190,28,1472,310,0.8873333333333333,0.9770114942528736,0.7933333333333333,0.018666666666666668,0.9813333333333333,0.8756438557763062,0.8873333333333333,0.7887304979148512,0.406
base_yes_selected,lh_shape_pope_layers_22_31,1.0,4049,0.5501111111111111,random,positive,1500,1190,0,0,310,0.7933333333333333,1.0,0.7933333333333333,0.0,0.0,0.8847583643122676,0.39666666666666667,0.0,0.7933333333333333
base_yes_selected,lh_shape_pope_layers_22_31,1.0,4049,0.5501111111111111,random,negative,1500,0,28,1472,0,0.9813333333333333,0.0,0.0,0.018666666666666668,0.9813333333333333,0.0,0.49066666666666664,0.0,0.018666666666666668
base_yes_selected,lh_shape_pope_layers_22_31,1.0,4049,0.5501111111111111,random,negative_related_present,840,0,24,816,0,0.9714285714285714,0.0,0.0,0.02857142857142857,0.9714285714285714,0.0,0.4857142857142857,0.0,0.02857142857142857
base_yes_selected,lh_shape_pope_layers_22_31,1.0,4049,0.5501111111111111,random,negative_absent_plain,660,0,4,656,0,0.9939393939393939,0.0,0.0,0.006060606060606061,0.9939393939393939,0.0,0.49696969696969695,0.0,0.006060606060606061
base_yes_selected,lh_shape_pope_layers_22_31,1.0,4049,0.5501111111111111,macro,all,9000,3569,229,4271,931,0.8711111111111111,0.9397051079515535,0.7931111111111111,0.050888888888888886,0.9491111111111111,0.8602072788623765,0.8711111111111112,0.7514218383476658,0.422
base_yes_selected,lh_shape_pope_layers_22_31,1.0,4049,0.5501111111111111,macro,positive,4500,3569,0,0,931,0.7931111111111111,1.0,0.7931111111111111,0.0,0.0,0.8846201511959351,0.39655555555555555,0.0,0.7931111111111111
base_yes_selected,lh_shape_pope_layers_22_31,1.0,4049,0.5501111111111111,macro,negative,4500,0,229,4271,0,0.9491111111111111,0.0,0.0,0.050888888888888886,0.9491111111111111,0.0,0.47455555555555556,0.0,0.050888888888888886
base_yes_selected,lh_shape_pope_layers_22_31,1.0,4049,0.5501111111111111,macro,negative_related_present,3092,0,212,2880,0,0.9314359637774903,0.0,0.0,0.0685640362225097,0.9314359637774903,0.0,0.46571798188874514,0.0,0.0685640362225097
base_yes_selected,lh_shape_pope_layers_22_31,1.0,4049,0.5501111111111111,macro,negative_absent_plain,1408,0,17,1391,0,0.9879261363636364,0.0,0.0,0.012073863636363636,0.9879261363636364,0.0,0.4939630681818182,0.0,0.012073863636363636
vanilla_base,lh_shape_pope_layers_31,0.0,0,1.0,adversarial,all,3000,1218,220,1280,282,0.8326666666666667,0.847009735744089,0.812,0.14666666666666667,0.8533333333333334,0.829135466303608,0.8326666666666667,0.6659024051264104,0.47933333333333333
vanilla_base,lh_shape_pope_layers_31,0.0,0,1.0,adversarial,positive,1500,1218,0,0,282,0.812,1.0,0.812,0.0,0.0,0.8962472406181016,0.406,0.0,0.812
vanilla_base,lh_shape_pope_layers_31,0.0,0,1.0,adversarial,negative,1500,0,220,1280,0,0.8533333333333334,0.0,0.0,0.14666666666666667,0.8533333333333334,0.0,0.4266666666666667,0.0,0.14666666666666667
vanilla_base,lh_shape_pope_layers_31,0.0,0,1.0,adversarial,negative_related_present,1272,0,208,1064,0,0.8364779874213837,0.0,0.0,0.16352201257861634,0.8364779874213837,0.0,0.41823899371069184,0.0,0.16352201257861634
vanilla_base,lh_shape_pope_layers_31,0.0,0,1.0,adversarial,negative_absent_plain,228,0,12,216,0,0.9473684210526315,0.0,0.0,0.05263157894736842,0.9473684210526315,0.0,0.47368421052631576,0.0,0.05263157894736842
vanilla_base,lh_shape_pope_layers_31,0.0,0,1.0,popular,all,3000,1220,116,1384,280,0.868,0.9131736526946108,0.8133333333333334,0.07733333333333334,0.9226666666666666,0.8603667136812412,0.868,0.7404388256548138,0.44533333333333336
vanilla_base,lh_shape_pope_layers_31,0.0,0,1.0,popular,positive,1500,1220,0,0,280,0.8133333333333334,1.0,0.8133333333333334,0.0,0.0,0.8970588235294117,0.4066666666666667,0.0,0.8133333333333334
vanilla_base,lh_shape_pope_layers_31,0.0,0,1.0,popular,negative,1500,0,116,1384,0,0.9226666666666666,0.0,0.0,0.07733333333333334,0.9226666666666666,0.0,0.4613333333333333,0.0,0.07733333333333334
vanilla_base,lh_shape_pope_layers_31,0.0,0,1.0,popular,negative_related_present,980,0,98,882,0,0.9,0.0,0.0,0.1,0.9,0.0,0.45,0.0,0.1
vanilla_base,lh_shape_pope_layers_31,0.0,0,1.0,popular,negative_absent_plain,520,0,18,502,0,0.9653846153846154,0.0,0.0,0.03461538461538462,0.9653846153846154,0.0,0.4826923076923077,0.0,0.03461538461538462
vanilla_base,lh_shape_pope_layers_31,0.0,0,1.0,random,all,3000,1220,55,1445,280,0.8883333333333333,0.9568627450980393,0.8133333333333334,0.03666666666666667,0.9633333333333334,0.8792792792792793,0.8883333333333334,0.7855544321322164,0.425
vanilla_base,lh_shape_pope_layers_31,0.0,0,1.0,random,positive,1500,1220,0,0,280,0.8133333333333334,1.0,0.8133333333333334,0.0,0.0,0.8970588235294117,0.4066666666666667,0.0,0.8133333333333334
vanilla_base,lh_shape_pope_layers_31,0.0,0,1.0,random,negative,1500,0,55,1445,0,0.9633333333333334,0.0,0.0,0.03666666666666667,0.9633333333333334,0.0,0.4816666666666667,0.0,0.03666666666666667
vanilla_base,lh_shape_pope_layers_31,0.0,0,1.0,random,negative_related_present,840,0,46,794,0,0.9452380952380952,0.0,0.0,0.05476190476190476,0.9452380952380952,0.0,0.4726190476190476,0.0,0.05476190476190476
vanilla_base,lh_shape_pope_layers_31,0.0,0,1.0,random,negative_absent_plain,660,0,9,651,0,0.9863636363636363,0.0,0.0,0.013636363636363636,0.9863636363636363,0.0,0.49318181818181817,0.0,0.013636363636363636
vanilla_base,lh_shape_pope_layers_31,0.0,0,1.0,macro,all,9000,3658,391,4109,842,0.863,0.9034329464065202,0.8128888888888889,0.08688888888888889,0.9131111111111111,0.855772604983039,0.863,0.729673851023138,0.4498888888888889
vanilla_base,lh_shape_pope_layers_31,0.0,0,1.0,macro,positive,4500,3658,0,0,842,0.8128888888888889,1.0,0.8128888888888889,0.0,0.0,0.8967884285364061,0.40644444444444444,0.0,0.8128888888888889
vanilla_base,lh_shape_pope_layers_31,0.0,0,1.0,macro,negative,4500,0,391,4109,0,0.9131111111111111,0.0,0.0,0.08688888888888889,0.9131111111111111,0.0,0.45655555555555555,0.0,0.08688888888888889
vanilla_base,lh_shape_pope_layers_31,0.0,0,1.0,macro,negative_related_present,3092,0,352,2740,0,0.8861578266494179,0.0,0.0,0.11384217335058215,0.8861578266494179,0.0,0.44307891332470895,0.0,0.11384217335058215
vanilla_base,lh_shape_pope_layers_31,0.0,0,1.0,macro,negative_absent_plain,1408,0,39,1369,0,0.9723011363636364,0.0,0.0,0.027698863636363636,0.9723011363636364,0.0,0.4861505681818182,0.0,0.027698863636363636
full_tdev,lh_shape_pope_layers_31,1.0,9000,0.0,adversarial,all,3000,1209,139,1361,291,0.8566666666666667,0.8968842729970327,0.806,0.09266666666666666,0.9073333333333333,0.8490168539325843,0.8566666666666667,0.717024194183559,0.4493333333333333
full_tdev,lh_shape_pope_layers_31,1.0,9000,0.0,adversarial,positive,1500,1209,0,0,291,0.806,1.0,0.806,0.0,0.0,0.8925802879291251,0.403,0.0,0.806
full_tdev,lh_shape_pope_layers_31,1.0,9000,0.0,adversarial,negative,1500,0,139,1361,0,0.9073333333333333,0.0,0.0,0.09266666666666666,0.9073333333333333,0.0,0.45366666666666666,0.0,0.09266666666666666
full_tdev,lh_shape_pope_layers_31,1.0,9000,0.0,adversarial,negative_related_present,1272,0,133,1139,0,0.8954402515723271,0.0,0.0,0.10455974842767296,0.8954402515723271,0.0,0.44772012578616355,0.0,0.10455974842767296
full_tdev,lh_shape_pope_layers_31,1.0,9000,0.0,adversarial,negative_absent_plain,228,0,6,222,0,0.9736842105263158,0.0,0.0,0.02631578947368421,0.9736842105263158,0.0,0.4868421052631579,0.0,0.02631578947368421
full_tdev,lh_shape_pope_layers_31,1.0,9000,0.0,popular,all,3000,1210,63,1437,290,0.8823333333333333,0.950510604870385,0.8066666666666666,0.042,0.958,0.8727010457987739,0.8823333333333333,0.7735761066657176,0.42433333333333334
full_tdev,lh_shape_pope_layers_31,1.0,9000,0.0,popular,positive,1500,1210,0,0,290,0.8066666666666666,1.0,0.8066666666666666,0.0,0.0,0.8929889298892989,0.4033333333333333,0.0,0.8066666666666666
full_tdev,lh_shape_pope_layers_31,1.0,9000,0.0,popular,negative,1500,0,63,1437,0,0.958,0.0,0.0,0.042,0.958,0.0,0.479,0.0,0.042
full_tdev,lh_shape_pope_layers_31,1.0,9000,0.0,popular,negative_related_present,980,0,56,924,0,0.9428571428571428,0.0,0.0,0.05714285714285714,0.9428571428571428,0.0,0.4714285714285714,0.0,0.05714285714285714
full_tdev,lh_shape_pope_layers_31,1.0,9000,0.0,popular,negative_absent_plain,520,0,7,513,0,0.9865384615384616,0.0,0.0,0.013461538461538462,0.9865384615384616,0.0,0.4932692307692308,0.0,0.013461538461538462
full_tdev,lh_shape_pope_layers_31,1.0,9000,0.0,random,all,3000,1210,29,1471,290,0.8936666666666667,0.976594027441485,0.8066666666666666,0.019333333333333334,0.9806666666666667,0.8835341365461847,0.8936666666666666,0.7995296362896048,0.413
full_tdev,lh_shape_pope_layers_31,1.0,9000,0.0,random,positive,1500,1210,0,0,290,0.8066666666666666,1.0,0.8066666666666666,0.0,0.0,0.8929889298892989,0.4033333333333333,0.0,0.8066666666666666
full_tdev,lh_shape_pope_layers_31,1.0,9000,0.0,random,negative,1500,0,29,1471,0,0.9806666666666667,0.0,0.0,0.019333333333333334,0.9806666666666667,0.0,0.49033333333333334,0.0,0.019333333333333334
full_tdev,lh_shape_pope_layers_31,1.0,9000,0.0,random,negative_related_present,840,0,25,815,0,0.9702380952380952,0.0,0.0,0.02976190476190476,0.9702380952380952,0.0,0.4851190476190476,0.0,0.02976190476190476
full_tdev,lh_shape_pope_layers_31,1.0,9000,0.0,random,negative_absent_plain,660,0,4,656,0,0.9939393939393939,0.0,0.0,0.006060606060606061,0.9939393939393939,0.0,0.49696969696969695,0.0,0.006060606060606061
full_tdev,lh_shape_pope_layers_31,1.0,9000,0.0,macro,all,9000,3629,231,4269,871,0.8775555555555555,0.9401554404145078,0.8064444444444444,0.051333333333333335,0.9486666666666667,0.8681818181818183,0.8775555555555555,0.7628658302177469,0.4288888888888889
full_tdev,lh_shape_pope_layers_31,1.0,9000,0.0,macro,positive,4500,3629,0,0,871,0.8064444444444444,1.0,0.8064444444444444,0.0,0.0,0.8928527494156723,0.4032222222222222,0.0,0.8064444444444444
full_tdev,lh_shape_pope_layers_31,1.0,9000,0.0,macro,negative,4500,0,231,4269,0,0.9486666666666667,0.0,0.0,0.051333333333333335,0.9486666666666667,0.0,0.47433333333333333,0.0,0.051333333333333335
full_tdev,lh_shape_pope_layers_31,1.0,9000,0.0,macro,negative_related_present,3092,0,214,2878,0,0.9307891332470892,0.0,0.0,0.06921086675291074,0.9307891332470892,0.0,0.4653945666235446,0.0,0.06921086675291074
full_tdev,lh_shape_pope_layers_31,1.0,9000,0.0,macro,negative_absent_plain,1408,0,17,1391,0,0.9879261363636364,0.0,0.0,0.012073863636363636,0.9879261363636364,0.0,0.4939630681818182,0.0,0.012073863636363636
all_selected,lh_shape_pope_layers_31,0.1,900,0.9,adversarial,all,3000,1219,219,1281,281,0.8333333333333334,0.8477051460361613,0.8126666666666666,0.146,0.854,0.8298162014976175,0.8333333333333333,0.6672368788841788,0.47933333333333333
all_selected,lh_shape_pope_layers_31,0.1,900,0.9,adversarial,positive,1500,1219,0,0,281,0.8126666666666666,1.0,0.8126666666666666,0.0,0.0,0.8966531813166605,0.4063333333333333,0.0,0.8126666666666666
all_selected,lh_shape_pope_layers_31,0.1,900,0.9,adversarial,negative,1500,0,219,1281,0,0.854,0.0,0.0,0.146,0.854,0.0,0.427,0.0,0.146
all_selected,lh_shape_pope_layers_31,0.1,900,0.9,adversarial,negative_related_present,1272,0,207,1065,0,0.8372641509433962,0.0,0.0,0.16273584905660377,0.8372641509433962,0.0,0.4186320754716981,0.0,0.16273584905660377
all_selected,lh_shape_pope_layers_31,0.1,900,0.9,adversarial,negative_absent_plain,228,0,12,216,0,0.9473684210526315,0.0,0.0,0.05263157894736842,0.9473684210526315,0.0,0.47368421052631576,0.0,0.05263157894736842
all_selected,lh_shape_pope_layers_31,0.1,900,0.9,popular,all,3000,1221,113,1387,279,0.8693333333333333,0.9152923538230885,0.814,0.07533333333333334,0.9246666666666666,0.8616796047988708,0.8693333333333333,0.7432319093739336,0.44466666666666665
all_selected,lh_shape_pope_layers_31,0.1,900,0.9,popular,positive,1500,1221,0,0,279,0.814,1.0,0.814,0.0,0.0,0.8974641675854464,0.407,0.0,0.814
all_selected,lh_shape_pope_layers_31,0.1,900,0.9,popular,negative,1500,0,113,1387,0,0.9246666666666666,0.0,0.0,0.07533333333333334,0.9246666666666666,0.0,0.4623333333333333,0.0,0.07533333333333334
all_selected,lh_shape_pope_layers_31,0.1,900,0.9,popular,negative_related_present,980,0,96,884,0,0.9020408163265307,0.0,0.0,0.09795918367346938,0.9020408163265307,0.0,0.45102040816326533,0.0,0.09795918367346938
all_selected,lh_shape_pope_layers_31,0.1,900,0.9,popular,negative_absent_plain,520,0,17,503,0,0.9673076923076923,0.0,0.0,0.032692307692307694,0.9673076923076923,0.0,0.48365384615384616,0.0,0.032692307692307694
all_selected,lh_shape_pope_layers_31,0.1,900,0.9,random,all,3000,1221,54,1446,279,0.889,0.9576470588235294,0.814,0.036,0.964,0.88,0.889,0.7869030234320142,0.425
all_selected,lh_shape_pope_layers_31,0.1,900,0.9,random,positive,1500,1221,0,0,279,0.814,1.0,0.814,0.0,0.0,0.8974641675854464,0.407,0.0,0.814
all_selected,lh_shape_pope_layers_31,0.1,900,0.9,random,negative,1500,0,54,1446,0,0.964,0.0,0.0,0.036,0.964,0.0,0.482,0.0,0.036
all_selected,lh_shape_pope_layers_31,0.1,900,0.9,random,negative_related_present,840,0,45,795,0,0.9464285714285714,0.0,0.0,0.05357142857142857,0.9464285714285714,0.0,0.4732142857142857,0.0,0.05357142857142857
all_selected,lh_shape_pope_layers_31,0.1,900,0.9,random,negative_absent_plain,660,0,9,651,0,0.9863636363636363,0.0,0.0,0.013636363636363636,0.9863636363636363,0.0,0.49318181818181817,0.0,0.013636363636363636
all_selected,lh_shape_pope_layers_31,0.1,900,0.9,macro,all,9000,3661,386,4114,839,0.8638888888888889,0.9046207066963182,0.8135555555555556,0.08577777777777777,0.9142222222222223,0.8566748566748568,0.8638888888888889,0.7314936124669362,0.44966666666666666
all_selected,lh_shape_pope_layers_31,0.1,900,0.9,macro,positive,4500,3661,0,0,839,0.8135555555555556,1.0,0.8135555555555556,0.0,0.0,0.8971939713270433,0.4067777777777778,0.0,0.8135555555555556
all_selected,lh_shape_pope_layers_31,0.1,900,0.9,macro,negative,4500,0,386,4114,0,0.9142222222222223,0.0,0.0,0.08577777777777777,0.9142222222222223,0.0,0.45711111111111113,0.0,0.08577777777777777
all_selected,lh_shape_pope_layers_31,0.1,900,0.9,macro,negative_related_present,3092,0,348,2744,0,0.88745148771022,0.0,0.0,0.11254851228978008,0.88745148771022,0.0,0.44372574385511,0.0,0.11254851228978008
all_selected,lh_shape_pope_layers_31,0.1,900,0.9,macro,negative_absent_plain,1408,0,38,1370,0,0.9730113636363636,0.0,0.0,0.026988636363636364,0.9730113636363636,0.0,0.4865056818181818,0.0,0.026988636363636364
base_yes_selected,lh_shape_pope_layers_31,0.1,405,0.955,adversarial,all,3000,1218,207,1293,282,0.837,0.8547368421052631,0.812,0.138,0.862,0.832820512820513,0.837,0.674844082985731,0.475
base_yes_selected,lh_shape_pope_layers_31,0.1,405,0.955,adversarial,positive,1500,1218,0,0,282,0.812,1.0,0.812,0.0,0.0,0.8962472406181016,0.406,0.0,0.812
base_yes_selected,lh_shape_pope_layers_31,0.1,405,0.955,adversarial,negative,1500,0,207,1293,0,0.862,0.0,0.0,0.138,0.862,0.0,0.431,0.0,0.138
base_yes_selected,lh_shape_pope_layers_31,0.1,405,0.955,adversarial,negative_related_present,1272,0,196,1076,0,0.8459119496855346,0.0,0.0,0.1540880503144654,0.8459119496855346,0.0,0.4229559748427673,0.0,0.1540880503144654
base_yes_selected,lh_shape_pope_layers_31,0.1,405,0.955,adversarial,negative_absent_plain,228,0,11,217,0,0.9517543859649122,0.0,0.0,0.04824561403508772,0.9517543859649122,0.0,0.4758771929824561,0.0,0.04824561403508772
base_yes_selected,lh_shape_pope_layers_31,0.1,405,0.955,popular,all,3000,1219,102,1398,281,0.8723333333333333,0.9227857683573051,0.8126666666666666,0.068,0.932,0.8642325416518964,0.8723333333333334,0.7500261684973025,0.44033333333333335
base_yes_selected,lh_shape_pope_layers_31,0.1,405,0.955,popular,positive,1500,1219,0,0,281,0.8126666666666666,1.0,0.8126666666666666,0.0,0.0,0.8966531813166605,0.4063333333333333,0.0,0.8126666666666666
base_yes_selected,lh_shape_pope_layers_31,0.1,405,0.955,popular,negative,1500,0,102,1398,0,0.932,0.0,0.0,0.068,0.932,0.0,0.466,0.0,0.068
base_yes_selected,lh_shape_pope_layers_31,0.1,405,0.955,popular,negative_related_present,980,0,88,892,0,0.9102040816326531,0.0,0.0,0.08979591836734693,0.9102040816326531,0.0,0.45510204081632655,0.0,0.08979591836734693
base_yes_selected,lh_shape_pope_layers_31,0.1,405,0.955,popular,negative_absent_plain,520,0,14,506,0,0.9730769230769231,0.0,0.0,0.026923076923076925,0.9730769230769231,0.0,0.48653846153846153,0.0,0.026923076923076925
base_yes_selected,lh_shape_pope_layers_31,0.1,405,0.955,random,all,3000,1219,46,1454,281,0.891,0.9636363636363636,0.8126666666666666,0.030666666666666665,0.9693333333333334,0.8817359855334539,0.891,0.7917772330623766,0.4216666666666667
base_yes_selected,lh_shape_pope_layers_31,0.1,405,0.955,random,positive,1500,1219,0,0,281,0.8126666666666666,1.0,0.8126666666666666,0.0,0.0,0.8966531813166605,0.4063333333333333,0.0,0.8126666666666666
base_yes_selected,lh_shape_pope_layers_31,0.1,405,0.955,random,negative,1500,0,46,1454,0,0.9693333333333334,0.0,0.0,0.030666666666666665,0.9693333333333334,0.0,0.4846666666666667,0.0,0.030666666666666665
base_yes_selected,lh_shape_pope_layers_31,0.1,405,0.955,random,negative_related_present,840,0,39,801,0,0.9535714285714286,0.0,0.0,0.04642857142857143,0.9535714285714286,0.0,0.4767857142857143,0.0,0.04642857142857143
base_yes_selected,lh_shape_pope_layers_31,0.1,405,0.955,random,negative_absent_plain,660,0,7,653,0,0.9893939393939394,0.0,0.0,0.010606060606060607,0.9893939393939394,0.0,0.4946969696969697,0.0,0.010606060606060607
base_yes_selected,lh_shape_pope_layers_31,0.1,405,0.955,macro,all,9000,3656,355,4145,844,0.8667777777777778,0.9114933931687859,0.8124444444444444,0.07888888888888888,0.9211111111111111,0.8591234872517919,0.8667777777777778,0.7379253694052339,0.44566666666666666
base_yes_selected,lh_shape_pope_layers_31,0.1,405,0.955,macro,positive,4500,3656,0,0,844,0.8124444444444444,1.0,0.8124444444444444,0.0,0.0,0.8965179009318293,0.4062222222222222,0.0,0.8124444444444444
base_yes_selected,lh_shape_pope_layers_31,0.1,405,0.955,macro,negative,4500,0,355,4145,0,0.9211111111111111,0.0,0.0,0.07888888888888888,0.9211111111111111,0.0,0.46055555555555555,0.0,0.07888888888888888
base_yes_selected,lh_shape_pope_layers_31,0.1,405,0.955,macro,negative_related_present,3092,0,323,2769,0,0.8955368693402329,0.0,0.0,0.10446313065976714,0.8955368693402329,0.0,0.44776843467011646,0.0,0.10446313065976714
base_yes_selected,lh_shape_pope_layers_31,0.1,405,0.955,macro,negative_absent_plain,1408,0,32,1376,0,0.9772727272727273,0.0,0.0,0.022727272727272728,0.9772727272727273,0.0,0.48863636363636365,0.0,0.022727272727272728
all_selected,lh_shape_pope_layers_31,0.25,2250,0.75,adversarial,all,3000,1220,212,1288,280,0.836,0.8519553072625698,0.8133333333333334,0.14133333333333334,0.8586666666666667,0.8321964529331514,0.8360000000000001,0.6726915834767423,0.47733333333333333
all_selected,lh_shape_pope_layers_31,0.25,2250,0.75,adversarial,positive,1500,1220,0,0,280,0.8133333333333334,1.0,0.8133333333333334,0.0,0.0,0.8970588235294117,0.4066666666666667,0.0,0.8133333333333334
all_selected,lh_shape_pope_layers_31,0.25,2250,0.75,adversarial,negative,1500,0,212,1288,0,0.8586666666666667,0.0,0.0,0.14133333333333334,0.8586666666666667,0.0,0.42933333333333334,0.0,0.14133333333333334
all_selected,lh_shape_pope_layers_31,0.25,2250,0.75,adversarial,negative_related_present,1272,0,200,1072,0,0.8427672955974843,0.0,0.0,0.15723270440251572,0.8427672955974843,0.0,0.42138364779874216,0.0,0.15723270440251572
all_selected,lh_shape_pope_layers_31,0.25,2250,0.75,adversarial,negative_absent_plain,228,0,12,216,0,0.9473684210526315,0.0,0.0,0.05263157894736842,0.9473684210526315,0.0,0.47368421052631576,0.0,0.05263157894736842
all_selected,lh_shape_pope_layers_31,0.25,2250,0.75,popular,all,3000,1222,110,1390,278,0.8706666666666667,0.9174174174174174,0.8146666666666667,0.07333333333333333,0.9266666666666666,0.8629943502824858,0.8706666666666667,0.7460271821834353,0.444
all_selected,lh_shape_pope_layers_31,0.25,2250,0.75,popular,positive,1500,1222,0,0,278,0.8146666666666667,1.0,0.8146666666666667,0.0,0.0,0.8978692138133725,0.4073333333333333,0.0,0.8146666666666667
all_selected,lh_shape_pope_layers_31,0.25,2250,0.75,popular,negative,1500,0,110,1390,0,0.9266666666666666,0.0,0.0,0.07333333333333333,0.9266666666666666,0.0,0.4633333333333333,0.0,0.07333333333333333
all_selected,lh_shape_pope_layers_31,0.25,2250,0.75,popular,negative_related_present,980,0,94,886,0,0.9040816326530612,0.0,0.0,0.09591836734693877,0.9040816326530612,0.0,0.4520408163265306,0.0,0.09591836734693877
all_selected,lh_shape_pope_layers_31,0.25,2250,0.75,popular,negative_absent_plain,520,0,16,504,0,0.9692307692307692,0.0,0.0,0.03076923076923077,0.9692307692307692,0.0,0.4846153846153846,0.0,0.03076923076923077
all_selected,lh_shape_pope_layers_31,0.25,2250,0.75,random,all,3000,1222,52,1448,278,0.89,0.9591836734693877,0.8146666666666667,0.034666666666666665,0.9653333333333334,0.8810382119682768,0.89,0.7890068107092104,0.4246666666666667
all_selected,lh_shape_pope_layers_31,0.25,2250,0.75,random,positive,1500,1222,0,0,278,0.8146666666666667,1.0,0.8146666666666667,0.0,0.0,0.8978692138133725,0.4073333333333333,0.0,0.8146666666666667
all_selected,lh_shape_pope_layers_31,0.25,2250,0.75,random,negative,1500,0,52,1448,0,0.9653333333333334,0.0,0.0,0.034666666666666665,0.9653333333333334,0.0,0.4826666666666667,0.0,0.034666666666666665
all_selected,lh_shape_pope_layers_31,0.25,2250,0.75,random,negative_related_present,840,0,44,796,0,0.9476190476190476,0.0,0.0,0.05238095238095238,0.9476190476190476,0.0,0.4738095238095238,0.0,0.05238095238095238
all_selected,lh_shape_pope_layers_31,0.25,2250,0.75,random,negative_absent_plain,660,0,8,652,0,0.9878787878787879,0.0,0.0,0.012121212121212121,0.9878787878787879,0.0,0.49393939393939396,0.0,0.012121212121212121
all_selected,lh_shape_pope_layers_31,0.25,2250,0.75,macro,all,9000,3664,374,4126,836,0.8655555555555555,0.9073798910351659,0.8142222222222222,0.08311111111111111,0.9168888888888889,0.8582806277816819,0.8655555555555555,0.7349949593626277,0.44866666666666666
all_selected,lh_shape_pope_layers_31,0.25,2250,0.75,macro,positive,4500,3664,0,0,836,0.8142222222222222,1.0,0.8142222222222222,0.0,0.0,0.8975992160705536,0.4071111111111111,0.0,0.8142222222222222
all_selected,lh_shape_pope_layers_31,0.25,2250,0.75,macro,negative,4500,0,374,4126,0,0.9168888888888889,0.0,0.0,0.08311111111111111,0.9168888888888889,0.0,0.45844444444444443,0.0,0.08311111111111111
all_selected,lh_shape_pope_layers_31,0.25,2250,0.75,macro,negative_related_present,3092,0,338,2754,0,0.8906856403622251,0.0,0.0,0.1093143596377749,0.8906856403622251,0.0,0.44534282018111254,0.0,0.1093143596377749
all_selected,lh_shape_pope_layers_31,0.25,2250,0.75,macro,negative_absent_plain,1408,0,36,1372,0,0.9744318181818182,0.0,0.0,0.02556818181818182,0.9744318181818182,0.0,0.4872159090909091,0.0,0.02556818181818182
base_yes_selected,lh_shape_pope_layers_31,0.25,1013,0.8874444444444445,adversarial,all,3000,1208,184,1316,292,0.8413333333333334,0.867816091954023,0.8053333333333333,0.12266666666666666,0.8773333333333333,0.8354080221300139,0.8413333333333333,0.6844430482295808,0.464
base_yes_selected,lh_shape_pope_layers_31,0.25,1013,0.8874444444444445,adversarial,positive,1500,1208,0,0,292,0.8053333333333333,1.0,0.8053333333333333,0.0,0.0,0.8921713441654358,0.4026666666666667,0.0,0.8053333333333333
base_yes_selected,lh_shape_pope_layers_31,0.25,1013,0.8874444444444445,adversarial,negative,1500,0,184,1316,0,0.8773333333333333,0.0,0.0,0.12266666666666666,0.8773333333333333,0.0,0.43866666666666665,0.0,0.12266666666666666
base_yes_selected,lh_shape_pope_layers_31,0.25,1013,0.8874444444444445,adversarial,negative_related_present,1272,0,174,1098,0,0.8632075471698113,0.0,0.0,0.13679245283018868,0.8632075471698113,0.0,0.43160377358490565,0.0,0.13679245283018868
base_yes_selected,lh_shape_pope_layers_31,0.25,1013,0.8874444444444445,adversarial,negative_absent_plain,228,0,10,218,0,0.956140350877193,0.0,0.0,0.043859649122807015,0.956140350877193,0.0,0.4780701754385965,0.0,0.043859649122807015
base_yes_selected,lh_shape_pope_layers_31,0.25,1013,0.8874444444444445,popular,all,3000,1209,90,1410,291,0.873,0.930715935334873,0.806,0.06,0.94,0.8638799571275456,0.873,0.7527891556099271,0.433
base_yes_selected,lh_shape_pope_layers_31,0.25,1013,0.8874444444444445,popular,positive,1500,1209,0,0,291,0.806,1.0,0.806,0.0,0.0,0.8925802879291251,0.403,0.0,0.806
base_yes_selected,lh_shape_pope_layers_31,0.25,1013,0.8874444444444445,popular,negative,1500,0,90,1410,0,0.94,0.0,0.0,0.06,0.94,0.0,0.47,0.0,0.06
base_yes_selected,lh_shape_pope_layers_31,0.25,1013,0.8874444444444445,popular,negative_related_present,980,0,79,901,0,0.9193877551020408,0.0,0.0,0.08061224489795918,0.9193877551020408,0.0,0.4596938775510204,0.0,0.08061224489795918
base_yes_selected,lh_shape_pope_layers_31,0.25,1013,0.8874444444444445,popular,negative_absent_plain,520,0,11,509,0,0.9788461538461538,0.0,0.0,0.021153846153846155,0.9788461538461538,0.0,0.4894230769230769,0.0,0.021153846153846155
base_yes_selected,lh_shape_pope_layers_31,0.25,1013,0.8874444444444445,random,all,3000,1209,37,1463,291,0.8906666666666667,0.9703049759229535,0.806,0.024666666666666667,0.9753333333333334,0.8805535324107793,0.8906666666666667,0.7927820273988256,0.41533333333333333
base_yes_selected,lh_shape_pope_layers_31,0.25,1013,0.8874444444444445,random,positive,1500,1209,0,0,291,0.806,1.0,0.806,0.0,0.0,0.8925802879291251,0.403,0.0,0.806
base_yes_selected,lh_shape_pope_layers_31,0.25,1013,0.8874444444444445,random,negative,1500,0,37,1463,0,0.9753333333333334,0.0,0.0,0.024666666666666667,0.9753333333333334,0.0,0.4876666666666667,0.0,0.024666666666666667
base_yes_selected,lh_shape_pope_layers_31,0.25,1013,0.8874444444444445,random,negative_related_present,840,0,32,808,0,0.9619047619047619,0.0,0.0,0.0380952380952381,0.9619047619047619,0.0,0.48095238095238096,0.0,0.0380952380952381
base_yes_selected,lh_shape_pope_layers_31,0.25,1013,0.8874444444444445,random,negative_absent_plain,660,0,5,655,0,0.9924242424242424,0.0,0.0,0.007575757575757576,0.9924242424242424,0.0,0.4962121212121212,0.0,0.007575757575757576
base_yes_selected,lh_shape_pope_layers_31,0.25,1013,0.8874444444444445,macro,all,9000,3626,311,4189,874,0.8683333333333333,0.921005842011684,0.8057777777777778,0.06911111111111111,0.9308888888888889,0.8595472324285884,0.8683333333333334,0.742500690130624,0.43744444444444447
base_yes_selected,lh_shape_pope_layers_31,0.25,1013,0.8874444444444445,macro,positive,4500,3626,0,0,874,0.8057777777777778,1.0,0.8057777777777778,0.0,0.0,0.8924440068914596,0.4028888888888889,0.0,0.8057777777777778
base_yes_selected,lh_shape_pope_layers_31,0.25,1013,0.8874444444444445,macro,negative,4500,0,311,4189,0,0.9308888888888889,0.0,0.0,0.06911111111111111,0.9308888888888889,0.0,0.46544444444444444,0.0,0.06911111111111111
base_yes_selected,lh_shape_pope_layers_31,0.25,1013,0.8874444444444445,macro,negative_related_present,3092,0,285,2807,0,0.9078266494178525,0.0,0.0,0.09217335058214748,0.9078266494178525,0.0,0.45391332470892626,0.0,0.09217335058214748
base_yes_selected,lh_shape_pope_layers_31,0.25,1013,0.8874444444444445,macro,negative_absent_plain,1408,0,26,1382,0,0.9815340909090909,0.0,0.0,0.018465909090909092,0.9815340909090909,0.0,0.49076704545454547,0.0,0.018465909090909092
all_selected,lh_shape_pope_layers_31,0.5,4500,0.5,adversarial,all,3000,1221,190,1310,279,0.8436666666666667,0.8653437278525868,0.814,0.12666666666666668,0.8733333333333333,0.8388869804190999,0.8436666666666666,0.6885463965733397,0.4703333333333333
all_selected,lh_shape_pope_layers_31,0.5,4500,0.5,adversarial,positive,1500,1221,0,0,279,0.814,1.0,0.814,0.0,0.0,0.8974641675854464,0.407,0.0,0.814
all_selected,lh_shape_pope_layers_31,0.5,4500,0.5,adversarial,negative,1500,0,190,1310,0,0.8733333333333333,0.0,0.0,0.12666666666666668,0.8733333333333333,0.0,0.43666666666666665,0.0,0.12666666666666668
all_selected,lh_shape_pope_layers_31,0.5,4500,0.5,adversarial,negative_related_present,1272,0,180,1092,0,0.8584905660377359,0.0,0.0,0.14150943396226415,0.8584905660377359,0.0,0.42924528301886794,0.0,0.14150943396226415
all_selected,lh_shape_pope_layers_31,0.5,4500,0.5,adversarial,negative_absent_plain,228,0,10,218,0,0.956140350877193,0.0,0.0,0.043859649122807015,0.956140350877193,0.0,0.4780701754385965,0.0,0.043859649122807015
all_selected,lh_shape_pope_layers_31,0.5,4500,0.5,popular,all,3000,1222,91,1409,278,0.877,0.9306930693069307,0.8146666666666667,0.06066666666666667,0.9393333333333334,0.8688233202986135,0.877,0.7599284443478304,0.43766666666666665
all_selected,lh_shape_pope_layers_31,0.5,4500,0.5,popular,positive,1500,1222,0,0,278,0.8146666666666667,1.0,0.8146666666666667,0.0,0.0,0.8978692138133725,0.4073333333333333,0.0,0.8146666666666667
all_selected,lh_shape_pope_layers_31,0.5,4500,0.5,popular,negative,1500,0,91,1409,0,0.9393333333333334,0.0,0.0,0.06066666666666667,0.9393333333333334,0.0,0.4696666666666667,0.0,0.06066666666666667
all_selected,lh_shape_pope_layers_31,0.5,4500,0.5,popular,negative_related_present,980,0,80,900,0,0.9183673469387755,0.0,0.0,0.08163265306122448,0.9183673469387755,0.0,0.45918367346938777,0.0,0.08163265306122448
all_selected,lh_shape_pope_layers_31,0.5,4500,0.5,popular,negative_absent_plain,520,0,11,509,0,0.9788461538461538,0.0,0.0,0.021153846153846155,0.9788461538461538,0.0,0.4894230769230769,0.0,0.021153846153846155
all_selected,lh_shape_pope_layers_31,0.5,4500,0.5,random,all,3000,1222,37,1463,278,0.895,0.9706115965051628,0.8146666666666667,0.024666666666666667,0.9753333333333334,0.8858281986226892,0.895,0.8003981934476307,0.4196666666666667
all_selected,lh_shape_pope_layers_31,0.5,4500,0.5,random,positive,1500,1222,0,0,278,0.8146666666666667,1.0,0.8146666666666667,0.0,0.0,0.8978692138133725,0.4073333333333333,0.0,0.8146666666666667
all_selected,lh_shape_pope_layers_31,0.5,4500,0.5,random,negative,1500,0,37,1463,0,0.9753333333333334,0.0,0.0,0.024666666666666667,0.9753333333333334,0.0,0.4876666666666667,0.0,0.024666666666666667
all_selected,lh_shape_pope_layers_31,0.5,4500,0.5,random,negative_related_present,840,0,32,808,0,0.9619047619047619,0.0,0.0,0.0380952380952381,0.9619047619047619,0.0,0.48095238095238096,0.0,0.0380952380952381
all_selected,lh_shape_pope_layers_31,0.5,4500,0.5,random,negative_absent_plain,660,0,5,655,0,0.9924242424242424,0.0,0.0,0.007575757575757576,0.9924242424242424,0.0,0.4962121212121212,0.0,0.007575757575757576
all_selected,lh_shape_pope_layers_31,0.5,4500,0.5,macro,all,9000,3665,318,4182,835,0.8718888888888889,0.9201606829023349,0.8144444444444444,0.07066666666666667,0.9293333333333333,0.8640811033832371,0.8718888888888889,0.7487356443021002,0.44255555555555554
all_selected,lh_shape_pope_layers_31,0.5,4500,0.5,macro,positive,4500,3665,0,0,835,0.8144444444444444,1.0,0.8144444444444444,0.0,0.0,0.8977342314758114,0.4072222222222222,0.0,0.8144444444444444
all_selected,lh_shape_pope_layers_31,0.5,4500,0.5,macro,negative,4500,0,318,4182,0,0.9293333333333333,0.0,0.0,0.07066666666666667,0.9293333333333333,0.0,0.4646666666666667,0.0,0.07066666666666667
all_selected,lh_shape_pope_layers_31,0.5,4500,0.5,macro,negative_related_present,3092,0,292,2800,0,0.9055627425614489,0.0,0.0,0.0944372574385511,0.9055627425614489,0.0,0.45278137128072443,0.0,0.0944372574385511
all_selected,lh_shape_pope_layers_31,0.5,4500,0.5,macro,negative_absent_plain,1408,0,26,1382,0,0.9815340909090909,0.0,0.0,0.018465909090909092,0.9815340909090909,0.0,0.49076704545454547,0.0,0.018465909090909092
base_yes_selected,lh_shape_pope_layers_31,0.5,2025,0.775,adversarial,all,3000,1200,163,1337,300,0.8456666666666667,0.880410858400587,0.8,0.10866666666666666,0.8913333333333333,0.8382815228781,0.8456666666666667,0.694234974156429,0.4543333333333333
base_yes_selected,lh_shape_pope_layers_31,0.5,2025,0.775,adversarial,positive,1500,1200,0,0,300,0.8,1.0,0.8,0.0,0.0,0.888888888888889,0.4,0.0,0.8
base_yes_selected,lh_shape_pope_layers_31,0.5,2025,0.775,adversarial,negative,1500,0,163,1337,0,0.8913333333333333,0.0,0.0,0.10866666666666666,0.8913333333333333,0.0,0.44566666666666666,0.0,0.10866666666666666
base_yes_selected,lh_shape_pope_layers_31,0.5,2025,0.775,adversarial,negative_related_present,1272,0,156,1116,0,0.8773584905660378,0.0,0.0,0.12264150943396226,0.8773584905660378,0.0,0.4386792452830189,0.0,0.12264150943396226
base_yes_selected,lh_shape_pope_layers_31,0.5,2025,0.775,adversarial,negative_absent_plain,228,0,7,221,0,0.9692982456140351,0.0,0.0,0.03070175438596491,0.9692982456140351,0.0,0.48464912280701755,0.0,0.03070175438596491
base_yes_selected,lh_shape_pope_layers_31,0.5,2025,0.775,popular,all,3000,1201,73,1427,299,0.876,0.9427001569858713,0.8006666666666666,0.048666666666666664,0.9513333333333334,0.8658976207642394,0.876,0.7606834892991362,0.4246666666666667
base_yes_selected,lh_shape_pope_layers_31,0.5,2025,0.775,popular,positive,1500,1201,0,0,299,0.8006666666666666,1.0,0.8006666666666666,0.0,0.0,0.8893002591632728,0.4003333333333333,0.0,0.8006666666666666
base_yes_selected,lh_shape_pope_layers_31,0.5,2025,0.775,popular,negative,1500,0,73,1427,0,0.9513333333333334,0.0,0.0,0.048666666666666664,0.9513333333333334,0.0,0.4756666666666667,0.0,0.048666666666666664
base_yes_selected,lh_shape_pope_layers_31,0.5,2025,0.775,popular,negative_related_present,980,0,64,916,0,0.9346938775510204,0.0,0.0,0.0653061224489796,0.9346938775510204,0.0,0.4673469387755102,0.0,0.0653061224489796
base_yes_selected,lh_shape_pope_layers_31,0.5,2025,0.775,popular,negative_absent_plain,520,0,9,511,0,0.9826923076923076,0.0,0.0,0.01730769230769231,0.9826923076923076,0.0,0.4913461538461538,0.0,0.01730769230769231
base_yes_selected,lh_shape_pope_layers_31,0.5,2025,0.775,random,all,3000,1201,30,1470,299,0.8903333333333333,0.9756295694557271,0.8006666666666666,0.02,0.98,0.8795313072134748,0.8903333333333333,0.7935310998115834,0.4103333333333333
base_yes_selected,lh_shape_pope_layers_31,0.5,2025,0.775,random,positive,1500,1201,0,0,299,0.8006666666666666,1.0,0.8006666666666666,0.0,0.0,0.8893002591632728,0.4003333333333333,0.0,0.8006666666666666
base_yes_selected,lh_shape_pope_layers_31,0.5,2025,0.775,random,negative,1500,0,30,1470,0,0.98,0.0,0.0,0.02,0.98,0.0,0.49,0.0,0.02
base_yes_selected,lh_shape_pope_layers_31,0.5,2025,0.775,random,negative_related_present,840,0,26,814,0,0.969047619047619,0.0,0.0,0.030952380952380953,0.969047619047619,0.0,0.4845238095238095,0.0,0.030952380952380953
base_yes_selected,lh_shape_pope_layers_31,0.5,2025,0.775,random,negative_absent_plain,660,0,4,656,0,0.9939393939393939,0.0,0.0,0.006060606060606061,0.9939393939393939,0.0,0.49696969696969695,0.0,0.006060606060606061
base_yes_selected,lh_shape_pope_layers_31,0.5,2025,0.775,macro,all,9000,3602,266,4234,898,0.8706666666666667,0.9312306101344364,0.8004444444444444,0.059111111111111114,0.9408888888888889,0.8608986615678776,0.8706666666666667,0.7487545687941626,0.42977777777777776
base_yes_selected,lh_shape_pope_layers_31,0.5,2025,0.775,macro,positive,4500,3602,0,0,898,0.8004444444444444,1.0,0.8004444444444444,0.0,0.0,0.889163169587756,0.4002222222222222,0.0,0.8004444444444444
base_yes_selected,lh_shape_pope_layers_31,0.5,2025,0.775,macro,negative,4500,0,266,4234,0,0.9408888888888889,0.0,0.0,0.059111111111111114,0.9408888888888889,0.0,0.47044444444444444,0.0,0.059111111111111114
base_yes_selected,lh_shape_pope_layers_31,0.5,2025,0.775,macro,negative_related_present,3092,0,246,2846,0,0.9204398447606728,0.0,0.0,0.0795601552393273,0.9204398447606728,0.0,0.4602199223803364,0.0,0.0795601552393273
base_yes_selected,lh_shape_pope_layers_31,0.5,2025,0.775,macro,negative_absent_plain,1408,0,20,1388,0,0.9857954545454546,0.0,0.0,0.014204545454545454,0.9857954545454546,0.0,0.4928977272727273,0.0,0.014204545454545454
all_selected,lh_shape_pope_layers_31,0.75,6750,0.25,adversarial,all,3000,1215,159,1341,285,0.852,0.8842794759825328,0.81,0.106,0.894,0.8455114822546973,0.8520000000000001,0.7064969335696819,0.458
all_selected,lh_shape_pope_layers_31,0.75,6750,0.25,adversarial,positive,1500,1215,0,0,285,0.81,1.0,0.81,0.0,0.0,0.8950276243093923,0.405,0.0,0.81
all_selected,lh_shape_pope_layers_31,0.75,6750,0.25,adversarial,negative,1500,0,159,1341,0,0.894,0.0,0.0,0.106,0.894,0.0,0.447,0.0,0.106
all_selected,lh_shape_pope_layers_31,0.75,6750,0.25,adversarial,negative_related_present,1272,0,152,1120,0,0.8805031446540881,0.0,0.0,0.11949685534591195,0.8805031446540881,0.0,0.44025157232704404,0.0,0.11949685534591195
all_selected,lh_shape_pope_layers_31,0.75,6750,0.25,adversarial,negative_absent_plain,228,0,7,221,0,0.9692982456140351,0.0,0.0,0.03070175438596491,0.9692982456140351,0.0,0.48464912280701755,0.0,0.03070175438596491
all_selected,lh_shape_pope_layers_31,0.75,6750,0.25,popular,all,3000,1216,71,1429,284,0.8816666666666667,0.9448329448329449,0.8106666666666666,0.04733333333333333,0.9526666666666667,0.8726228919985647,0.8816666666666666,0.7711476363060519,0.429
all_selected,lh_shape_pope_layers_31,0.75,6750,0.25,popular,positive,1500,1216,0,0,284,0.8106666666666666,1.0,0.8106666666666666,0.0,0.0,0.8954344624447718,0.4053333333333333,0.0,0.8106666666666666
all_selected,lh_shape_pope_layers_31,0.75,6750,0.25,popular,negative,1500,0,71,1429,0,0.9526666666666667,0.0,0.0,0.04733333333333333,0.9526666666666667,0.0,0.47633333333333333,0.0,0.04733333333333333
all_selected,lh_shape_pope_layers_31,0.75,6750,0.25,popular,negative_related_present,980,0,62,918,0,0.936734693877551,0.0,0.0,0.06326530612244897,0.936734693877551,0.0,0.4683673469387755,0.0,0.06326530612244897
all_selected,lh_shape_pope_layers_31,0.75,6750,0.25,popular,negative_absent_plain,520,0,9,511,0,0.9826923076923076,0.0,0.0,0.01730769230769231,0.9826923076923076,0.0,0.4913461538461538,0.0,0.01730769230769231
all_selected,lh_shape_pope_layers_31,0.75,6750,0.25,random,all,3000,1216,30,1470,284,0.8953333333333333,0.9759229534510433,0.8106666666666666,0.02,0.98,0.8856518572469045,0.8953333333333333,0.802252119876286,0.41533333333333333
all_selected,lh_shape_pope_layers_31,0.75,6750,0.25,random,positive,1500,1216,0,0,284,0.8106666666666666,1.0,0.8106666666666666,0.0,0.0,0.8954344624447718,0.4053333333333333,0.0,0.8106666666666666
all_selected,lh_shape_pope_layers_31,0.75,6750,0.25,random,negative,1500,0,30,1470,0,0.98,0.0,0.0,0.02,0.98,0.0,0.49,0.0,0.02
all_selected,lh_shape_pope_layers_31,0.75,6750,0.25,random,negative_related_present,840,0,26,814,0,0.969047619047619,0.0,0.0,0.030952380952380953,0.969047619047619,0.0,0.4845238095238095,0.0,0.030952380952380953
all_selected,lh_shape_pope_layers_31,0.75,6750,0.25,random,negative_absent_plain,660,0,4,656,0,0.9939393939393939,0.0,0.0,0.006060606060606061,0.9939393939393939,0.0,0.49696969696969695,0.0,0.006060606060606061
all_selected,lh_shape_pope_layers_31,0.75,6750,0.25,macro,all,9000,3647,260,4240,853,0.8763333333333333,0.9334527770668032,0.8104444444444444,0.057777777777777775,0.9422222222222222,0.8676103247293921,0.8763333333333333,0.759288204070671,0.4341111111111111
all_selected,lh_shape_pope_layers_31,0.75,6750,0.25,macro,positive,4500,3647,0,0,853,0.8104444444444444,1.0,0.8104444444444444,0.0,0.0,0.8952988830244262,0.4052222222222222,0.0,0.8104444444444444
all_selected,lh_shape_pope_layers_31,0.75,6750,0.25,macro,negative,4500,0,260,4240,0,0.9422222222222222,0.0,0.0,0.057777777777777775,0.9422222222222222,0.0,0.4711111111111111,0.0,0.057777777777777775
all_selected,lh_shape_pope_layers_31,0.75,6750,0.25,macro,negative_related_present,3092,0,240,2852,0,0.9223803363518758,0.0,0.0,0.07761966364812418,0.9223803363518758,0.0,0.4611901681759379,0.0,0.07761966364812418
all_selected,lh_shape_pope_layers_31,0.75,6750,0.25,macro,negative_absent_plain,1408,0,20,1388,0,0.9857954545454546,0.0,0.0,0.014204545454545454,0.9857954545454546,0.0,0.4928977272727273,0.0,0.014204545454545454
base_yes_selected,lh_shape_pope_layers_31,0.75,3037,0.6625555555555556,adversarial,all,3000,1195,143,1357,305,0.8506666666666667,0.8931240657698056,0.7966666666666666,0.09533333333333334,0.9046666666666666,0.8421423537702607,0.8506666666666667,0.705459641570146,0.446
base_yes_selected,lh_shape_pope_layers_31,0.75,3037,0.6625555555555556,adversarial,positive,1500,1195,0,0,305,0.7966666666666666,1.0,0.7966666666666666,0.0,0.0,0.8868274582560297,0.3983333333333333,0.0,0.7966666666666666
base_yes_selected,lh_shape_pope_layers_31,0.75,3037,0.6625555555555556,adversarial,negative,1500,0,143,1357,0,0.9046666666666666,0.0,0.0,0.09533333333333334,0.9046666666666666,0.0,0.4523333333333333,0.0,0.09533333333333334
base_yes_selected,lh_shape_pope_layers_31,0.75,3037,0.6625555555555556,adversarial,negative_related_present,1272,0,137,1135,0,0.8922955974842768,0.0,0.0,0.10770440251572327,0.8922955974842768,0.0,0.4461477987421384,0.0,0.10770440251572327
base_yes_selected,lh_shape_pope_layers_31,0.75,3037,0.6625555555555556,adversarial,negative_absent_plain,228,0,6,222,0,0.9736842105263158,0.0,0.0,0.02631578947368421,0.9736842105263158,0.0,0.4868421052631579,0.0,0.02631578947368421
base_yes_selected,lh_shape_pope_layers_31,0.75,3037,0.6625555555555556,popular,all,3000,1195,64,1436,305,0.877,0.949166004765687,0.7966666666666666,0.042666666666666665,0.9573333333333334,0.8662558898151503,0.877,0.7639243517209032,0.4196666666666667
base_yes_selected,lh_shape_pope_layers_31,0.75,3037,0.6625555555555556,popular,positive,1500,1195,0,0,305,0.7966666666666666,1.0,0.7966666666666666,0.0,0.0,0.8868274582560297,0.3983333333333333,0.0,0.7966666666666666
base_yes_selected,lh_shape_pope_layers_31,0.75,3037,0.6625555555555556,popular,negative,1500,0,64,1436,0,0.9573333333333334,0.0,0.0,0.042666666666666665,0.9573333333333334,0.0,0.4786666666666667,0.0,0.042666666666666665
base_yes_selected,lh_shape_pope_layers_31,0.75,3037,0.6625555555555556,popular,negative_related_present,980,0,57,923,0,0.9418367346938775,0.0,0.0,0.058163265306122446,0.9418367346938775,0.0,0.47091836734693876,0.0,0.058163265306122446
base_yes_selected,lh_shape_pope_layers_31,0.75,3037,0.6625555555555556,popular,negative_absent_plain,520,0,7,513,0,0.9865384615384616,0.0,0.0,0.013461538461538462,0.9865384615384616,0.0,0.4932692307692308,0.0,0.013461538461538462
base_yes_selected,lh_shape_pope_layers_31,0.75,3037,0.6625555555555556,random,all,3000,1195,28,1472,305,0.889,0.9771054783319706,0.7966666666666666,0.018666666666666668,0.9813333333333333,0.877708409842086,0.889,0.7916148154229332,0.4076666666666667
base_yes_selected,lh_shape_pope_layers_31,0.75,3037,0.6625555555555556,random,positive,1500,1195,0,0,305,0.7966666666666666,1.0,0.7966666666666666,0.0,0.0,0.8868274582560297,0.3983333333333333,0.0,0.7966666666666666
base_yes_selected,lh_shape_pope_layers_31,0.75,3037,0.6625555555555556,random,negative,1500,0,28,1472,0,0.9813333333333333,0.0,0.0,0.018666666666666668,0.9813333333333333,0.0,0.49066666666666664,0.0,0.018666666666666668
base_yes_selected,lh_shape_pope_layers_31,0.75,3037,0.6625555555555556,random,negative_related_present,840,0,24,816,0,0.9714285714285714,0.0,0.0,0.02857142857142857,0.9714285714285714,0.0,0.4857142857142857,0.0,0.02857142857142857
base_yes_selected,lh_shape_pope_layers_31,0.75,3037,0.6625555555555556,random,negative_absent_plain,660,0,4,656,0,0.9939393939393939,0.0,0.0,0.006060606060606061,0.9939393939393939,0.0,0.49696969696969695,0.0,0.006060606060606061
base_yes_selected,lh_shape_pope_layers_31,0.75,3037,0.6625555555555556,macro,all,9000,3585,235,4265,915,0.8722222222222222,0.9384816753926701,0.7966666666666666,0.052222222222222225,0.9477777777777778,0.8617788461538461,0.8722222222222222,0.7530923668180626,0.42444444444444446
base_yes_selected,lh_shape_pope_layers_31,0.75,3037,0.6625555555555556,macro,positive,4500,3585,0,0,915,0.7966666666666666,1.0,0.7966666666666666,0.0,0.0,0.8868274582560297,0.3983333333333333,0.0,0.7966666666666666
base_yes_selected,lh_shape_pope_layers_31,0.75,3037,0.6625555555555556,macro,negative,4500,0,235,4265,0,0.9477777777777778,0.0,0.0,0.052222222222222225,0.9477777777777778,0.0,0.4738888888888889,0.0,0.052222222222222225
base_yes_selected,lh_shape_pope_layers_31,0.75,3037,0.6625555555555556,macro,negative_related_present,3092,0,218,2874,0,0.9294954721862871,0.0,0.0,0.0705045278137128,0.9294954721862871,0.0,0.46474773609314357,0.0,0.0705045278137128
base_yes_selected,lh_shape_pope_layers_31,0.75,3037,0.6625555555555556,macro,negative_absent_plain,1408,0,17,1391,0,0.9879261363636364,0.0,0.0,0.012073863636363636,0.9879261363636364,0.0,0.4939630681818182,0.0,0.012073863636363636
all_selected,lh_shape_pope_layers_31,1.0,9000,0.0,adversarial,all,3000,1209,139,1361,291,0.8566666666666667,0.8968842729970327,0.806,0.09266666666666666,0.9073333333333333,0.8490168539325843,0.8566666666666667,0.717024194183559,0.4493333333333333
all_selected,lh_shape_pope_layers_31,1.0,9000,0.0,adversarial,positive,1500,1209,0,0,291,0.806,1.0,0.806,0.0,0.0,0.8925802879291251,0.403,0.0,0.806
all_selected,lh_shape_pope_layers_31,1.0,9000,0.0,adversarial,negative,1500,0,139,1361,0,0.9073333333333333,0.0,0.0,0.09266666666666666,0.9073333333333333,0.0,0.45366666666666666,0.0,0.09266666666666666
all_selected,lh_shape_pope_layers_31,1.0,9000,0.0,adversarial,negative_related_present,1272,0,133,1139,0,0.8954402515723271,0.0,0.0,0.10455974842767296,0.8954402515723271,0.0,0.44772012578616355,0.0,0.10455974842767296
all_selected,lh_shape_pope_layers_31,1.0,9000,0.0,adversarial,negative_absent_plain,228,0,6,222,0,0.9736842105263158,0.0,0.0,0.02631578947368421,0.9736842105263158,0.0,0.4868421052631579,0.0,0.02631578947368421
all_selected,lh_shape_pope_layers_31,1.0,9000,0.0,popular,all,3000,1210,63,1437,290,0.8823333333333333,0.950510604870385,0.8066666666666666,0.042,0.958,0.8727010457987739,0.8823333333333333,0.7735761066657176,0.42433333333333334
all_selected,lh_shape_pope_layers_31,1.0,9000,0.0,popular,positive,1500,1210,0,0,290,0.8066666666666666,1.0,0.8066666666666666,0.0,0.0,0.8929889298892989,0.4033333333333333,0.0,0.8066666666666666
all_selected,lh_shape_pope_layers_31,1.0,9000,0.0,popular,negative,1500,0,63,1437,0,0.958,0.0,0.0,0.042,0.958,0.0,0.479,0.0,0.042
all_selected,lh_shape_pope_layers_31,1.0,9000,0.0,popular,negative_related_present,980,0,56,924,0,0.9428571428571428,0.0,0.0,0.05714285714285714,0.9428571428571428,0.0,0.4714285714285714,0.0,0.05714285714285714
all_selected,lh_shape_pope_layers_31,1.0,9000,0.0,popular,negative_absent_plain,520,0,7,513,0,0.9865384615384616,0.0,0.0,0.013461538461538462,0.9865384615384616,0.0,0.4932692307692308,0.0,0.013461538461538462
all_selected,lh_shape_pope_layers_31,1.0,9000,0.0,random,all,3000,1210,29,1471,290,0.8936666666666667,0.976594027441485,0.8066666666666666,0.019333333333333334,0.9806666666666667,0.8835341365461847,0.8936666666666666,0.7995296362896048,0.413
all_selected,lh_shape_pope_layers_31,1.0,9000,0.0,random,positive,1500,1210,0,0,290,0.8066666666666666,1.0,0.8066666666666666,0.0,0.0,0.8929889298892989,0.4033333333333333,0.0,0.8066666666666666
all_selected,lh_shape_pope_layers_31,1.0,9000,0.0,random,negative,1500,0,29,1471,0,0.9806666666666667,0.0,0.0,0.019333333333333334,0.9806666666666667,0.0,0.49033333333333334,0.0,0.019333333333333334
all_selected,lh_shape_pope_layers_31,1.0,9000,0.0,random,negative_related_present,840,0,25,815,0,0.9702380952380952,0.0,0.0,0.02976190476190476,0.9702380952380952,0.0,0.4851190476190476,0.0,0.02976190476190476
all_selected,lh_shape_pope_layers_31,1.0,9000,0.0,random,negative_absent_plain,660,0,4,656,0,0.9939393939393939,0.0,0.0,0.006060606060606061,0.9939393939393939,0.0,0.49696969696969695,0.0,0.006060606060606061
all_selected,lh_shape_pope_layers_31,1.0,9000,0.0,macro,all,9000,3629,231,4269,871,0.8775555555555555,0.9401554404145078,0.8064444444444444,0.051333333333333335,0.9486666666666667,0.8681818181818183,0.8775555555555555,0.7628658302177469,0.4288888888888889
all_selected,lh_shape_pope_layers_31,1.0,9000,0.0,macro,positive,4500,3629,0,0,871,0.8064444444444444,1.0,0.8064444444444444,0.0,0.0,0.8928527494156723,0.4032222222222222,0.0,0.8064444444444444
all_selected,lh_shape_pope_layers_31,1.0,9000,0.0,macro,negative,4500,0,231,4269,0,0.9486666666666667,0.0,0.0,0.051333333333333335,0.9486666666666667,0.0,0.47433333333333333,0.0,0.051333333333333335
all_selected,lh_shape_pope_layers_31,1.0,9000,0.0,macro,negative_related_present,3092,0,214,2878,0,0.9307891332470892,0.0,0.0,0.06921086675291074,0.9307891332470892,0.0,0.4653945666235446,0.0,0.06921086675291074
all_selected,lh_shape_pope_layers_31,1.0,9000,0.0,macro,negative_absent_plain,1408,0,17,1391,0,0.9879261363636364,0.0,0.0,0.012073863636363636,0.9879261363636364,0.0,0.4939630681818182,0.0,0.012073863636363636
base_yes_selected,lh_shape_pope_layers_31,1.0,4049,0.5501111111111111,adversarial,all,3000,1189,138,1362,311,0.8503333333333334,0.8960060286360211,0.7926666666666666,0.092,0.908,0.841174389812522,0.8503333333333334,0.7053737344950908,0.44233333333333336
base_yes_selected,lh_shape_pope_layers_31,1.0,4049,0.5501111111111111,adversarial,positive,1500,1189,0,0,311,0.7926666666666666,1.0,0.7926666666666666,0.0,0.0,0.8843436221643733,0.3963333333333333,0.0,0.7926666666666666
base_yes_selected,lh_shape_pope_layers_31,1.0,4049,0.5501111111111111,adversarial,negative,1500,0,138,1362,0,0.908,0.0,0.0,0.092,0.908,0.0,0.454,0.0,0.092
base_yes_selected,lh_shape_pope_layers_31,1.0,4049,0.5501111111111111,adversarial,negative_related_present,1272,0,132,1140,0,0.8962264150943396,0.0,0.0,0.10377358490566038,0.8962264150943396,0.0,0.4481132075471698,0.0,0.10377358490566038
base_yes_selected,lh_shape_pope_layers_31,1.0,4049,0.5501111111111111,adversarial,negative_absent_plain,228,0,6,222,0,0.9736842105263158,0.0,0.0,0.02631578947368421,0.9736842105263158,0.0,0.4868421052631579,0.0,0.02631578947368421
base_yes_selected,lh_shape_pope_layers_31,1.0,4049,0.5501111111111111,popular,all,3000,1190,63,1437,310,0.8756666666666667,0.9497206703910615,0.7933333333333333,0.042,0.958,0.8645114420632037,0.8756666666666666,0.761731522180919,0.4176666666666667
base_yes_selected,lh_shape_pope_layers_31,1.0,4049,0.5501111111111111,popular,positive,1500,1190,0,0,310,0.7933333333333333,1.0,0.7933333333333333,0.0,0.0,0.8847583643122676,0.39666666666666667,0.0,0.7933333333333333
base_yes_selected,lh_shape_pope_layers_31,1.0,4049,0.5501111111111111,popular,negative,1500,0,63,1437,0,0.958,0.0,0.0,0.042,0.958,0.0,0.479,0.0,0.042
base_yes_selected,lh_shape_pope_layers_31,1.0,4049,0.5501111111111111,popular,negative_related_present,980,0,56,924,0,0.9428571428571428,0.0,0.0,0.05714285714285714,0.9428571428571428,0.0,0.4714285714285714,0.0,0.05714285714285714
base_yes_selected,lh_shape_pope_layers_31,1.0,4049,0.5501111111111111,popular,negative_absent_plain,520,0,7,513,0,0.9865384615384616,0.0,0.0,0.013461538461538462,0.9865384615384616,0.0,0.4932692307692308,0.0,0.013461538461538462
base_yes_selected,lh_shape_pope_layers_31,1.0,4049,0.5501111111111111,random,all,3000,1190,28,1472,310,0.8873333333333333,0.9770114942528736,0.7933333333333333,0.018666666666666668,0.9813333333333333,0.8756438557763062,0.8873333333333333,0.7887304979148512,0.406
base_yes_selected,lh_shape_pope_layers_31,1.0,4049,0.5501111111111111,random,positive,1500,1190,0,0,310,0.7933333333333333,1.0,0.7933333333333333,0.0,0.0,0.8847583643122676,0.39666666666666667,0.0,0.7933333333333333
base_yes_selected,lh_shape_pope_layers_31,1.0,4049,0.5501111111111111,random,negative,1500,0,28,1472,0,0.9813333333333333,0.0,0.0,0.018666666666666668,0.9813333333333333,0.0,0.49066666666666664,0.0,0.018666666666666668
base_yes_selected,lh_shape_pope_layers_31,1.0,4049,0.5501111111111111,random,negative_related_present,840,0,24,816,0,0.9714285714285714,0.0,0.0,0.02857142857142857,0.9714285714285714,0.0,0.4857142857142857,0.0,0.02857142857142857
base_yes_selected,lh_shape_pope_layers_31,1.0,4049,0.5501111111111111,random,negative_absent_plain,660,0,4,656,0,0.9939393939393939,0.0,0.0,0.006060606060606061,0.9939393939393939,0.0,0.49696969696969695,0.0,0.006060606060606061
base_yes_selected,lh_shape_pope_layers_31,1.0,4049,0.5501111111111111,macro,all,9000,3569,229,4271,931,0.8711111111111111,0.9397051079515535,0.7931111111111111,0.050888888888888886,0.9491111111111111,0.8602072788623765,0.8711111111111112,0.7514218383476658,0.422
base_yes_selected,lh_shape_pope_layers_31,1.0,4049,0.5501111111111111,macro,positive,4500,3569,0,0,931,0.7931111111111111,1.0,0.7931111111111111,0.0,0.0,0.8846201511959351,0.39655555555555555,0.0,0.7931111111111111
base_yes_selected,lh_shape_pope_layers_31,1.0,4049,0.5501111111111111,macro,negative,4500,0,229,4271,0,0.9491111111111111,0.0,0.0,0.050888888888888886,0.9491111111111111,0.0,0.47455555555555556,0.0,0.050888888888888886
base_yes_selected,lh_shape_pope_layers_31,1.0,4049,0.5501111111111111,macro,negative_related_present,3092,0,212,2880,0,0.9314359637774903,0.0,0.0,0.0685640362225097,0.9314359637774903,0.0,0.46571798188874514,0.0,0.0685640362225097
base_yes_selected,lh_shape_pope_layers_31,1.0,4049,0.5501111111111111,macro,negative_absent_plain,1408,0,17,1391,0,0.9879261363636364,0.0,0.0,0.012073863636363636,0.9879261363636364,0.0,0.4939630681818182,0.0,0.012073863636363636
vanilla_base,prompt_token_pos,0.0,0,1.0,adversarial,all,3000,1218,220,1280,282,0.8326666666666667,0.847009735744089,0.812,0.14666666666666667,0.8533333333333334,0.829135466303608,0.8326666666666667,0.6659024051264104,0.47933333333333333
vanilla_base,prompt_token_pos,0.0,0,1.0,adversarial,positive,1500,1218,0,0,282,0.812,1.0,0.812,0.0,0.0,0.8962472406181016,0.406,0.0,0.812
vanilla_base,prompt_token_pos,0.0,0,1.0,adversarial,negative,1500,0,220,1280,0,0.8533333333333334,0.0,0.0,0.14666666666666667,0.8533333333333334,0.0,0.4266666666666667,0.0,0.14666666666666667
vanilla_base,prompt_token_pos,0.0,0,1.0,adversarial,negative_related_present,1272,0,208,1064,0,0.8364779874213837,0.0,0.0,0.16352201257861634,0.8364779874213837,0.0,0.41823899371069184,0.0,0.16352201257861634
vanilla_base,prompt_token_pos,0.0,0,1.0,adversarial,negative_absent_plain,228,0,12,216,0,0.9473684210526315,0.0,0.0,0.05263157894736842,0.9473684210526315,0.0,0.47368421052631576,0.0,0.05263157894736842
vanilla_base,prompt_token_pos,0.0,0,1.0,popular,all,3000,1220,116,1384,280,0.868,0.9131736526946108,0.8133333333333334,0.07733333333333334,0.9226666666666666,0.8603667136812412,0.868,0.7404388256548138,0.44533333333333336
vanilla_base,prompt_token_pos,0.0,0,1.0,popular,positive,1500,1220,0,0,280,0.8133333333333334,1.0,0.8133333333333334,0.0,0.0,0.8970588235294117,0.4066666666666667,0.0,0.8133333333333334
vanilla_base,prompt_token_pos,0.0,0,1.0,popular,negative,1500,0,116,1384,0,0.9226666666666666,0.0,0.0,0.07733333333333334,0.9226666666666666,0.0,0.4613333333333333,0.0,0.07733333333333334
vanilla_base,prompt_token_pos,0.0,0,1.0,popular,negative_related_present,980,0,98,882,0,0.9,0.0,0.0,0.1,0.9,0.0,0.45,0.0,0.1
vanilla_base,prompt_token_pos,0.0,0,1.0,popular,negative_absent_plain,520,0,18,502,0,0.9653846153846154,0.0,0.0,0.03461538461538462,0.9653846153846154,0.0,0.4826923076923077,0.0,0.03461538461538462
vanilla_base,prompt_token_pos,0.0,0,1.0,random,all,3000,1220,55,1445,280,0.8883333333333333,0.9568627450980393,0.8133333333333334,0.03666666666666667,0.9633333333333334,0.8792792792792793,0.8883333333333334,0.7855544321322164,0.425
vanilla_base,prompt_token_pos,0.0,0,1.0,random,positive,1500,1220,0,0,280,0.8133333333333334,1.0,0.8133333333333334,0.0,0.0,0.8970588235294117,0.4066666666666667,0.0,0.8133333333333334
vanilla_base,prompt_token_pos,0.0,0,1.0,random,negative,1500,0,55,1445,0,0.9633333333333334,0.0,0.0,0.03666666666666667,0.9633333333333334,0.0,0.4816666666666667,0.0,0.03666666666666667
vanilla_base,prompt_token_pos,0.0,0,1.0,random,negative_related_present,840,0,46,794,0,0.9452380952380952,0.0,0.0,0.05476190476190476,0.9452380952380952,0.0,0.4726190476190476,0.0,0.05476190476190476
vanilla_base,prompt_token_pos,0.0,0,1.0,random,negative_absent_plain,660,0,9,651,0,0.9863636363636363,0.0,0.0,0.013636363636363636,0.9863636363636363,0.0,0.49318181818181817,0.0,0.013636363636363636
vanilla_base,prompt_token_pos,0.0,0,1.0,macro,all,9000,3658,391,4109,842,0.863,0.9034329464065202,0.8128888888888889,0.08688888888888889,0.9131111111111111,0.855772604983039,0.863,0.729673851023138,0.4498888888888889
vanilla_base,prompt_token_pos,0.0,0,1.0,macro,positive,4500,3658,0,0,842,0.8128888888888889,1.0,0.8128888888888889,0.0,0.0,0.8967884285364061,0.40644444444444444,0.0,0.8128888888888889
vanilla_base,prompt_token_pos,0.0,0,1.0,macro,negative,4500,0,391,4109,0,0.9131111111111111,0.0,0.0,0.08688888888888889,0.9131111111111111,0.0,0.45655555555555555,0.0,0.08688888888888889
vanilla_base,prompt_token_pos,0.0,0,1.0,macro,negative_related_present,3092,0,352,2740,0,0.8861578266494179,0.0,0.0,0.11384217335058215,0.8861578266494179,0.0,0.44307891332470895,0.0,0.11384217335058215
vanilla_base,prompt_token_pos,0.0,0,1.0,macro,negative_absent_plain,1408,0,39,1369,0,0.9723011363636364,0.0,0.0,0.027698863636363636,0.9723011363636364,0.0,0.4861505681818182,0.0,0.027698863636363636
full_tdev,prompt_token_pos,1.0,9000,0.0,adversarial,all,3000,1209,139,1361,291,0.8566666666666667,0.8968842729970327,0.806,0.09266666666666666,0.9073333333333333,0.8490168539325843,0.8566666666666667,0.717024194183559,0.4493333333333333
full_tdev,prompt_token_pos,1.0,9000,0.0,adversarial,positive,1500,1209,0,0,291,0.806,1.0,0.806,0.0,0.0,0.8925802879291251,0.403,0.0,0.806
full_tdev,prompt_token_pos,1.0,9000,0.0,adversarial,negative,1500,0,139,1361,0,0.9073333333333333,0.0,0.0,0.09266666666666666,0.9073333333333333,0.0,0.45366666666666666,0.0,0.09266666666666666
full_tdev,prompt_token_pos,1.0,9000,0.0,adversarial,negative_related_present,1272,0,133,1139,0,0.8954402515723271,0.0,0.0,0.10455974842767296,0.8954402515723271,0.0,0.44772012578616355,0.0,0.10455974842767296
full_tdev,prompt_token_pos,1.0,9000,0.0,adversarial,negative_absent_plain,228,0,6,222,0,0.9736842105263158,0.0,0.0,0.02631578947368421,0.9736842105263158,0.0,0.4868421052631579,0.0,0.02631578947368421
full_tdev,prompt_token_pos,1.0,9000,0.0,popular,all,3000,1210,63,1437,290,0.8823333333333333,0.950510604870385,0.8066666666666666,0.042,0.958,0.8727010457987739,0.8823333333333333,0.7735761066657176,0.42433333333333334
full_tdev,prompt_token_pos,1.0,9000,0.0,popular,positive,1500,1210,0,0,290,0.8066666666666666,1.0,0.8066666666666666,0.0,0.0,0.8929889298892989,0.4033333333333333,0.0,0.8066666666666666
full_tdev,prompt_token_pos,1.0,9000,0.0,popular,negative,1500,0,63,1437,0,0.958,0.0,0.0,0.042,0.958,0.0,0.479,0.0,0.042
full_tdev,prompt_token_pos,1.0,9000,0.0,popular,negative_related_present,980,0,56,924,0,0.9428571428571428,0.0,0.0,0.05714285714285714,0.9428571428571428,0.0,0.4714285714285714,0.0,0.05714285714285714
full_tdev,prompt_token_pos,1.0,9000,0.0,popular,negative_absent_plain,520,0,7,513,0,0.9865384615384616,0.0,0.0,0.013461538461538462,0.9865384615384616,0.0,0.4932692307692308,0.0,0.013461538461538462
full_tdev,prompt_token_pos,1.0,9000,0.0,random,all,3000,1210,29,1471,290,0.8936666666666667,0.976594027441485,0.8066666666666666,0.019333333333333334,0.9806666666666667,0.8835341365461847,0.8936666666666666,0.7995296362896048,0.413
full_tdev,prompt_token_pos,1.0,9000,0.0,random,positive,1500,1210,0,0,290,0.8066666666666666,1.0,0.8066666666666666,0.0,0.0,0.8929889298892989,0.4033333333333333,0.0,0.8066666666666666
full_tdev,prompt_token_pos,1.0,9000,0.0,random,negative,1500,0,29,1471,0,0.9806666666666667,0.0,0.0,0.019333333333333334,0.9806666666666667,0.0,0.49033333333333334,0.0,0.019333333333333334
full_tdev,prompt_token_pos,1.0,9000,0.0,random,negative_related_present,840,0,25,815,0,0.9702380952380952,0.0,0.0,0.02976190476190476,0.9702380952380952,0.0,0.4851190476190476,0.0,0.02976190476190476
full_tdev,prompt_token_pos,1.0,9000,0.0,random,negative_absent_plain,660,0,4,656,0,0.9939393939393939,0.0,0.0,0.006060606060606061,0.9939393939393939,0.0,0.49696969696969695,0.0,0.006060606060606061
full_tdev,prompt_token_pos,1.0,9000,0.0,macro,all,9000,3629,231,4269,871,0.8775555555555555,0.9401554404145078,0.8064444444444444,0.051333333333333335,0.9486666666666667,0.8681818181818183,0.8775555555555555,0.7628658302177469,0.4288888888888889
full_tdev,prompt_token_pos,1.0,9000,0.0,macro,positive,4500,3629,0,0,871,0.8064444444444444,1.0,0.8064444444444444,0.0,0.0,0.8928527494156723,0.4032222222222222,0.0,0.8064444444444444
full_tdev,prompt_token_pos,1.0,9000,0.0,macro,negative,4500,0,231,4269,0,0.9486666666666667,0.0,0.0,0.051333333333333335,0.9486666666666667,0.0,0.47433333333333333,0.0,0.051333333333333335
full_tdev,prompt_token_pos,1.0,9000,0.0,macro,negative_related_present,3092,0,214,2878,0,0.9307891332470892,0.0,0.0,0.06921086675291074,0.9307891332470892,0.0,0.4653945666235446,0.0,0.06921086675291074
full_tdev,prompt_token_pos,1.0,9000,0.0,macro,negative_absent_plain,1408,0,17,1391,0,0.9879261363636364,0.0,0.0,0.012073863636363636,0.9879261363636364,0.0,0.4939630681818182,0.0,0.012073863636363636
all_selected,prompt_token_pos,0.1,900,0.9,adversarial,all,3000,1218,220,1280,282,0.8326666666666667,0.847009735744089,0.812,0.14666666666666667,0.8533333333333334,0.829135466303608,0.8326666666666667,0.6659024051264104,0.47933333333333333
all_selected,prompt_token_pos,0.1,900,0.9,adversarial,positive,1500,1218,0,0,282,0.812,1.0,0.812,0.0,0.0,0.8962472406181016,0.406,0.0,0.812
all_selected,prompt_token_pos,0.1,900,0.9,adversarial,negative,1500,0,220,1280,0,0.8533333333333334,0.0,0.0,0.14666666666666667,0.8533333333333334,0.0,0.4266666666666667,0.0,0.14666666666666667
all_selected,prompt_token_pos,0.1,900,0.9,adversarial,negative_related_present,1272,0,208,1064,0,0.8364779874213837,0.0,0.0,0.16352201257861634,0.8364779874213837,0.0,0.41823899371069184,0.0,0.16352201257861634
all_selected,prompt_token_pos,0.1,900,0.9,adversarial,negative_absent_plain,228,0,12,216,0,0.9473684210526315,0.0,0.0,0.05263157894736842,0.9473684210526315,0.0,0.47368421052631576,0.0,0.05263157894736842
all_selected,prompt_token_pos,0.1,900,0.9,popular,all,3000,1220,113,1387,280,0.869,0.9152288072018004,0.8133333333333334,0.07533333333333334,0.9246666666666666,0.8612777973879279,0.869,0.7426167595446257,0.44433333333333336
all_selected,prompt_token_pos,0.1,900,0.9,popular,positive,1500,1220,0,0,280,0.8133333333333334,1.0,0.8133333333333334,0.0,0.0,0.8970588235294117,0.4066666666666667,0.0,0.8133333333333334
all_selected,prompt_token_pos,0.1,900,0.9,popular,negative,1500,0,113,1387,0,0.9246666666666666,0.0,0.0,0.07533333333333334,0.9246666666666666,0.0,0.4623333333333333,0.0,0.07533333333333334
all_selected,prompt_token_pos,0.1,900,0.9,popular,negative_related_present,980,0,96,884,0,0.9020408163265307,0.0,0.0,0.09795918367346938,0.9020408163265307,0.0,0.45102040816326533,0.0,0.09795918367346938
all_selected,prompt_token_pos,0.1,900,0.9,popular,negative_absent_plain,520,0,17,503,0,0.9673076923076923,0.0,0.0,0.032692307692307694,0.9673076923076923,0.0,0.48365384615384616,0.0,0.032692307692307694
all_selected,prompt_token_pos,0.1,900,0.9,random,all,3000,1218,50,1450,282,0.8893333333333333,0.9605678233438486,0.812,0.03333333333333333,0.9666666666666667,0.8800578034682082,0.8893333333333333,0.7881507118873372,0.4226666666666667
all_selected,prompt_token_pos,0.1,900,0.9,random,positive,1500,1218,0,0,282,0.812,1.0,0.812,0.0,0.0,0.8962472406181016,0.406,0.0,0.812
all_selected,prompt_token_pos,0.1,900,0.9,random,negative,1500,0,50,1450,0,0.9666666666666667,0.0,0.0,0.03333333333333333,0.9666666666666667,0.0,0.48333333333333334,0.0,0.03333333333333333
all_selected,prompt_token_pos,0.1,900,0.9,random,negative_related_present,840,0,42,798,0,0.95,0.0,0.0,0.05,0.95,0.0,0.475,0.0,0.05
all_selected,prompt_token_pos,0.1,900,0.9,random,negative_absent_plain,660,0,8,652,0,0.9878787878787879,0.0,0.0,0.012121212121212121,0.9878787878787879,0.0,0.49393939393939396,0.0,0.012121212121212121
all_selected,prompt_token_pos,0.1,900,0.9,macro,all,9000,3656,383,4117,844,0.8636666666666667,0.905174548155484,0.8124444444444444,0.08511111111111111,0.9148888888888889,0.8563063590584378,0.8636666666666666,0.7311802720595671,0.4487777777777778
all_selected,prompt_token_pos,0.1,900,0.9,macro,positive,4500,3656,0,0,844,0.8124444444444444,1.0,0.8124444444444444,0.0,0.0,0.8965179009318293,0.4062222222222222,0.0,0.8124444444444444
all_selected,prompt_token_pos,0.1,900,0.9,macro,negative,4500,0,383,4117,0,0.9148888888888889,0.0,0.0,0.08511111111111111,0.9148888888888889,0.0,0.45744444444444443,0.0,0.08511111111111111
all_selected,prompt_token_pos,0.1,900,0.9,macro,negative_related_present,3092,0,346,2746,0,0.8880983182406209,0.0,0.0,0.11190168175937905,0.8880983182406209,0.0,0.44404915912031045,0.0,0.11190168175937905
all_selected,prompt_token_pos,0.1,900,0.9,macro,negative_absent_plain,1408,0,37,1371,0,0.9737215909090909,0.0,0.0,0.026278409090909092,0.9737215909090909,0.0,0.48686079545454547,0.0,0.026278409090909092
base_yes_selected,prompt_token_pos,0.1,405,0.955,adversarial,all,3000,1217,219,1281,283,0.8326666666666667,0.8474930362116991,0.8113333333333334,0.146,0.854,0.8290190735694822,0.8326666666666667,0.665939762622363,0.4786666666666667
base_yes_selected,prompt_token_pos,0.1,405,0.955,adversarial,positive,1500,1217,0,0,283,0.8113333333333334,1.0,0.8113333333333334,0.0,0.0,0.8958410011041591,0.4056666666666667,0.0,0.8113333333333334
base_yes_selected,prompt_token_pos,0.1,405,0.955,adversarial,negative,1500,0,219,1281,0,0.854,0.0,0.0,0.146,0.854,0.0,0.427,0.0,0.146
base_yes_selected,prompt_token_pos,0.1,405,0.955,adversarial,negative_related_present,1272,0,207,1065,0,0.8372641509433962,0.0,0.0,0.16273584905660377,0.8372641509433962,0.0,0.4186320754716981,0.0,0.16273584905660377
base_yes_selected,prompt_token_pos,0.1,405,0.955,adversarial,negative_absent_plain,228,0,12,216,0,0.9473684210526315,0.0,0.0,0.05263157894736842,0.9473684210526315,0.0,0.47368421052631576,0.0,0.05263157894736842
base_yes_selected,prompt_token_pos,0.1,405,0.955,popular,all,3000,1213,109,1391,287,0.868,0.9175491679273827,0.8086666666666666,0.07266666666666667,0.9273333333333333,0.859673990077959,0.868,0.7412374743060757,0.44066666666666665
base_yes_selected,prompt_token_pos,0.1,405,0.955,popular,positive,1500,1213,0,0,287,0.8086666666666666,1.0,0.8086666666666666,0.0,0.0,0.8942130482860302,0.4043333333333333,0.0,0.8086666666666666
base_yes_selected,prompt_token_pos,0.1,405,0.955,popular,negative,1500,0,109,1391,0,0.9273333333333333,0.0,0.0,0.07266666666666667,0.9273333333333333,0.0,0.46366666666666667,0.0,0.07266666666666667
base_yes_selected,prompt_token_pos,0.1,405,0.955,popular,negative_related_present,980,0,92,888,0,0.9061224489795918,0.0,0.0,0.09387755102040816,0.9061224489795918,0.0,0.4530612244897959,0.0,0.09387755102040816
base_yes_selected,prompt_token_pos,0.1,405,0.955,popular,negative_absent_plain,520,0,17,503,0,0.9673076923076923,0.0,0.0,0.032692307692307694,0.9673076923076923,0.0,0.48365384615384616,0.0,0.032692307692307694
base_yes_selected,prompt_token_pos,0.1,405,0.955,random,all,3000,1213,49,1451,287,0.888,0.9611727416798732,0.8086666666666666,0.03266666666666666,0.9673333333333334,0.8783490224475018,0.888,0.7859563313526355,0.4206666666666667
base_yes_selected,prompt_token_pos,0.1,405,0.955,random,positive,1500,1213,0,0,287,0.8086666666666666,1.0,0.8086666666666666,0.0,0.0,0.8942130482860302,0.4043333333333333,0.0,0.8086666666666666
base_yes_selected,prompt_token_pos,0.1,405,0.955,random,negative,1500,0,49,1451,0,0.9673333333333334,0.0,0.0,0.03266666666666666,0.9673333333333334,0.0,0.4836666666666667,0.0,0.03266666666666666
base_yes_selected,prompt_token_pos,0.1,405,0.955,random,negative_related_present,840,0,41,799,0,0.9511904761904761,0.0,0.0,0.04880952380952381,0.9511904761904761,0.0,0.47559523809523807,0.0,0.04880952380952381
base_yes_selected,prompt_token_pos,0.1,405,0.955,random,negative_absent_plain,660,0,8,652,0,0.9878787878787879,0.0,0.0,0.012121212121212121,0.9878787878787879,0.0,0.49393939393939396,0.0,0.012121212121212121
base_yes_selected,prompt_token_pos,0.1,405,0.955,macro,all,9000,3643,377,4123,857,0.8628888888888889,0.9062189054726368,0.8095555555555556,0.08377777777777778,0.9162222222222223,0.8551643192488264,0.8628888888888889,0.72994221735158,0.44666666666666666
base_yes_selected,prompt_token_pos,0.1,405,0.955,macro,positive,4500,3643,0,0,857,0.8095555555555556,1.0,0.8095555555555556,0.0,0.0,0.8947562323468009,0.4047777777777778,0.0,0.8095555555555556
base_yes_selected,prompt_token_pos,0.1,405,0.955,macro,negative,4500,0,377,4123,0,0.9162222222222223,0.0,0.0,0.08377777777777778,0.9162222222222223,0.0,0.45811111111111114,0.0,0.08377777777777778
base_yes_selected,prompt_token_pos,0.1,405,0.955,macro,negative_related_present,3092,0,340,2752,0,0.890038809831824,0.0,0.0,0.10996119016817593,0.890038809831824,0.0,0.445019404915912,0.0,0.10996119016817593
base_yes_selected,prompt_token_pos,0.1,405,0.955,macro,negative_absent_plain,1408,0,37,1371,0,0.9737215909090909,0.0,0.0,0.026278409090909092,0.9737215909090909,0.0,0.48686079545454547,0.0,0.026278409090909092
all_selected,prompt_token_pos,0.25,2250,0.75,adversarial,all,3000,1216,210,1290,284,0.8353333333333334,0.85273492286115,0.8106666666666666,0.14,0.86,0.8311688311688311,0.8353333333333333,0.6714842862127484,0.47533333333333333
all_selected,prompt_token_pos,0.25,2250,0.75,adversarial,positive,1500,1216,0,0,284,0.8106666666666666,1.0,0.8106666666666666,0.0,0.0,0.8954344624447718,0.4053333333333333,0.0,0.8106666666666666
all_selected,prompt_token_pos,0.25,2250,0.75,adversarial,negative,1500,0,210,1290,0,0.86,0.0,0.0,0.14,0.86,0.0,0.43,0.0,0.14
all_selected,prompt_token_pos,0.25,2250,0.75,adversarial,negative_related_present,1272,0,199,1073,0,0.8435534591194969,0.0,0.0,0.15644654088050314,0.8435534591194969,0.0,0.42177672955974843,0.0,0.15644654088050314
all_selected,prompt_token_pos,0.25,2250,0.75,adversarial,negative_absent_plain,228,0,11,217,0,0.9517543859649122,0.0,0.0,0.04824561403508772,0.9517543859649122,0.0,0.4758771929824561,0.0,0.04824561403508772
all_selected,prompt_token_pos,0.25,2250,0.75,popular,all,3000,1218,109,1391,282,0.8696666666666667,0.9178598342125094,0.812,0.07266666666666667,0.9273333333333333,0.8616908383445349,0.8696666666666667,0.7443001632303099,0.44233333333333336
all_selected,prompt_token_pos,0.25,2250,0.75,popular,positive,1500,1218,0,0,282,0.812,1.0,0.812,0.0,0.0,0.8962472406181016,0.406,0.0,0.812
all_selected,prompt_token_pos,0.25,2250,0.75,popular,negative,1500,0,109,1391,0,0.9273333333333333,0.0,0.0,0.07266666666666667,0.9273333333333333,0.0,0.46366666666666667,0.0,0.07266666666666667
all_selected,prompt_token_pos,0.25,2250,0.75,popular,negative_related_present,980,0,92,888,0,0.9061224489795918,0.0,0.0,0.09387755102040816,0.9061224489795918,0.0,0.4530612244897959,0.0,0.09387755102040816
all_selected,prompt_token_pos,0.25,2250,0.75,popular,negative_absent_plain,520,0,17,503,0,0.9673076923076923,0.0,0.0,0.032692307692307694,0.9673076923076923,0.0,0.48365384615384616,0.0,0.032692307692307694
all_selected,prompt_token_pos,0.25,2250,0.75,random,all,3000,1219,48,1452,281,0.8903333333333333,0.9621152328334649,0.8126666666666666,0.032,0.968,0.8810986628117093,0.8903333333333333,0.790258737420365,0.42233333333333334
all_selected,prompt_token_pos,0.25,2250,0.75,random,positive,1500,1219,0,0,281,0.8126666666666666,1.0,0.8126666666666666,0.0,0.0,0.8966531813166605,0.4063333333333333,0.0,0.8126666666666666
all_selected,prompt_token_pos,0.25,2250,0.75,random,negative,1500,0,48,1452,0,0.968,0.0,0.0,0.032,0.968,0.0,0.484,0.0,0.032
all_selected,prompt_token_pos,0.25,2250,0.75,random,negative_related_present,840,0,40,800,0,0.9523809523809523,0.0,0.0,0.047619047619047616,0.9523809523809523,0.0,0.47619047619047616,0.0,0.047619047619047616
all_selected,prompt_token_pos,0.25,2250,0.75,random,negative_absent_plain,660,0,8,652,0,0.9878787878787879,0.0,0.0,0.012121212121212121,0.9878787878787879,0.0,0.49393939393939396,0.0,0.012121212121212121
all_selected,prompt_token_pos,0.25,2250,0.75,macro,all,9000,3653,367,4133,847,0.8651111111111112,0.9087064676616915,0.8117777777777778,0.08155555555555556,0.9184444444444444,0.8575117370892018,0.8651111111111112,0.7344121635692872,0.44666666666666666
all_selected,prompt_token_pos,0.25,2250,0.75,macro,positive,4500,3653,0,0,847,0.8117777777777778,1.0,0.8117777777777778,0.0,0.0,0.896111860664786,0.4058888888888889,0.0,0.8117777777777778
all_selected,prompt_token_pos,0.25,2250,0.75,macro,negative,4500,0,367,4133,0,0.9184444444444444,0.0,0.0,0.08155555555555556,0.9184444444444444,0.0,0.4592222222222222,0.0,0.08155555555555556
all_selected,prompt_token_pos,0.25,2250,0.75,macro,negative_related_present,3092,0,331,2761,0,0.8929495472186287,0.0,0.0,0.10705045278137128,0.8929495472186287,0.0,0.44647477360931437,0.0,0.10705045278137128
all_selected,prompt_token_pos,0.25,2250,0.75,macro,negative_absent_plain,1408,0,36,1372,0,0.9744318181818182,0.0,0.0,0.02556818181818182,0.9744318181818182,0.0,0.4872159090909091,0.0,0.02556818181818182
base_yes_selected,prompt_token_pos,0.25,1013,0.8874444444444445,adversarial,all,3000,1211,210,1290,289,0.8336666666666667,0.8522167487684729,0.8073333333333333,0.14,0.86,0.8291680931187949,0.8336666666666667,0.6682607803640881,0.4736666666666667
base_yes_selected,prompt_token_pos,0.25,1013,0.8874444444444445,adversarial,positive,1500,1211,0,0,289,0.8073333333333333,1.0,0.8073333333333333,0.0,0.0,0.8933972703799337,0.4036666666666667,0.0,0.8073333333333333
base_yes_selected,prompt_token_pos,0.25,1013,0.8874444444444445,adversarial,negative,1500,0,210,1290,0,0.86,0.0,0.0,0.14,0.86,0.0,0.43,0.0,0.14
base_yes_selected,prompt_token_pos,0.25,1013,0.8874444444444445,adversarial,negative_related_present,1272,0,199,1073,0,0.8435534591194969,0.0,0.0,0.15644654088050314,0.8435534591194969,0.0,0.42177672955974843,0.0,0.15644654088050314
base_yes_selected,prompt_token_pos,0.25,1013,0.8874444444444445,adversarial,negative_absent_plain,228,0,11,217,0,0.9517543859649122,0.0,0.0,0.04824561403508772,0.9517543859649122,0.0,0.4758771929824561,0.0,0.04824561403508772
base_yes_selected,prompt_token_pos,0.25,1013,0.8874444444444445,popular,all,3000,1213,109,1391,287,0.868,0.9175491679273827,0.8086666666666666,0.07266666666666667,0.9273333333333333,0.859673990077959,0.868,0.7412374743060757,0.44066666666666665
base_yes_selected,prompt_token_pos,0.25,1013,0.8874444444444445,popular,positive,1500,1213,0,0,287,0.8086666666666666,1.0,0.8086666666666666,0.0,0.0,0.8942130482860302,0.4043333333333333,0.0,0.8086666666666666
base_yes_selected,prompt_token_pos,0.25,1013,0.8874444444444445,popular,negative,1500,0,109,1391,0,0.9273333333333333,0.0,0.0,0.07266666666666667,0.9273333333333333,0.0,0.46366666666666667,0.0,0.07266666666666667
base_yes_selected,prompt_token_pos,0.25,1013,0.8874444444444445,popular,negative_related_present,980,0,92,888,0,0.9061224489795918,0.0,0.0,0.09387755102040816,0.9061224489795918,0.0,0.4530612244897959,0.0,0.09387755102040816
base_yes_selected,prompt_token_pos,0.25,1013,0.8874444444444445,popular,negative_absent_plain,520,0,17,503,0,0.9673076923076923,0.0,0.0,0.032692307692307694,0.9673076923076923,0.0,0.48365384615384616,0.0,0.032692307692307694
base_yes_selected,prompt_token_pos,0.25,1013,0.8874444444444445,random,all,3000,1208,41,1459,292,0.889,0.967173738991193,0.8053333333333333,0.027333333333333334,0.9726666666666667,0.878865041833394,0.889,0.7891263836334087,0.41633333333333333
base_yes_selected,prompt_token_pos,0.25,1013,0.8874444444444445,random,positive,1500,1208,0,0,292,0.8053333333333333,1.0,0.8053333333333333,0.0,0.0,0.8921713441654358,0.4026666666666667,0.0,0.8053333333333333
base_yes_selected,prompt_token_pos,0.25,1013,0.8874444444444445,random,negative,1500,0,41,1459,0,0.9726666666666667,0.0,0.0,0.027333333333333334,0.9726666666666667,0.0,0.48633333333333334,0.0,0.027333333333333334
base_yes_selected,prompt_token_pos,0.25,1013,0.8874444444444445,random,negative_related_present,840,0,34,806,0,0.9595238095238096,0.0,0.0,0.04047619047619048,0.9595238095238096,0.0,0.4797619047619048,0.0,0.04047619047619048
base_yes_selected,prompt_token_pos,0.25,1013,0.8874444444444445,random,negative_absent_plain,660,0,7,653,0,0.9893939393939394,0.0,0.0,0.010606060606060607,0.9893939393939394,0.0,0.4946969696969697,0.0,0.010606060606060607
base_yes_selected,prompt_token_pos,0.25,1013,0.8874444444444445,macro,all,9000,3632,360,4140,868,0.8635555555555555,0.9098196392785571,0.8071111111111111,0.08,0.92,0.8553933113518606,0.8635555555555556,0.7317889857713503,0.44355555555555554
base_yes_selected,prompt_token_pos,0.25,1013,0.8874444444444445,macro,positive,4500,3632,0,0,868,0.8071111111111111,1.0,0.8071111111111111,0.0,0.0,0.8932611903590753,0.40355555555555556,0.0,0.8071111111111111
base_yes_selected,prompt_token_pos,0.25,1013,0.8874444444444445,macro,negative,4500,0,360,4140,0,0.92,0.0,0.0,0.08,0.92,0.0,0.46,0.0,0.08
base_yes_selected,prompt_token_pos,0.25,1013,0.8874444444444445,macro,negative_related_present,3092,0,325,2767,0,0.8948900388098319,0.0,0.0,0.10510996119016817,0.8948900388098319,0.0,0.44744501940491593,0.0,0.10510996119016817
base_yes_selected,prompt_token_pos,0.25,1013,0.8874444444444445,macro,negative_absent_plain,1408,0,35,1373,0,0.9751420454545454,0.0,0.0,0.024857954545454544,0.9751420454545454,0.0,0.4875710227272727,0.0,0.024857954545454544
all_selected,prompt_token_pos,0.5,4500,0.5,adversarial,all,3000,1217,173,1327,283,0.848,0.8755395683453238,0.8113333333333334,0.11533333333333333,0.8846666666666667,0.8422145328719723,0.8480000000000001,0.6978790489028438,0.4633333333333333
all_selected,prompt_token_pos,0.5,4500,0.5,adversarial,positive,1500,1217,0,0,283,0.8113333333333334,1.0,0.8113333333333334,0.0,0.0,0.8958410011041591,0.4056666666666667,0.0,0.8113333333333334
all_selected,prompt_token_pos,0.5,4500,0.5,adversarial,negative,1500,0,173,1327,0,0.8846666666666667,0.0,0.0,0.11533333333333333,0.8846666666666667,0.0,0.44233333333333336,0.0,0.11533333333333333
all_selected,prompt_token_pos,0.5,4500,0.5,adversarial,negative_related_present,1272,0,162,1110,0,0.8726415094339622,0.0,0.0,0.12735849056603774,0.8726415094339622,0.0,0.4363207547169811,0.0,0.12735849056603774
all_selected,prompt_token_pos,0.5,4500,0.5,adversarial,negative_absent_plain,228,0,11,217,0,0.9517543859649122,0.0,0.0,0.04824561403508772,0.9517543859649122,0.0,0.4758771929824561,0.0,0.04824561403508772
all_selected,prompt_token_pos,0.5,4500,0.5,popular,all,3000,1218,104,1396,282,0.8713333333333333,0.9213313161875946,0.812,0.06933333333333333,0.9306666666666666,0.8632175761871015,0.8713333333333333,0.7479515818631959,0.44066666666666665
all_selected,prompt_token_pos,0.5,4500,0.5,popular,positive,1500,1218,0,0,282,0.812,1.0,0.812,0.0,0.0,0.8962472406181016,0.406,0.0,0.812
all_selected,prompt_token_pos,0.5,4500,0.5,popular,negative,1500,0,104,1396,0,0.9306666666666666,0.0,0.0,0.06933333333333333,0.9306666666666666,0.0,0.4653333333333333,0.0,0.06933333333333333
all_selected,prompt_token_pos,0.5,4500,0.5,popular,negative_related_present,980,0,87,893,0,0.9112244897959184,0.0,0.0,0.08877551020408163,0.9112244897959184,0.0,0.4556122448979592,0.0,0.08877551020408163
all_selected,prompt_token_pos,0.5,4500,0.5,popular,negative_absent_plain,520,0,17,503,0,0.9673076923076923,0.0,0.0,0.032692307692307694,0.9673076923076923,0.0,0.48365384615384616,0.0,0.032692307692307694
all_selected,prompt_token_pos,0.5,4500,0.5,random,all,3000,1220,41,1459,280,0.893,0.9674861221252974,0.8133333333333334,0.027333333333333334,0.9726666666666667,0.883737776168055,0.893,0.7961712129489543,0.42033333333333334
all_selected,prompt_token_pos,0.5,4500,0.5,random,positive,1500,1220,0,0,280,0.8133333333333334,1.0,0.8133333333333334,0.0,0.0,0.8970588235294117,0.4066666666666667,0.0,0.8133333333333334
all_selected,prompt_token_pos,0.5,4500,0.5,random,negative,1500,0,41,1459,0,0.9726666666666667,0.0,0.0,0.027333333333333334,0.9726666666666667,0.0,0.48633333333333334,0.0,0.027333333333333334
all_selected,prompt_token_pos,0.5,4500,0.5,random,negative_related_present,840,0,34,806,0,0.9595238095238096,0.0,0.0,0.04047619047619048,0.9595238095238096,0.0,0.4797619047619048,0.0,0.04047619047619048
all_selected,prompt_token_pos,0.5,4500,0.5,random,negative_absent_plain,660,0,7,653,0,0.9893939393939394,0.0,0.0,0.010606060606060607,0.9893939393939394,0.0,0.4946969696969697,0.0,0.010606060606060607
all_selected,prompt_token_pos,0.5,4500,0.5,macro,all,9000,3655,318,4182,845,0.8707777777777778,0.9199597281651145,0.8122222222222222,0.07066666666666667,0.9293333333333333,0.8627404697273693,0.8707777777777778,0.7466936903655631,0.4414444444444444
all_selected,prompt_token_pos,0.5,4500,0.5,macro,positive,4500,3655,0,0,845,0.8122222222222222,1.0,0.8122222222222222,0.0,0.0,0.8963825873697118,0.4061111111111111,0.0,0.8122222222222222
all_selected,prompt_token_pos,0.5,4500,0.5,macro,negative,4500,0,318,4182,0,0.9293333333333333,0.0,0.0,0.07066666666666667,0.9293333333333333,0.0,0.4646666666666667,0.0,0.07066666666666667
all_selected,prompt_token_pos,0.5,4500,0.5,macro,negative_related_present,3092,0,283,2809,0,0.9084734799482536,0.0,0.0,0.09152652005174644,0.9084734799482536,0.0,0.4542367399741268,0.0,0.09152652005174644
all_selected,prompt_token_pos,0.5,4500,0.5,macro,negative_absent_plain,1408,0,35,1373,0,0.9751420454545454,0.0,0.0,0.024857954545454544,0.9751420454545454,0.0,0.4875710227272727,0.0,0.024857954545454544
base_yes_selected,prompt_token_pos,0.5,2025,0.775,adversarial,all,3000,1207,172,1328,293,0.845,0.8752719361856418,0.8046666666666666,0.11466666666666667,0.8853333333333333,0.838485585272664,0.845,0.6922559692047563,0.45966666666666667
base_yes_selected,prompt_token_pos,0.5,2025,0.775,adversarial,positive,1500,1207,0,0,293,0.8046666666666666,1.0,0.8046666666666666,0.0,0.0,0.8917620982637606,0.4023333333333333,0.0,0.8046666666666666
base_yes_selected,prompt_token_pos,0.5,2025,0.775,adversarial,negative,1500,0,172,1328,0,0.8853333333333333,0.0,0.0,0.11466666666666667,0.8853333333333333,0.0,0.44266666666666665,0.0,0.11466666666666667
base_yes_selected,prompt_token_pos,0.5,2025,0.775,adversarial,negative_related_present,1272,0,161,1111,0,0.8734276729559748,0.0,0.0,0.12657232704402516,0.8734276729559748,0.0,0.4367138364779874,0.0,0.12657232704402516
base_yes_selected,prompt_token_pos,0.5,2025,0.775,adversarial,negative_absent_plain,228,0,11,217,0,0.9517543859649122,0.0,0.0,0.04824561403508772,0.9517543859649122,0.0,0.4758771929824561,0.0,0.04824561403508772
base_yes_selected,prompt_token_pos,0.5,2025,0.775,popular,all,3000,1208,104,1396,292,0.868,0.9207317073170732,0.8053333333333333,0.06933333333333333,0.9306666666666666,0.8591749644381224,0.868,0.7418497159400562,0.43733333333333335
base_yes_selected,prompt_token_pos,0.5,2025,0.775,popular,positive,1500,1208,0,0,292,0.8053333333333333,1.0,0.8053333333333333,0.0,0.0,0.8921713441654358,0.4026666666666667,0.0,0.8053333333333333
base_yes_selected,prompt_token_pos,0.5,2025,0.775,popular,negative,1500,0,104,1396,0,0.9306666666666666,0.0,0.0,0.06933333333333333,0.9306666666666666,0.0,0.4653333333333333,0.0,0.06933333333333333
base_yes_selected,prompt_token_pos,0.5,2025,0.775,popular,negative_related_present,980,0,87,893,0,0.9112244897959184,0.0,0.0,0.08877551020408163,0.9112244897959184,0.0,0.4556122448979592,0.0,0.08877551020408163
base_yes_selected,prompt_token_pos,0.5,2025,0.775,popular,negative_absent_plain,520,0,17,503,0,0.9673076923076923,0.0,0.0,0.032692307692307694,0.9673076923076923,0.0,0.48365384615384616,0.0,0.032692307692307694
base_yes_selected,prompt_token_pos,0.5,2025,0.775,random,all,3000,1208,40,1460,292,0.8893333333333333,0.967948717948718,0.8053333333333333,0.02666666666666667,0.9733333333333334,0.8791848617176129,0.8893333333333333,0.7898934256794545,0.416
base_yes_selected,prompt_token_pos,0.5,2025,0.775,random,positive,1500,1208,0,0,292,0.8053333333333333,1.0,0.8053333333333333,0.0,0.0,0.8921713441654358,0.4026666666666667,0.0,0.8053333333333333
base_yes_selected,prompt_token_pos,0.5,2025,0.775,random,negative,1500,0,40,1460,0,0.9733333333333334,0.0,0.0,0.02666666666666667,0.9733333333333334,0.0,0.4866666666666667,0.0,0.02666666666666667
base_yes_selected,prompt_token_pos,0.5,2025,0.775,random,negative_related_present,840,0,33,807,0,0.9607142857142857,0.0,0.0,0.039285714285714285,0.9607142857142857,0.0,0.48035714285714287,0.0,0.039285714285714285
base_yes_selected,prompt_token_pos,0.5,2025,0.775,random,negative_absent_plain,660,0,7,653,0,0.9893939393939394,0.0,0.0,0.010606060606060607,0.9893939393939394,0.0,0.4946969696969697,0.0,0.010606060606060607
base_yes_selected,prompt_token_pos,0.5,2025,0.775,macro,all,9000,3623,316,4184,877,0.8674444444444445,0.9197765930439198,0.8051111111111111,0.07022222222222223,0.9297777777777778,0.8586325394004028,0.8674444444444445,0.7406670691005821,0.43766666666666665
base_yes_selected,prompt_token_pos,0.5,2025,0.775,macro,positive,4500,3623,0,0,877,0.8051111111111111,1.0,0.8051111111111111,0.0,0.0,0.892034962452296,0.40255555555555556,0.0,0.8051111111111111
base_yes_selected,prompt_token_pos,0.5,2025,0.775,macro,negative,4500,0,316,4184,0,0.9297777777777778,0.0,0.0,0.07022222222222223,0.9297777777777778,0.0,0.4648888888888889,0.0,0.07022222222222223
base_yes_selected,prompt_token_pos,0.5,2025,0.775,macro,negative_related_present,3092,0,281,2811,0,0.9091203104786546,0.0,0.0,0.09087968952134541,0.9091203104786546,0.0,0.4545601552393273,0.0,0.09087968952134541
base_yes_selected,prompt_token_pos,0.5,2025,0.775,macro,negative_absent_plain,1408,0,35,1373,0,0.9751420454545454,0.0,0.0,0.024857954545454544,0.9751420454545454,0.0,0.4875710227272727,0.0,0.024857954545454544
all_selected,prompt_token_pos,0.75,6750,0.25,adversarial,all,3000,1217,173,1327,283,0.848,0.8755395683453238,0.8113333333333334,0.11533333333333333,0.8846666666666667,0.8422145328719723,0.8480000000000001,0.6978790489028438,0.4633333333333333
all_selected,prompt_token_pos,0.75,6750,0.25,adversarial,positive,1500,1217,0,0,283,0.8113333333333334,1.0,0.8113333333333334,0.0,0.0,0.8958410011041591,0.4056666666666667,0.0,0.8113333333333334
all_selected,prompt_token_pos,0.75,6750,0.25,adversarial,negative,1500,0,173,1327,0,0.8846666666666667,0.0,0.0,0.11533333333333333,0.8846666666666667,0.0,0.44233333333333336,0.0,0.11533333333333333
all_selected,prompt_token_pos,0.75,6750,0.25,adversarial,negative_related_present,1272,0,162,1110,0,0.8726415094339622,0.0,0.0,0.12735849056603774,0.8726415094339622,0.0,0.4363207547169811,0.0,0.12735849056603774
all_selected,prompt_token_pos,0.75,6750,0.25,adversarial,negative_absent_plain,228,0,11,217,0,0.9517543859649122,0.0,0.0,0.04824561403508772,0.9517543859649122,0.0,0.4758771929824561,0.0,0.04824561403508772
all_selected,prompt_token_pos,0.75,6750,0.25,popular,all,3000,1215,83,1417,285,0.8773333333333333,0.9360554699537751,0.81,0.05533333333333333,0.9446666666666667,0.8684774839170837,0.8773333333333333,0.7616041515457947,0.43266666666666664
all_selected,prompt_token_pos,0.75,6750,0.25,popular,positive,1500,1215,0,0,285,0.81,1.0,0.81,0.0,0.0,0.8950276243093923,0.405,0.0,0.81
all_selected,prompt_token_pos,0.75,6750,0.25,popular,negative,1500,0,83,1417,0,0.9446666666666667,0.0,0.0,0.05533333333333333,0.9446666666666667,0.0,0.4723333333333333,0.0,0.05533333333333333
all_selected,prompt_token_pos,0.75,6750,0.25,popular,negative_related_present,980,0,72,908,0,0.926530612244898,0.0,0.0,0.07346938775510205,0.926530612244898,0.0,0.463265306122449,0.0,0.07346938775510205
all_selected,prompt_token_pos,0.75,6750,0.25,popular,negative_absent_plain,520,0,11,509,0,0.9788461538461538,0.0,0.0,0.021153846153846155,0.9788461538461538,0.0,0.4894230769230769,0.0,0.021153846153846155
all_selected,prompt_token_pos,0.75,6750,0.25,random,all,3000,1210,29,1471,290,0.8936666666666667,0.976594027441485,0.8066666666666666,0.019333333333333334,0.9806666666666667,0.8835341365461847,0.8936666666666666,0.7995296362896048,0.413
all_selected,prompt_token_pos,0.75,6750,0.25,random,positive,1500,1210,0,0,290,0.8066666666666666,1.0,0.8066666666666666,0.0,0.0,0.8929889298892989,0.4033333333333333,0.0,0.8066666666666666
all_selected,prompt_token_pos,0.75,6750,0.25,random,negative,1500,0,29,1471,0,0.9806666666666667,0.0,0.0,0.019333333333333334,0.9806666666666667,0.0,0.49033333333333334,0.0,0.019333333333333334
all_selected,prompt_token_pos,0.75,6750,0.25,random,negative_related_present,840,0,25,815,0,0.9702380952380952,0.0,0.0,0.02976190476190476,0.9702380952380952,0.0,0.4851190476190476,0.0,0.02976190476190476
all_selected,prompt_token_pos,0.75,6750,0.25,random,negative_absent_plain,660,0,4,656,0,0.9939393939393939,0.0,0.0,0.006060606060606061,0.9939393939393939,0.0,0.49696969696969695,0.0,0.006060606060606061
all_selected,prompt_token_pos,0.75,6750,0.25,macro,all,9000,3642,285,4215,858,0.873,0.9274255156608098,0.8093333333333333,0.06333333333333334,0.9366666666666666,0.8643645425418299,0.873,0.7521222896091058,0.43633333333333335
all_selected,prompt_token_pos,0.75,6750,0.25,macro,positive,4500,3642,0,0,858,0.8093333333333333,1.0,0.8093333333333333,0.0,0.0,0.894620486366986,0.4046666666666667,0.0,0.8093333333333333
all_selected,prompt_token_pos,0.75,6750,0.25,macro,negative,4500,0,285,4215,0,0.9366666666666666,0.0,0.0,0.06333333333333334,0.9366666666666666,0.0,0.4683333333333333,0.0,0.06333333333333334
all_selected,prompt_token_pos,0.75,6750,0.25,macro,negative_related_present,3092,0,259,2833,0,0.916235446313066,0.0,0.0,0.08376455368693403,0.916235446313066,0.0,0.458117723156533,0.0,0.08376455368693403
all_selected,prompt_token_pos,0.75,6750,0.25,macro,negative_absent_plain,1408,0,26,1382,0,0.9815340909090909,0.0,0.0,0.018465909090909092,0.9815340909090909,0.0,0.49076704545454547,0.0,0.018465909090909092
base_yes_selected,prompt_token_pos,0.75,3037,0.6625555555555556,adversarial,all,3000,1207,172,1328,293,0.845,0.8752719361856418,0.8046666666666666,0.11466666666666667,0.8853333333333333,0.838485585272664,0.845,0.6922559692047563,0.45966666666666667
base_yes_selected,prompt_token_pos,0.75,3037,0.6625555555555556,adversarial,positive,1500,1207,0,0,293,0.8046666666666666,1.0,0.8046666666666666,0.0,0.0,0.8917620982637606,0.4023333333333333,0.0,0.8046666666666666
base_yes_selected,prompt_token_pos,0.75,3037,0.6625555555555556,adversarial,negative,1500,0,172,1328,0,0.8853333333333333,0.0,0.0,0.11466666666666667,0.8853333333333333,0.0,0.44266666666666665,0.0,0.11466666666666667
base_yes_selected,prompt_token_pos,0.75,3037,0.6625555555555556,adversarial,negative_related_present,1272,0,161,1111,0,0.8734276729559748,0.0,0.0,0.12657232704402516,0.8734276729559748,0.0,0.4367138364779874,0.0,0.12657232704402516
base_yes_selected,prompt_token_pos,0.75,3037,0.6625555555555556,adversarial,negative_absent_plain,228,0,11,217,0,0.9517543859649122,0.0,0.0,0.04824561403508772,0.9517543859649122,0.0,0.4758771929824561,0.0,0.04824561403508772
base_yes_selected,prompt_token_pos,0.75,3037,0.6625555555555556,popular,all,3000,1199,83,1417,301,0.872,0.9352574102964119,0.7993333333333333,0.05533333333333333,0.9446666666666667,0.8619698058950396,0.872,0.7519840035969201,0.42733333333333334
base_yes_selected,prompt_token_pos,0.75,3037,0.6625555555555556,popular,positive,1500,1199,0,0,301,0.7993333333333333,1.0,0.7993333333333333,0.0,0.0,0.8884772137828826,0.39966666666666667,0.0,0.7993333333333333
base_yes_selected,prompt_token_pos,0.75,3037,0.6625555555555556,popular,negative,1500,0,83,1417,0,0.9446666666666667,0.0,0.0,0.05533333333333333,0.9446666666666667,0.0,0.4723333333333333,0.0,0.05533333333333333
base_yes_selected,prompt_token_pos,0.75,3037,0.6625555555555556,popular,negative_related_present,980,0,72,908,0,0.926530612244898,0.0,0.0,0.07346938775510205,0.926530612244898,0.0,0.463265306122449,0.0,0.07346938775510205
base_yes_selected,prompt_token_pos,0.75,3037,0.6625555555555556,popular,negative_absent_plain,520,0,11,509,0,0.9788461538461538,0.0,0.0,0.021153846153846155,0.9788461538461538,0.0,0.4894230769230769,0.0,0.021153846153846155
base_yes_selected,prompt_token_pos,0.75,3037,0.6625555555555556,random,all,3000,1190,28,1472,310,0.8873333333333333,0.9770114942528736,0.7933333333333333,0.018666666666666668,0.9813333333333333,0.8756438557763062,0.8873333333333333,0.7887304979148512,0.406
base_yes_selected,prompt_token_pos,0.75,3037,0.6625555555555556,random,positive,1500,1190,0,0,310,0.7933333333333333,1.0,0.7933333333333333,0.0,0.0,0.8847583643122676,0.39666666666666667,0.0,0.7933333333333333
base_yes_selected,prompt_token_pos,0.75,3037,0.6625555555555556,random,negative,1500,0,28,1472,0,0.9813333333333333,0.0,0.0,0.018666666666666668,0.9813333333333333,0.0,0.49066666666666664,0.0,0.018666666666666668
base_yes_selected,prompt_token_pos,0.75,3037,0.6625555555555556,random,negative_related_present,840,0,24,816,0,0.9714285714285714,0.0,0.0,0.02857142857142857,0.9714285714285714,0.0,0.4857142857142857,0.0,0.02857142857142857
base_yes_selected,prompt_token_pos,0.75,3037,0.6625555555555556,random,negative_absent_plain,660,0,4,656,0,0.9939393939393939,0.0,0.0,0.006060606060606061,0.9939393939393939,0.0,0.49696969696969695,0.0,0.006060606060606061
base_yes_selected,prompt_token_pos,0.75,3037,0.6625555555555556,macro,all,9000,3596,283,4217,904,0.8681111111111111,0.9270430523330755,0.7991111111111111,0.06288888888888888,0.9371111111111111,0.8583363169829336,0.8681111111111111,0.7433342744271705,0.431
base_yes_selected,prompt_token_pos,0.75,3037,0.6625555555555556,macro,positive,4500,3596,0,0,904,0.7991111111111111,1.0,0.7991111111111111,0.0,0.0,0.8883399209486166,0.39955555555555555,0.0,0.7991111111111111
base_yes_selected,prompt_token_pos,0.75,3037,0.6625555555555556,macro,negative,4500,0,283,4217,0,0.9371111111111111,0.0,0.0,0.06288888888888888,0.9371111111111111,0.0,0.46855555555555556,0.0,0.06288888888888888
base_yes_selected,prompt_token_pos,0.75,3037,0.6625555555555556,macro,negative_related_present,3092,0,257,2835,0,0.916882276843467,0.0,0.0,0.08311772315653299,0.916882276843467,0.0,0.4584411384217335,0.0,0.08311772315653299
base_yes_selected,prompt_token_pos,0.75,3037,0.6625555555555556,macro,negative_absent_plain,1408,0,26,1382,0,0.9815340909090909,0.0,0.0,0.018465909090909092,0.9815340909090909,0.0,0.49076704545454547,0.0,0.018465909090909092
all_selected,prompt_token_pos,1.0,9000,0.0,adversarial,all,3000,1209,139,1361,291,0.8566666666666667,0.8968842729970327,0.806,0.09266666666666666,0.9073333333333333,0.8490168539325843,0.8566666666666667,0.717024194183559,0.4493333333333333
all_selected,prompt_token_pos,1.0,9000,0.0,adversarial,positive,1500,1209,0,0,291,0.806,1.0,0.806,0.0,0.0,0.8925802879291251,0.403,0.0,0.806
all_selected,prompt_token_pos,1.0,9000,0.0,adversarial,negative,1500,0,139,1361,0,0.9073333333333333,0.0,0.0,0.09266666666666666,0.9073333333333333,0.0,0.45366666666666666,0.0,0.09266666666666666
all_selected,prompt_token_pos,1.0,9000,0.0,adversarial,negative_related_present,1272,0,133,1139,0,0.8954402515723271,0.0,0.0,0.10455974842767296,0.8954402515723271,0.0,0.44772012578616355,0.0,0.10455974842767296
all_selected,prompt_token_pos,1.0,9000,0.0,adversarial,negative_absent_plain,228,0,6,222,0,0.9736842105263158,0.0,0.0,0.02631578947368421,0.9736842105263158,0.0,0.4868421052631579,0.0,0.02631578947368421
all_selected,prompt_token_pos,1.0,9000,0.0,popular,all,3000,1210,63,1437,290,0.8823333333333333,0.950510604870385,0.8066666666666666,0.042,0.958,0.8727010457987739,0.8823333333333333,0.7735761066657176,0.42433333333333334
all_selected,prompt_token_pos,1.0,9000,0.0,popular,positive,1500,1210,0,0,290,0.8066666666666666,1.0,0.8066666666666666,0.0,0.0,0.8929889298892989,0.4033333333333333,0.0,0.8066666666666666
all_selected,prompt_token_pos,1.0,9000,0.0,popular,negative,1500,0,63,1437,0,0.958,0.0,0.0,0.042,0.958,0.0,0.479,0.0,0.042
all_selected,prompt_token_pos,1.0,9000,0.0,popular,negative_related_present,980,0,56,924,0,0.9428571428571428,0.0,0.0,0.05714285714285714,0.9428571428571428,0.0,0.4714285714285714,0.0,0.05714285714285714
all_selected,prompt_token_pos,1.0,9000,0.0,popular,negative_absent_plain,520,0,7,513,0,0.9865384615384616,0.0,0.0,0.013461538461538462,0.9865384615384616,0.0,0.4932692307692308,0.0,0.013461538461538462
all_selected,prompt_token_pos,1.0,9000,0.0,random,all,3000,1210,29,1471,290,0.8936666666666667,0.976594027441485,0.8066666666666666,0.019333333333333334,0.9806666666666667,0.8835341365461847,0.8936666666666666,0.7995296362896048,0.413
all_selected,prompt_token_pos,1.0,9000,0.0,random,positive,1500,1210,0,0,290,0.8066666666666666,1.0,0.8066666666666666,0.0,0.0,0.8929889298892989,0.4033333333333333,0.0,0.8066666666666666
all_selected,prompt_token_pos,1.0,9000,0.0,random,negative,1500,0,29,1471,0,0.9806666666666667,0.0,0.0,0.019333333333333334,0.9806666666666667,0.0,0.49033333333333334,0.0,0.019333333333333334
all_selected,prompt_token_pos,1.0,9000,0.0,random,negative_related_present,840,0,25,815,0,0.9702380952380952,0.0,0.0,0.02976190476190476,0.9702380952380952,0.0,0.4851190476190476,0.0,0.02976190476190476
all_selected,prompt_token_pos,1.0,9000,0.0,random,negative_absent_plain,660,0,4,656,0,0.9939393939393939,0.0,0.0,0.006060606060606061,0.9939393939393939,0.0,0.49696969696969695,0.0,0.006060606060606061
all_selected,prompt_token_pos,1.0,9000,0.0,macro,all,9000,3629,231,4269,871,0.8775555555555555,0.9401554404145078,0.8064444444444444,0.051333333333333335,0.9486666666666667,0.8681818181818183,0.8775555555555555,0.7628658302177469,0.4288888888888889
all_selected,prompt_token_pos,1.0,9000,0.0,macro,positive,4500,3629,0,0,871,0.8064444444444444,1.0,0.8064444444444444,0.0,0.0,0.8928527494156723,0.4032222222222222,0.0,0.8064444444444444
all_selected,prompt_token_pos,1.0,9000,0.0,macro,negative,4500,0,231,4269,0,0.9486666666666667,0.0,0.0,0.051333333333333335,0.9486666666666667,0.0,0.47433333333333333,0.0,0.051333333333333335
all_selected,prompt_token_pos,1.0,9000,0.0,macro,negative_related_present,3092,0,214,2878,0,0.9307891332470892,0.0,0.0,0.06921086675291074,0.9307891332470892,0.0,0.4653945666235446,0.0,0.06921086675291074
all_selected,prompt_token_pos,1.0,9000,0.0,macro,negative_absent_plain,1408,0,17,1391,0,0.9879261363636364,0.0,0.0,0.012073863636363636,0.9879261363636364,0.0,0.4939630681818182,0.0,0.012073863636363636
base_yes_selected,prompt_token_pos,1.0,4049,0.5501111111111111,adversarial,all,3000,1189,138,1362,311,0.8503333333333334,0.8960060286360211,0.7926666666666666,0.092,0.908,0.841174389812522,0.8503333333333334,0.7053737344950908,0.44233333333333336
base_yes_selected,prompt_token_pos,1.0,4049,0.5501111111111111,adversarial,positive,1500,1189,0,0,311,0.7926666666666666,1.0,0.7926666666666666,0.0,0.0,0.8843436221643733,0.3963333333333333,0.0,0.7926666666666666
base_yes_selected,prompt_token_pos,1.0,4049,0.5501111111111111,adversarial,negative,1500,0,138,1362,0,0.908,0.0,0.0,0.092,0.908,0.0,0.454,0.0,0.092
base_yes_selected,prompt_token_pos,1.0,4049,0.5501111111111111,adversarial,negative_related_present,1272,0,132,1140,0,0.8962264150943396,0.0,0.0,0.10377358490566038,0.8962264150943396,0.0,0.4481132075471698,0.0,0.10377358490566038
base_yes_selected,prompt_token_pos,1.0,4049,0.5501111111111111,adversarial,negative_absent_plain,228,0,6,222,0,0.9736842105263158,0.0,0.0,0.02631578947368421,0.9736842105263158,0.0,0.4868421052631579,0.0,0.02631578947368421
base_yes_selected,prompt_token_pos,1.0,4049,0.5501111111111111,popular,all,3000,1190,63,1437,310,0.8756666666666667,0.9497206703910615,0.7933333333333333,0.042,0.958,0.8645114420632037,0.8756666666666666,0.761731522180919,0.4176666666666667
base_yes_selected,prompt_token_pos,1.0,4049,0.5501111111111111,popular,positive,1500,1190,0,0,310,0.7933333333333333,1.0,0.7933333333333333,0.0,0.0,0.8847583643122676,0.39666666666666667,0.0,0.7933333333333333
base_yes_selected,prompt_token_pos,1.0,4049,0.5501111111111111,popular,negative,1500,0,63,1437,0,0.958,0.0,0.0,0.042,0.958,0.0,0.479,0.0,0.042
base_yes_selected,prompt_token_pos,1.0,4049,0.5501111111111111,popular,negative_related_present,980,0,56,924,0,0.9428571428571428,0.0,0.0,0.05714285714285714,0.9428571428571428,0.0,0.4714285714285714,0.0,0.05714285714285714
base_yes_selected,prompt_token_pos,1.0,4049,0.5501111111111111,popular,negative_absent_plain,520,0,7,513,0,0.9865384615384616,0.0,0.0,0.013461538461538462,0.9865384615384616,0.0,0.4932692307692308,0.0,0.013461538461538462
base_yes_selected,prompt_token_pos,1.0,4049,0.5501111111111111,random,all,3000,1190,28,1472,310,0.8873333333333333,0.9770114942528736,0.7933333333333333,0.018666666666666668,0.9813333333333333,0.8756438557763062,0.8873333333333333,0.7887304979148512,0.406
base_yes_selected,prompt_token_pos,1.0,4049,0.5501111111111111,random,positive,1500,1190,0,0,310,0.7933333333333333,1.0,0.7933333333333333,0.0,0.0,0.8847583643122676,0.39666666666666667,0.0,0.7933333333333333
base_yes_selected,prompt_token_pos,1.0,4049,0.5501111111111111,random,negative,1500,0,28,1472,0,0.9813333333333333,0.0,0.0,0.018666666666666668,0.9813333333333333,0.0,0.49066666666666664,0.0,0.018666666666666668
base_yes_selected,prompt_token_pos,1.0,4049,0.5501111111111111,random,negative_related_present,840,0,24,816,0,0.9714285714285714,0.0,0.0,0.02857142857142857,0.9714285714285714,0.0,0.4857142857142857,0.0,0.02857142857142857
base_yes_selected,prompt_token_pos,1.0,4049,0.5501111111111111,random,negative_absent_plain,660,0,4,656,0,0.9939393939393939,0.0,0.0,0.006060606060606061,0.9939393939393939,0.0,0.49696969696969695,0.0,0.006060606060606061
base_yes_selected,prompt_token_pos,1.0,4049,0.5501111111111111,macro,all,9000,3569,229,4271,931,0.8711111111111111,0.9397051079515535,0.7931111111111111,0.050888888888888886,0.9491111111111111,0.8602072788623765,0.8711111111111112,0.7514218383476658,0.422
base_yes_selected,prompt_token_pos,1.0,4049,0.5501111111111111,macro,positive,4500,3569,0,0,931,0.7931111111111111,1.0,0.7931111111111111,0.0,0.0,0.8846201511959351,0.39655555555555555,0.0,0.7931111111111111
base_yes_selected,prompt_token_pos,1.0,4049,0.5501111111111111,macro,negative,4500,0,229,4271,0,0.9491111111111111,0.0,0.0,0.050888888888888886,0.9491111111111111,0.0,0.47455555555555556,0.0,0.050888888888888886
base_yes_selected,prompt_token_pos,1.0,4049,0.5501111111111111,macro,negative_related_present,3092,0,212,2880,0,0.9314359637774903,0.0,0.0,0.0685640362225097,0.9314359637774903,0.0,0.46571798188874514,0.0,0.0685640362225097
base_yes_selected,prompt_token_pos,1.0,4049,0.5501111111111111,macro,negative_absent_plain,1408,0,17,1391,0,0.9879261363636364,0.0,0.0,0.012073863636363636,0.9879261363636364,0.0,0.4939630681818182,0.0,0.012073863636363636
vanilla_base,target_char_len,0.0,0,1.0,adversarial,all,3000,1218,220,1280,282,0.8326666666666667,0.847009735744089,0.812,0.14666666666666667,0.8533333333333334,0.829135466303608,0.8326666666666667,0.6659024051264104,0.47933333333333333
vanilla_base,target_char_len,0.0,0,1.0,adversarial,positive,1500,1218,0,0,282,0.812,1.0,0.812,0.0,0.0,0.8962472406181016,0.406,0.0,0.812
vanilla_base,target_char_len,0.0,0,1.0,adversarial,negative,1500,0,220,1280,0,0.8533333333333334,0.0,0.0,0.14666666666666667,0.8533333333333334,0.0,0.4266666666666667,0.0,0.14666666666666667
vanilla_base,target_char_len,0.0,0,1.0,adversarial,negative_related_present,1272,0,208,1064,0,0.8364779874213837,0.0,0.0,0.16352201257861634,0.8364779874213837,0.0,0.41823899371069184,0.0,0.16352201257861634
vanilla_base,target_char_len,0.0,0,1.0,adversarial,negative_absent_plain,228,0,12,216,0,0.9473684210526315,0.0,0.0,0.05263157894736842,0.9473684210526315,0.0,0.47368421052631576,0.0,0.05263157894736842
vanilla_base,target_char_len,0.0,0,1.0,popular,all,3000,1220,116,1384,280,0.868,0.9131736526946108,0.8133333333333334,0.07733333333333334,0.9226666666666666,0.8603667136812412,0.868,0.7404388256548138,0.44533333333333336
vanilla_base,target_char_len,0.0,0,1.0,popular,positive,1500,1220,0,0,280,0.8133333333333334,1.0,0.8133333333333334,0.0,0.0,0.8970588235294117,0.4066666666666667,0.0,0.8133333333333334
vanilla_base,target_char_len,0.0,0,1.0,popular,negative,1500,0,116,1384,0,0.9226666666666666,0.0,0.0,0.07733333333333334,0.9226666666666666,0.0,0.4613333333333333,0.0,0.07733333333333334
vanilla_base,target_char_len,0.0,0,1.0,popular,negative_related_present,980,0,98,882,0,0.9,0.0,0.0,0.1,0.9,0.0,0.45,0.0,0.1
vanilla_base,target_char_len,0.0,0,1.0,popular,negative_absent_plain,520,0,18,502,0,0.9653846153846154,0.0,0.0,0.03461538461538462,0.9653846153846154,0.0,0.4826923076923077,0.0,0.03461538461538462
vanilla_base,target_char_len,0.0,0,1.0,random,all,3000,1220,55,1445,280,0.8883333333333333,0.9568627450980393,0.8133333333333334,0.03666666666666667,0.9633333333333334,0.8792792792792793,0.8883333333333334,0.7855544321322164,0.425
vanilla_base,target_char_len,0.0,0,1.0,random,positive,1500,1220,0,0,280,0.8133333333333334,1.0,0.8133333333333334,0.0,0.0,0.8970588235294117,0.4066666666666667,0.0,0.8133333333333334
vanilla_base,target_char_len,0.0,0,1.0,random,negative,1500,0,55,1445,0,0.9633333333333334,0.0,0.0,0.03666666666666667,0.9633333333333334,0.0,0.4816666666666667,0.0,0.03666666666666667
vanilla_base,target_char_len,0.0,0,1.0,random,negative_related_present,840,0,46,794,0,0.9452380952380952,0.0,0.0,0.05476190476190476,0.9452380952380952,0.0,0.4726190476190476,0.0,0.05476190476190476
vanilla_base,target_char_len,0.0,0,1.0,random,negative_absent_plain,660,0,9,651,0,0.9863636363636363,0.0,0.0,0.013636363636363636,0.9863636363636363,0.0,0.49318181818181817,0.0,0.013636363636363636
vanilla_base,target_char_len,0.0,0,1.0,macro,all,9000,3658,391,4109,842,0.863,0.9034329464065202,0.8128888888888889,0.08688888888888889,0.9131111111111111,0.855772604983039,0.863,0.729673851023138,0.4498888888888889
vanilla_base,target_char_len,0.0,0,1.0,macro,positive,4500,3658,0,0,842,0.8128888888888889,1.0,0.8128888888888889,0.0,0.0,0.8967884285364061,0.40644444444444444,0.0,0.8128888888888889
vanilla_base,target_char_len,0.0,0,1.0,macro,negative,4500,0,391,4109,0,0.9131111111111111,0.0,0.0,0.08688888888888889,0.9131111111111111,0.0,0.45655555555555555,0.0,0.08688888888888889
vanilla_base,target_char_len,0.0,0,1.0,macro,negative_related_present,3092,0,352,2740,0,0.8861578266494179,0.0,0.0,0.11384217335058215,0.8861578266494179,0.0,0.44307891332470895,0.0,0.11384217335058215
vanilla_base,target_char_len,0.0,0,1.0,macro,negative_absent_plain,1408,0,39,1369,0,0.9723011363636364,0.0,0.0,0.027698863636363636,0.9723011363636364,0.0,0.4861505681818182,0.0,0.027698863636363636
full_tdev,target_char_len,1.0,9000,0.0,adversarial,all,3000,1209,139,1361,291,0.8566666666666667,0.8968842729970327,0.806,0.09266666666666666,0.9073333333333333,0.8490168539325843,0.8566666666666667,0.717024194183559,0.4493333333333333
full_tdev,target_char_len,1.0,9000,0.0,adversarial,positive,1500,1209,0,0,291,0.806,1.0,0.806,0.0,0.0,0.8925802879291251,0.403,0.0,0.806
full_tdev,target_char_len,1.0,9000,0.0,adversarial,negative,1500,0,139,1361,0,0.9073333333333333,0.0,0.0,0.09266666666666666,0.9073333333333333,0.0,0.45366666666666666,0.0,0.09266666666666666
full_tdev,target_char_len,1.0,9000,0.0,adversarial,negative_related_present,1272,0,133,1139,0,0.8954402515723271,0.0,0.0,0.10455974842767296,0.8954402515723271,0.0,0.44772012578616355,0.0,0.10455974842767296
full_tdev,target_char_len,1.0,9000,0.0,adversarial,negative_absent_plain,228,0,6,222,0,0.9736842105263158,0.0,0.0,0.02631578947368421,0.9736842105263158,0.0,0.4868421052631579,0.0,0.02631578947368421
full_tdev,target_char_len,1.0,9000,0.0,popular,all,3000,1210,63,1437,290,0.8823333333333333,0.950510604870385,0.8066666666666666,0.042,0.958,0.8727010457987739,0.8823333333333333,0.7735761066657176,0.42433333333333334
full_tdev,target_char_len,1.0,9000,0.0,popular,positive,1500,1210,0,0,290,0.8066666666666666,1.0,0.8066666666666666,0.0,0.0,0.8929889298892989,0.4033333333333333,0.0,0.8066666666666666
full_tdev,target_char_len,1.0,9000,0.0,popular,negative,1500,0,63,1437,0,0.958,0.0,0.0,0.042,0.958,0.0,0.479,0.0,0.042
full_tdev,target_char_len,1.0,9000,0.0,popular,negative_related_present,980,0,56,924,0,0.9428571428571428,0.0,0.0,0.05714285714285714,0.9428571428571428,0.0,0.4714285714285714,0.0,0.05714285714285714
full_tdev,target_char_len,1.0,9000,0.0,popular,negative_absent_plain,520,0,7,513,0,0.9865384615384616,0.0,0.0,0.013461538461538462,0.9865384615384616,0.0,0.4932692307692308,0.0,0.013461538461538462
full_tdev,target_char_len,1.0,9000,0.0,random,all,3000,1210,29,1471,290,0.8936666666666667,0.976594027441485,0.8066666666666666,0.019333333333333334,0.9806666666666667,0.8835341365461847,0.8936666666666666,0.7995296362896048,0.413
full_tdev,target_char_len,1.0,9000,0.0,random,positive,1500,1210,0,0,290,0.8066666666666666,1.0,0.8066666666666666,0.0,0.0,0.8929889298892989,0.4033333333333333,0.0,0.8066666666666666
full_tdev,target_char_len,1.0,9000,0.0,random,negative,1500,0,29,1471,0,0.9806666666666667,0.0,0.0,0.019333333333333334,0.9806666666666667,0.0,0.49033333333333334,0.0,0.019333333333333334
full_tdev,target_char_len,1.0,9000,0.0,random,negative_related_present,840,0,25,815,0,0.9702380952380952,0.0,0.0,0.02976190476190476,0.9702380952380952,0.0,0.4851190476190476,0.0,0.02976190476190476
full_tdev,target_char_len,1.0,9000,0.0,random,negative_absent_plain,660,0,4,656,0,0.9939393939393939,0.0,0.0,0.006060606060606061,0.9939393939393939,0.0,0.49696969696969695,0.0,0.006060606060606061
full_tdev,target_char_len,1.0,9000,0.0,macro,all,9000,3629,231,4269,871,0.8775555555555555,0.9401554404145078,0.8064444444444444,0.051333333333333335,0.9486666666666667,0.8681818181818183,0.8775555555555555,0.7628658302177469,0.4288888888888889
full_tdev,target_char_len,1.0,9000,0.0,macro,positive,4500,3629,0,0,871,0.8064444444444444,1.0,0.8064444444444444,0.0,0.0,0.8928527494156723,0.4032222222222222,0.0,0.8064444444444444
full_tdev,target_char_len,1.0,9000,0.0,macro,negative,4500,0,231,4269,0,0.9486666666666667,0.0,0.0,0.051333333333333335,0.9486666666666667,0.0,0.47433333333333333,0.0,0.051333333333333335
full_tdev,target_char_len,1.0,9000,0.0,macro,negative_related_present,3092,0,214,2878,0,0.9307891332470892,0.0,0.0,0.06921086675291074,0.9307891332470892,0.0,0.4653945666235446,0.0,0.06921086675291074
full_tdev,target_char_len,1.0,9000,0.0,macro,negative_absent_plain,1408,0,17,1391,0,0.9879261363636364,0.0,0.0,0.012073863636363636,0.9879261363636364,0.0,0.4939630681818182,0.0,0.012073863636363636
all_selected,target_char_len,0.1,900,0.9,adversarial,all,3000,1218,219,1281,282,0.833,0.8475991649269311,0.812,0.146,0.854,0.829417773237998,0.833,0.6665881902902469,0.479
all_selected,target_char_len,0.1,900,0.9,adversarial,positive,1500,1218,0,0,282,0.812,1.0,0.812,0.0,0.0,0.8962472406181016,0.406,0.0,0.812
all_selected,target_char_len,0.1,900,0.9,adversarial,negative,1500,0,219,1281,0,0.854,0.0,0.0,0.146,0.854,0.0,0.427,0.0,0.146
all_selected,target_char_len,0.1,900,0.9,adversarial,negative_related_present,1272,0,207,1065,0,0.8372641509433962,0.0,0.0,0.16273584905660377,0.8372641509433962,0.0,0.4186320754716981,0.0,0.16273584905660377
all_selected,target_char_len,0.1,900,0.9,adversarial,negative_absent_plain,228,0,12,216,0,0.9473684210526315,0.0,0.0,0.05263157894736842,0.9473684210526315,0.0,0.47368421052631576,0.0,0.05263157894736842
all_selected,target_char_len,0.1,900,0.9,popular,all,3000,1218,104,1396,282,0.8713333333333333,0.9213313161875946,0.812,0.06933333333333333,0.9306666666666666,0.8632175761871015,0.8713333333333333,0.7479515818631959,0.44066666666666665
all_selected,target_char_len,0.1,900,0.9,popular,positive,1500,1218,0,0,282,0.812,1.0,0.812,0.0,0.0,0.8962472406181016,0.406,0.0,0.812
all_selected,target_char_len,0.1,900,0.9,popular,negative,1500,0,104,1396,0,0.9306666666666666,0.0,0.0,0.06933333333333333,0.9306666666666666,0.0,0.4653333333333333,0.0,0.06933333333333333
all_selected,target_char_len,0.1,900,0.9,popular,negative_related_present,980,0,88,892,0,0.9102040816326531,0.0,0.0,0.08979591836734693,0.9102040816326531,0.0,0.45510204081632655,0.0,0.08979591836734693
all_selected,target_char_len,0.1,900,0.9,popular,negative_absent_plain,520,0,16,504,0,0.9692307692307692,0.0,0.0,0.03076923076923077,0.9692307692307692,0.0,0.4846153846153846,0.0,0.03076923076923077
all_selected,target_char_len,0.1,900,0.9,random,all,3000,1216,49,1451,284,0.889,0.9612648221343874,0.8106666666666666,0.03266666666666666,0.9673333333333334,0.8795660036166365,0.889,0.7877272216400626,0.4216666666666667
all_selected,target_char_len,0.1,900,0.9,random,positive,1500,1216,0,0,284,0.8106666666666666,1.0,0.8106666666666666,0.0,0.0,0.8954344624447718,0.4053333333333333,0.0,0.8106666666666666
all_selected,target_char_len,0.1,900,0.9,random,negative,1500,0,49,1451,0,0.9673333333333334,0.0,0.0,0.03266666666666666,0.9673333333333334,0.0,0.4836666666666667,0.0,0.03266666666666666
all_selected,target_char_len,0.1,900,0.9,random,negative_related_present,840,0,40,800,0,0.9523809523809523,0.0,0.0,0.047619047619047616,0.9523809523809523,0.0,0.47619047619047616,0.0,0.047619047619047616
all_selected,target_char_len,0.1,900,0.9,random,negative_absent_plain,660,0,9,651,0,0.9863636363636363,0.0,0.0,0.013636363636363636,0.9863636363636363,0.0,0.49318181818181817,0.0,0.013636363636363636
all_selected,target_char_len,0.1,900,0.9,macro,all,9000,3652,372,4128,848,0.8644444444444445,0.9075546719681908,0.8115555555555556,0.08266666666666667,0.9173333333333333,0.8568747067104645,0.8644444444444445,0.7330011767403649,0.4471111111111111
all_selected,target_char_len,0.1,900,0.9,macro,positive,4500,3652,0,0,848,0.8115555555555556,1.0,0.8115555555555556,0.0,0.0,0.8959764474975467,0.4057777777777778,0.0,0.8115555555555556
all_selected,target_char_len,0.1,900,0.9,macro,negative,4500,0,372,4128,0,0.9173333333333333,0.0,0.0,0.08266666666666667,0.9173333333333333,0.0,0.45866666666666667,0.0,0.08266666666666667
all_selected,target_char_len,0.1,900,0.9,macro,negative_related_present,3092,0,335,2757,0,0.8916558861578266,0.0,0.0,0.10834411384217335,0.8916558861578266,0.0,0.4458279430789133,0.0,0.10834411384217335
all_selected,target_char_len,0.1,900,0.9,macro,negative_absent_plain,1408,0,37,1371,0,0.9737215909090909,0.0,0.0,0.026278409090909092,0.9737215909090909,0.0,0.48686079545454547,0.0,0.026278409090909092
base_yes_selected,target_char_len,0.1,405,0.955,adversarial,all,3000,1216,215,1285,284,0.8336666666666667,0.8497554157931516,0.8106666666666666,0.14333333333333334,0.8566666666666667,0.8297509382463323,0.8336666666666667,0.6680404944628148,0.477
base_yes_selected,target_char_len,0.1,405,0.955,adversarial,positive,1500,1216,0,0,284,0.8106666666666666,1.0,0.8106666666666666,0.0,0.0,0.8954344624447718,0.4053333333333333,0.0,0.8106666666666666
base_yes_selected,target_char_len,0.1,405,0.955,adversarial,negative,1500,0,215,1285,0,0.8566666666666667,0.0,0.0,0.14333333333333334,0.8566666666666667,0.0,0.42833333333333334,0.0,0.14333333333333334
base_yes_selected,target_char_len,0.1,405,0.955,adversarial,negative_related_present,1272,0,204,1068,0,0.839622641509434,0.0,0.0,0.16037735849056603,0.839622641509434,0.0,0.419811320754717,0.0,0.16037735849056603
base_yes_selected,target_char_len,0.1,405,0.955,adversarial,negative_absent_plain,228,0,11,217,0,0.9517543859649122,0.0,0.0,0.04824561403508772,0.9517543859649122,0.0,0.4758771929824561,0.0,0.04824561403508772
base_yes_selected,target_char_len,0.1,405,0.955,popular,all,3000,1215,91,1409,285,0.8746666666666667,0.9303215926493109,0.81,0.06066666666666667,0.9393333333333334,0.86600142551675,0.8746666666666667,0.7556801592699889,0.43533333333333335
base_yes_selected,target_char_len,0.1,405,0.955,popular,positive,1500,1215,0,0,285,0.81,1.0,0.81,0.0,0.0,0.8950276243093923,0.405,0.0,0.81
base_yes_selected,target_char_len,0.1,405,0.955,popular,negative,1500,0,91,1409,0,0.9393333333333334,0.0,0.0,0.06066666666666667,0.9393333333333334,0.0,0.4696666666666667,0.0,0.06066666666666667
base_yes_selected,target_char_len,0.1,405,0.955,popular,negative_related_present,980,0,79,901,0,0.9193877551020408,0.0,0.0,0.08061224489795918,0.9193877551020408,0.0,0.4596938775510204,0.0,0.08061224489795918
base_yes_selected,target_char_len,0.1,405,0.955,popular,negative_absent_plain,520,0,12,508,0,0.9769230769230769,0.0,0.0,0.023076923076923078,0.9769230769230769,0.0,0.48846153846153845,0.0,0.023076923076923078
base_yes_selected,target_char_len,0.1,405,0.955,random,all,3000,1215,49,1451,285,0.8886666666666667,0.9612341772151899,0.81,0.03266666666666666,0.9673333333333334,0.8791606367583213,0.8886666666666667,0.7871366842647697,0.42133333333333334
base_yes_selected,target_char_len,0.1,405,0.955,random,positive,1500,1215,0,0,285,0.81,1.0,0.81,0.0,0.0,0.8950276243093923,0.405,0.0,0.81
base_yes_selected,target_char_len,0.1,405,0.955,random,negative,1500,0,49,1451,0,0.9673333333333334,0.0,0.0,0.03266666666666666,0.9673333333333334,0.0,0.4836666666666667,0.0,0.03266666666666666
base_yes_selected,target_char_len,0.1,405,0.955,random,negative_related_present,840,0,40,800,0,0.9523809523809523,0.0,0.0,0.047619047619047616,0.9523809523809523,0.0,0.47619047619047616,0.0,0.047619047619047616
base_yes_selected,target_char_len,0.1,405,0.955,random,negative_absent_plain,660,0,9,651,0,0.9863636363636363,0.0,0.0,0.013636363636363636,0.9863636363636363,0.0,0.49318181818181817,0.0,0.013636363636363636
base_yes_selected,target_char_len,0.1,405,0.955,macro,all,9000,3646,355,4145,854,0.8656666666666667,0.9112721819545113,0.8102222222222222,0.07888888888888888,0.9211111111111111,0.8577814374779437,0.8656666666666666,0.7358715932316342,0.44455555555555554
base_yes_selected,target_char_len,0.1,405,0.955,macro,positive,4500,3646,0,0,854,0.8102222222222222,1.0,0.8102222222222222,0.0,0.0,0.8951632703167198,0.4051111111111111,0.0,0.8102222222222222
base_yes_selected,target_char_len,0.1,405,0.955,macro,negative,4500,0,355,4145,0,0.9211111111111111,0.0,0.0,0.07888888888888888,0.9211111111111111,0.0,0.46055555555555555,0.0,0.07888888888888888
base_yes_selected,target_char_len,0.1,405,0.955,macro,negative_related_present,3092,0,323,2769,0,0.8955368693402329,0.0,0.0,0.10446313065976714,0.8955368693402329,0.0,0.44776843467011646,0.0,0.10446313065976714
base_yes_selected,target_char_len,0.1,405,0.955,macro,negative_absent_plain,1408,0,32,1376,0,0.9772727272727273,0.0,0.0,0.022727272727272728,0.9772727272727273,0.0,0.48863636363636365,0.0,0.022727272727272728
all_selected,target_char_len,0.25,2250,0.75,adversarial,all,3000,1214,200,1300,286,0.838,0.8585572842998586,0.8093333333333333,0.13333333333333333,0.8666666666666667,0.8332189430336308,0.8380000000000001,0.6771137901729976,0.4713333333333333
all_selected,target_char_len,0.25,2250,0.75,adversarial,positive,1500,1214,0,0,286,0.8093333333333333,1.0,0.8093333333333333,0.0,0.0,0.894620486366986,0.4046666666666667,0.0,0.8093333333333333
all_selected,target_char_len,0.25,2250,0.75,adversarial,negative,1500,0,200,1300,0,0.8666666666666667,0.0,0.0,0.13333333333333333,0.8666666666666667,0.0,0.43333333333333335,0.0,0.13333333333333333
all_selected,target_char_len,0.25,2250,0.75,adversarial,negative_related_present,1272,0,190,1082,0,0.85062893081761,0.0,0.0,0.14937106918238993,0.85062893081761,0.0,0.425314465408805,0.0,0.14937106918238993
all_selected,target_char_len,0.25,2250,0.75,adversarial,negative_absent_plain,228,0,10,218,0,0.956140350877193,0.0,0.0,0.043859649122807015,0.956140350877193,0.0,0.4780701754385965,0.0,0.043859649122807015
all_selected,target_char_len,0.25,2250,0.75,popular,all,3000,1218,91,1409,282,0.8756666666666667,0.93048128342246,0.812,0.06066666666666667,0.9393333333333334,0.8672125311498756,0.8756666666666667,0.7574993926626112,0.43633333333333335
all_selected,target_char_len,0.25,2250,0.75,popular,positive,1500,1218,0,0,282,0.812,1.0,0.812,0.0,0.0,0.8962472406181016,0.406,0.0,0.812
all_selected,target_char_len,0.25,2250,0.75,popular,negative,1500,0,91,1409,0,0.9393333333333334,0.0,0.0,0.06066666666666667,0.9393333333333334,0.0,0.4696666666666667,0.0,0.06066666666666667
all_selected,target_char_len,0.25,2250,0.75,popular,negative_related_present,980,0,79,901,0,0.9193877551020408,0.0,0.0,0.08061224489795918,0.9193877551020408,0.0,0.4596938775510204,0.0,0.08061224489795918
all_selected,target_char_len,0.25,2250,0.75,popular,negative_absent_plain,520,0,12,508,0,0.9769230769230769,0.0,0.0,0.023076923076923078,0.9769230769230769,0.0,0.48846153846153845,0.0,0.023076923076923078
all_selected,target_char_len,0.25,2250,0.75,random,all,3000,1216,44,1456,284,0.8906666666666667,0.9650793650793651,0.8106666666666666,0.029333333333333333,0.9706666666666667,0.8811594202898549,0.8906666666666667,0.7915306108420687,0.42
all_selected,target_char_len,0.25,2250,0.75,random,positive,1500,1216,0,0,284,0.8106666666666666,1.0,0.8106666666666666,0.0,0.0,0.8954344624447718,0.4053333333333333,0.0,0.8106666666666666
all_selected,target_char_len,0.25,2250,0.75,random,negative,1500,0,44,1456,0,0.9706666666666667,0.0,0.0,0.029333333333333333,0.9706666666666667,0.0,0.48533333333333334,0.0,0.029333333333333333
all_selected,target_char_len,0.25,2250,0.75,random,negative_related_present,840,0,36,804,0,0.9571428571428572,0.0,0.0,0.04285714285714286,0.9571428571428572,0.0,0.4785714285714286,0.0,0.04285714285714286
all_selected,target_char_len,0.25,2250,0.75,random,negative_absent_plain,660,0,8,652,0,0.9878787878787879,0.0,0.0,0.012121212121212121,0.9878787878787879,0.0,0.49393939393939396,0.0,0.012121212121212121
all_selected,target_char_len,0.25,2250,0.75,macro,all,9000,3648,335,4165,852,0.8681111111111111,0.9158925433090636,0.8106666666666666,0.07444444444444444,0.9255555555555556,0.8600730873511729,0.8681111111111111,0.74112972499936,0.44255555555555554
all_selected,target_char_len,0.25,2250,0.75,macro,positive,4500,3648,0,0,852,0.8106666666666666,1.0,0.8106666666666666,0.0,0.0,0.8954344624447718,0.4053333333333333,0.0,0.8106666666666666
all_selected,target_char_len,0.25,2250,0.75,macro,negative,4500,0,335,4165,0,0.9255555555555556,0.0,0.0,0.07444444444444444,0.9255555555555556,0.0,0.4627777777777778,0.0,0.07444444444444444
all_selected,target_char_len,0.25,2250,0.75,macro,negative_related_present,3092,0,305,2787,0,0.9013583441138422,0.0,0.0,0.09864165588615782,0.9013583441138422,0.0,0.4506791720569211,0.0,0.09864165588615782
all_selected,target_char_len,0.25,2250,0.75,macro,negative_absent_plain,1408,0,30,1378,0,0.9786931818181818,0.0,0.0,0.02130681818181818,0.9786931818181818,0.0,0.4893465909090909,0.0,0.02130681818181818
base_yes_selected,target_char_len,0.25,1013,0.8874444444444445,adversarial,all,3000,1211,188,1312,289,0.841,0.8656182987848463,0.8073333333333333,0.12533333333333332,0.8746666666666667,0.8354605036219387,0.841,0.6835512951402712,0.4663333333333333
base_yes_selected,target_char_len,0.25,1013,0.8874444444444445,adversarial,positive,1500,1211,0,0,289,0.8073333333333333,1.0,0.8073333333333333,0.0,0.0,0.8933972703799337,0.4036666666666667,0.0,0.8073333333333333
base_yes_selected,target_char_len,0.25,1013,0.8874444444444445,adversarial,negative,1500,0,188,1312,0,0.8746666666666667,0.0,0.0,0.12533333333333332,0.8746666666666667,0.0,0.43733333333333335,0.0,0.12533333333333332
base_yes_selected,target_char_len,0.25,1013,0.8874444444444445,adversarial,negative_related_present,1272,0,178,1094,0,0.860062893081761,0.0,0.0,0.139937106918239,0.860062893081761,0.0,0.4300314465408805,0.0,0.139937106918239
base_yes_selected,target_char_len,0.25,1013,0.8874444444444445,adversarial,negative_absent_plain,228,0,10,218,0,0.956140350877193,0.0,0.0,0.043859649122807015,0.956140350877193,0.0,0.4780701754385965,0.0,0.043859649122807015
base_yes_selected,target_char_len,0.25,1013,0.8874444444444445,popular,all,3000,1212,90,1410,288,0.874,0.9308755760368663,0.808,0.06,0.94,0.8650963597430407,0.874,0.7546029902704109,0.434
base_yes_selected,target_char_len,0.25,1013,0.8874444444444445,popular,positive,1500,1212,0,0,288,0.808,1.0,0.808,0.0,0.0,0.8938053097345133,0.404,0.0,0.808
base_yes_selected,target_char_len,0.25,1013,0.8874444444444445,popular,negative,1500,0,90,1410,0,0.94,0.0,0.0,0.06,0.94,0.0,0.47,0.0,0.06
base_yes_selected,target_char_len,0.25,1013,0.8874444444444445,popular,negative_related_present,980,0,78,902,0,0.9204081632653062,0.0,0.0,0.07959183673469387,0.9204081632653062,0.0,0.4602040816326531,0.0,0.07959183673469387
base_yes_selected,target_char_len,0.25,1013,0.8874444444444445,popular,negative_absent_plain,520,0,12,508,0,0.9769230769230769,0.0,0.0,0.023076923076923078,0.9769230769230769,0.0,0.48846153846153845,0.0,0.023076923076923078
base_yes_selected,target_char_len,0.25,1013,0.8874444444444445,random,all,3000,1210,44,1456,290,0.8886666666666667,0.9649122807017544,0.8066666666666666,0.029333333333333333,0.9706666666666667,0.878721859114016,0.8886666666666667,0.788002621868291,0.418
base_yes_selected,target_char_len,0.25,1013,0.8874444444444445,random,positive,1500,1210,0,0,290,0.8066666666666666,1.0,0.8066666666666666,0.0,0.0,0.8929889298892989,0.4033333333333333,0.0,0.8066666666666666
base_yes_selected,target_char_len,0.25,1013,0.8874444444444445,random,negative,1500,0,44,1456,0,0.9706666666666667,0.0,0.0,0.029333333333333333,0.9706666666666667,0.0,0.48533333333333334,0.0,0.029333333333333333
base_yes_selected,target_char_len,0.25,1013,0.8874444444444445,random,negative_related_present,840,0,36,804,0,0.9571428571428572,0.0,0.0,0.04285714285714286,0.9571428571428572,0.0,0.4785714285714286,0.0,0.04285714285714286
base_yes_selected,target_char_len,0.25,1013,0.8874444444444445,random,negative_absent_plain,660,0,8,652,0,0.9878787878787879,0.0,0.0,0.012121212121212121,0.9878787878787879,0.0,0.49393939393939396,0.0,0.012121212121212121
base_yes_selected,target_char_len,0.25,1013,0.8874444444444445,macro,all,9000,3633,322,4178,867,0.8678888888888889,0.9185840707964602,0.8073333333333333,0.07155555555555555,0.9284444444444444,0.8593731519810763,0.8678888888888889,0.7412340334414261,0.43944444444444447
base_yes_selected,target_char_len,0.25,1013,0.8874444444444445,macro,positive,4500,3633,0,0,867,0.8073333333333333,1.0,0.8073333333333333,0.0,0.0,0.8933972703799337,0.4036666666666667,0.0,0.8073333333333333
base_yes_selected,target_char_len,0.25,1013,0.8874444444444445,macro,negative,4500,0,322,4178,0,0.9284444444444444,0.0,0.0,0.07155555555555555,0.9284444444444444,0.0,0.4642222222222222,0.0,0.07155555555555555
base_yes_selected,target_char_len,0.25,1013,0.8874444444444445,macro,negative_related_present,3092,0,292,2800,0,0.9055627425614489,0.0,0.0,0.0944372574385511,0.9055627425614489,0.0,0.45278137128072443,0.0,0.0944372574385511
base_yes_selected,target_char_len,0.25,1013,0.8874444444444445,macro,negative_absent_plain,1408,0,30,1378,0,0.9786931818181818,0.0,0.0,0.02130681818181818,0.9786931818181818,0.0,0.4893465909090909,0.0,0.02130681818181818
all_selected,target_char_len,0.5,4500,0.5,adversarial,all,3000,1215,180,1320,285,0.845,0.8709677419354839,0.81,0.12,0.88,0.8393782383419689,0.845,0.691696738064813,0.465
all_selected,target_char_len,0.5,4500,0.5,adversarial,positive,1500,1215,0,0,285,0.81,1.0,0.81,0.0,0.0,0.8950276243093923,0.405,0.0,0.81
all_selected,target_char_len,0.5,4500,0.5,adversarial,negative,1500,0,180,1320,0,0.88,0.0,0.0,0.12,0.88,0.0,0.44,0.0,0.12
all_selected,target_char_len,0.5,4500,0.5,adversarial,negative_related_present,1272,0,170,1102,0,0.8663522012578616,0.0,0.0,0.13364779874213836,0.8663522012578616,0.0,0.4331761006289308,0.0,0.13364779874213836
all_selected,target_char_len,0.5,4500,0.5,adversarial,negative_absent_plain,228,0,10,218,0,0.956140350877193,0.0,0.0,0.043859649122807015,0.956140350877193,0.0,0.4780701754385965,0.0,0.043859649122807015
all_selected,target_char_len,0.5,4500,0.5,popular,all,3000,1216,79,1421,284,0.879,0.938996138996139,0.8106666666666666,0.05266666666666667,0.9473333333333334,0.8701252236135957,0.879,0.7651796101716358,0.43166666666666664
all_selected,target_char_len,0.5,4500,0.5,popular,positive,1500,1216,0,0,284,0.8106666666666666,1.0,0.8106666666666666,0.0,0.0,0.8954344624447718,0.4053333333333333,0.0,0.8106666666666666
all_selected,target_char_len,0.5,4500,0.5,popular,negative,1500,0,79,1421,0,0.9473333333333334,0.0,0.0,0.05266666666666667,0.9473333333333334,0.0,0.4736666666666667,0.0,0.05266666666666667
all_selected,target_char_len,0.5,4500,0.5,popular,negative_related_present,980,0,68,912,0,0.9306122448979591,0.0,0.0,0.06938775510204082,0.9306122448979591,0.0,0.46530612244897956,0.0,0.06938775510204082
all_selected,target_char_len,0.5,4500,0.5,popular,negative_absent_plain,520,0,11,509,0,0.9788461538461538,0.0,0.0,0.021153846153846155,0.9788461538461538,0.0,0.4894230769230769,0.0,0.021153846153846155
all_selected,target_char_len,0.5,4500,0.5,random,all,3000,1213,39,1461,287,0.8913333333333333,0.9688498402555911,0.8086666666666666,0.026,0.974,0.8815406976744186,0.8913333333333333,0.7935882305721211,0.41733333333333333
all_selected,target_char_len,0.5,4500,0.5,random,positive,1500,1213,0,0,287,0.8086666666666666,1.0,0.8086666666666666,0.0,0.0,0.8942130482860302,0.4043333333333333,0.0,0.8086666666666666
all_selected,target_char_len,0.5,4500,0.5,random,negative,1500,0,39,1461,0,0.974,0.0,0.0,0.026,0.974,0.0,0.487,0.0,0.026
all_selected,target_char_len,0.5,4500,0.5,random,negative_related_present,840,0,33,807,0,0.9607142857142857,0.0,0.0,0.039285714285714285,0.9607142857142857,0.0,0.48035714285714287,0.0,0.039285714285714285
all_selected,target_char_len,0.5,4500,0.5,random,negative_absent_plain,660,0,6,654,0,0.990909090909091,0.0,0.0,0.00909090909090909,0.990909090909091,0.0,0.4954545454545455,0.0,0.00909090909090909
all_selected,target_char_len,0.5,4500,0.5,macro,all,9000,3644,298,4202,856,0.8717777777777778,0.9244038559107052,0.8097777777777778,0.06622222222222222,0.9337777777777778,0.863302534944326,0.8717777777777778,0.7493387890334957,0.438
all_selected,target_char_len,0.5,4500,0.5,macro,positive,4500,3644,0,0,856,0.8097777777777778,1.0,0.8097777777777778,0.0,0.0,0.8948919449901769,0.4048888888888889,0.0,0.8097777777777778
all_selected,target_char_len,0.5,4500,0.5,macro,negative,4500,0,298,4202,0,0.9337777777777778,0.0,0.0,0.06622222222222222,0.9337777777777778,0.0,0.4668888888888889,0.0,0.06622222222222222
all_selected,target_char_len,0.5,4500,0.5,macro,negative_related_present,3092,0,271,2821,0,0.9123544631306598,0.0,0.0,0.08764553686934023,0.9123544631306598,0.0,0.4561772315653299,0.0,0.08764553686934023
all_selected,target_char_len,0.5,4500,0.5,macro,negative_absent_plain,1408,0,27,1381,0,0.9808238636363636,0.0,0.0,0.019176136363636364,0.9808238636363636,0.0,0.4904119318181818,0.0,0.019176136363636364
base_yes_selected,target_char_len,0.5,2025,0.775,adversarial,all,3000,1205,179,1321,295,0.842,0.8706647398843931,0.8033333333333333,0.11933333333333333,0.8806666666666667,0.8356449375866852,0.8420000000000001,0.686054531866663,0.4613333333333333
base_yes_selected,target_char_len,0.5,2025,0.775,adversarial,positive,1500,1205,0,0,295,0.8033333333333333,1.0,0.8033333333333333,0.0,0.0,0.8909426987060999,0.40166666666666667,0.0,0.8033333333333333
base_yes_selected,target_char_len,0.5,2025,0.775,adversarial,negative,1500,0,179,1321,0,0.8806666666666667,0.0,0.0,0.11933333333333333,0.8806666666666667,0.0,0.44033333333333335,0.0,0.11933333333333333
base_yes_selected,target_char_len,0.5,2025,0.775,adversarial,negative_related_present,1272,0,169,1103,0,0.8671383647798742,0.0,0.0,0.13286163522012578,0.8671383647798742,0.0,0.4335691823899371,0.0,0.13286163522012578
base_yes_selected,target_char_len,0.5,2025,0.775,adversarial,negative_absent_plain,228,0,10,218,0,0.956140350877193,0.0,0.0,0.043859649122807015,0.956140350877193,0.0,0.4780701754385965,0.0,0.043859649122807015
base_yes_selected,target_char_len,0.5,2025,0.775,popular,all,3000,1206,79,1421,294,0.8756666666666667,0.9385214007782101,0.804,0.05266666666666667,0.9473333333333334,0.866068222621185,0.8756666666666667,0.759172188934343,0.42833333333333334
base_yes_selected,target_char_len,0.5,2025,0.775,popular,positive,1500,1206,0,0,294,0.804,1.0,0.804,0.0,0.0,0.8913525498891353,0.402,0.0,0.804
base_yes_selected,target_char_len,0.5,2025,0.775,popular,negative,1500,0,79,1421,0,0.9473333333333334,0.0,0.0,0.05266666666666667,0.9473333333333334,0.0,0.4736666666666667,0.0,0.05266666666666667
base_yes_selected,target_char_len,0.5,2025,0.775,popular,negative_related_present,980,0,68,912,0,0.9306122448979591,0.0,0.0,0.06938775510204082,0.9306122448979591,0.0,0.46530612244897956,0.0,0.06938775510204082
base_yes_selected,target_char_len,0.5,2025,0.775,popular,negative_absent_plain,520,0,11,509,0,0.9788461538461538,0.0,0.0,0.021153846153846155,0.9788461538461538,0.0,0.4894230769230769,0.0,0.021153846153846155
base_yes_selected,target_char_len,0.5,2025,0.775,random,all,3000,1199,38,1462,301,0.887,0.9692805173807599,0.7993333333333333,0.025333333333333333,0.9746666666666667,0.8761417610522471,0.887,0.7861785922990358,0.41233333333333333
base_yes_selected,target_char_len,0.5,2025,0.775,random,positive,1500,1199,0,0,301,0.7993333333333333,1.0,0.7993333333333333,0.0,0.0,0.8884772137828826,0.39966666666666667,0.0,0.7993333333333333
base_yes_selected,target_char_len,0.5,2025,0.775,random,negative,1500,0,38,1462,0,0.9746666666666667,0.0,0.0,0.025333333333333333,0.9746666666666667,0.0,0.48733333333333334,0.0,0.025333333333333333
base_yes_selected,target_char_len,0.5,2025,0.775,random,negative_related_present,840,0,33,807,0,0.9607142857142857,0.0,0.0,0.039285714285714285,0.9607142857142857,0.0,0.48035714285714287,0.0,0.039285714285714285
base_yes_selected,target_char_len,0.5,2025,0.775,random,negative_absent_plain,660,0,5,655,0,0.9924242424242424,0.0,0.0,0.007575757575757576,0.9924242424242424,0.0,0.4962121212121212,0.0,0.007575757575757576
base_yes_selected,target_char_len,0.5,2025,0.775,macro,all,9000,3610,296,4204,890,0.8682222222222222,0.9242191500256016,0.8022222222222222,0.06577777777777778,0.9342222222222222,0.8589103021651202,0.8682222222222222,0.7429454277350392,0.434
base_yes_selected,target_char_len,0.5,2025,0.775,macro,positive,4500,3610,0,0,890,0.8022222222222222,1.0,0.8022222222222222,0.0,0.0,0.8902589395807644,0.4011111111111111,0.0,0.8022222222222222
base_yes_selected,target_char_len,0.5,2025,0.775,macro,negative,4500,0,296,4204,0,0.9342222222222222,0.0,0.0,0.06577777777777778,0.9342222222222222,0.0,0.4671111111111111,0.0,0.06577777777777778
base_yes_selected,target_char_len,0.5,2025,0.775,macro,negative_related_present,3092,0,270,2822,0,0.9126778783958602,0.0,0.0,0.08732212160413971,0.9126778783958602,0.0,0.4563389391979301,0.0,0.08732212160413971
base_yes_selected,target_char_len,0.5,2025,0.775,macro,negative_absent_plain,1408,0,26,1382,0,0.9815340909090909,0.0,0.0,0.018465909090909092,0.9815340909090909,0.0,0.49076704545454547,0.0,0.018465909090909092
all_selected,target_char_len,0.75,6750,0.25,adversarial,all,3000,1208,160,1340,292,0.8493333333333334,0.8830409356725146,0.8053333333333333,0.10666666666666667,0.8933333333333333,0.8423988842398884,0.8493333333333333,0.7013877181051988,0.456
all_selected,target_char_len,0.75,6750,0.25,adversarial,positive,1500,1208,0,0,292,0.8053333333333333,1.0,0.8053333333333333,0.0,0.0,0.8921713441654358,0.4026666666666667,0.0,0.8053333333333333
all_selected,target_char_len,0.75,6750,0.25,adversarial,negative,1500,0,160,1340,0,0.8933333333333333,0.0,0.0,0.10666666666666667,0.8933333333333333,0.0,0.44666666666666666,0.0,0.10666666666666667
all_selected,target_char_len,0.75,6750,0.25,adversarial,negative_related_present,1272,0,153,1119,0,0.8797169811320755,0.0,0.0,0.12028301886792453,0.8797169811320755,0.0,0.43985849056603776,0.0,0.12028301886792453
all_selected,target_char_len,0.75,6750,0.25,adversarial,negative_absent_plain,228,0,7,221,0,0.9692982456140351,0.0,0.0,0.03070175438596491,0.9692982456140351,0.0,0.48464912280701755,0.0,0.03070175438596491
all_selected,target_char_len,0.75,6750,0.25,popular,all,3000,1209,70,1430,291,0.8796666666666667,0.9452697419859265,0.806,0.04666666666666667,0.9533333333333334,0.8700971572508096,0.8796666666666667,0.7677114477976542,0.42633333333333334
all_selected,target_char_len,0.75,6750,0.25,popular,positive,1500,1209,0,0,291,0.806,1.0,0.806,0.0,0.0,0.8925802879291251,0.403,0.0,0.806
all_selected,target_char_len,0.75,6750,0.25,popular,negative,1500,0,70,1430,0,0.9533333333333334,0.0,0.0,0.04666666666666667,0.9533333333333334,0.0,0.4766666666666667,0.0,0.04666666666666667
all_selected,target_char_len,0.75,6750,0.25,popular,negative_related_present,980,0,62,918,0,0.936734693877551,0.0,0.0,0.06326530612244897,0.936734693877551,0.0,0.4683673469387755,0.0,0.06326530612244897
all_selected,target_char_len,0.75,6750,0.25,popular,negative_absent_plain,520,0,8,512,0,0.9846153846153847,0.0,0.0,0.015384615384615385,0.9846153846153847,0.0,0.49230769230769234,0.0,0.015384615384615385
all_selected,target_char_len,0.75,6750,0.25,random,all,3000,1212,37,1463,288,0.8916666666666667,0.9703763010408326,0.808,0.024666666666666667,0.9753333333333334,0.8817751909785376,0.8916666666666667,0.7945359903763969,0.41633333333333333
all_selected,target_char_len,0.75,6750,0.25,random,positive,1500,1212,0,0,288,0.808,1.0,0.808,0.0,0.0,0.8938053097345133,0.404,0.0,0.808
all_selected,target_char_len,0.75,6750,0.25,random,negative,1500,0,37,1463,0,0.9753333333333334,0.0,0.0,0.024666666666666667,0.9753333333333334,0.0,0.4876666666666667,0.0,0.024666666666666667
all_selected,target_char_len,0.75,6750,0.25,random,negative_related_present,840,0,32,808,0,0.9619047619047619,0.0,0.0,0.0380952380952381,0.9619047619047619,0.0,0.48095238095238096,0.0,0.0380952380952381
all_selected,target_char_len,0.75,6750,0.25,random,negative_absent_plain,660,0,5,655,0,0.9924242424242424,0.0,0.0,0.007575757575757576,0.9924242424242424,0.0,0.4962121212121212,0.0,0.007575757575757576
all_selected,target_char_len,0.75,6750,0.25,macro,all,9000,3629,267,4233,871,0.8735555555555555,0.9314681724845996,0.8064444444444444,0.059333333333333335,0.9406666666666667,0.864459266317294,0.8735555555555555,0.7539332589111115,0.4328888888888889
all_selected,target_char_len,0.75,6750,0.25,macro,positive,4500,3629,0,0,871,0.8064444444444444,1.0,0.8064444444444444,0.0,0.0,0.8928527494156723,0.4032222222222222,0.0,0.8064444444444444
all_selected,target_char_len,0.75,6750,0.25,macro,negative,4500,0,267,4233,0,0.9406666666666667,0.0,0.0,0.059333333333333335,0.9406666666666667,0.0,0.4703333333333333,0.0,0.059333333333333335
all_selected,target_char_len,0.75,6750,0.25,macro,negative_related_present,3092,0,247,2845,0,0.9201164294954722,0.0,0.0,0.07988357050452781,0.9201164294954722,0.0,0.4600582147477361,0.0,0.07988357050452781
all_selected,target_char_len,0.75,6750,0.25,macro,negative_absent_plain,1408,0,20,1388,0,0.9857954545454546,0.0,0.0,0.014204545454545454,0.9857954545454546,0.0,0.4928977272727273,0.0,0.014204545454545454
base_yes_selected,target_char_len,0.75,3037,0.6625555555555556,adversarial,all,3000,1198,163,1337,302,0.845,0.8802351212343865,0.7986666666666666,0.10866666666666666,0.8913333333333333,0.8374694162880113,0.845,0.6929817707320438,0.45366666666666666
base_yes_selected,target_char_len,0.75,3037,0.6625555555555556,adversarial,positive,1500,1198,0,0,302,0.7986666666666666,1.0,0.7986666666666666,0.0,0.0,0.888065233506301,0.3993333333333333,0.0,0.7986666666666666
base_yes_selected,target_char_len,0.75,3037,0.6625555555555556,adversarial,negative,1500,0,163,1337,0,0.8913333333333333,0.0,0.0,0.10866666666666666,0.8913333333333333,0.0,0.44566666666666666,0.0,0.10866666666666666
base_yes_selected,target_char_len,0.75,3037,0.6625555555555556,adversarial,negative_related_present,1272,0,156,1116,0,0.8773584905660378,0.0,0.0,0.12264150943396226,0.8773584905660378,0.0,0.4386792452830189,0.0,0.12264150943396226
base_yes_selected,target_char_len,0.75,3037,0.6625555555555556,adversarial,negative_absent_plain,228,0,7,221,0,0.9692982456140351,0.0,0.0,0.03070175438596491,0.9692982456140351,0.0,0.48464912280701755,0.0,0.03070175438596491
base_yes_selected,target_char_len,0.75,3037,0.6625555555555556,popular,all,3000,1198,70,1430,302,0.876,0.944794952681388,0.7986666666666666,0.04666666666666667,0.9533333333333334,0.865606936416185,0.876,0.7611592491514695,0.4226666666666667
base_yes_selected,target_char_len,0.75,3037,0.6625555555555556,popular,positive,1500,1198,0,0,302,0.7986666666666666,1.0,0.7986666666666666,0.0,0.0,0.888065233506301,0.3993333333333333,0.0,0.7986666666666666
base_yes_selected,target_char_len,0.75,3037,0.6625555555555556,popular,negative,1500,0,70,1430,0,0.9533333333333334,0.0,0.0,0.04666666666666667,0.9533333333333334,0.0,0.4766666666666667,0.0,0.04666666666666667
base_yes_selected,target_char_len,0.75,3037,0.6625555555555556,popular,negative_related_present,980,0,62,918,0,0.936734693877551,0.0,0.0,0.06326530612244897,0.936734693877551,0.0,0.4683673469387755,0.0,0.06326530612244897
base_yes_selected,target_char_len,0.75,3037,0.6625555555555556,popular,negative_absent_plain,520,0,8,512,0,0.9846153846153847,0.0,0.0,0.015384615384615385,0.9846153846153847,0.0,0.49230769230769234,0.0,0.015384615384615385
base_yes_selected,target_char_len,0.75,3037,0.6625555555555556,random,all,3000,1198,38,1462,302,0.8866666666666667,0.9692556634304207,0.7986666666666666,0.025333333333333333,0.9746666666666667,0.8757309941520467,0.8866666666666667,0.7855963616985073,0.412
base_yes_selected,target_char_len,0.75,3037,0.6625555555555556,random,positive,1500,1198,0,0,302,0.7986666666666666,1.0,0.7986666666666666,0.0,0.0,0.888065233506301,0.3993333333333333,0.0,0.7986666666666666
base_yes_selected,target_char_len,0.75,3037,0.6625555555555556,random,negative,1500,0,38,1462,0,0.9746666666666667,0.0,0.0,0.025333333333333333,0.9746666666666667,0.0,0.48733333333333334,0.0,0.025333333333333333
base_yes_selected,target_char_len,0.75,3037,0.6625555555555556,random,negative_related_present,840,0,33,807,0,0.9607142857142857,0.0,0.0,0.039285714285714285,0.9607142857142857,0.0,0.48035714285714287,0.0,0.039285714285714285
base_yes_selected,target_char_len,0.75,3037,0.6625555555555556,random,negative_absent_plain,660,0,5,655,0,0.9924242424242424,0.0,0.0,0.007575757575757576,0.9924242424242424,0.0,0.4962121212121212,0.0,0.007575757575757576
base_yes_selected,target_char_len,0.75,3037,0.6625555555555556,macro,all,9000,3594,271,4229,906,0.8692222222222222,0.9298835705045279,0.7986666666666666,0.060222222222222226,0.9397777777777778,0.8592946802151823,0.8692222222222222,0.7459081771104614,0.42944444444444446
base_yes_selected,target_char_len,0.75,3037,0.6625555555555556,macro,positive,4500,3594,0,0,906,0.7986666666666666,1.0,0.7986666666666666,0.0,0.0,0.888065233506301,0.3993333333333333,0.0,0.7986666666666666
base_yes_selected,target_char_len,0.75,3037,0.6625555555555556,macro,negative,4500,0,271,4229,0,0.9397777777777778,0.0,0.0,0.060222222222222226,0.9397777777777778,0.0,0.4698888888888889,0.0,0.060222222222222226
base_yes_selected,target_char_len,0.75,3037,0.6625555555555556,macro,negative_related_present,3092,0,251,2841,0,0.9188227684346701,0.0,0.0,0.08117723156532988,0.9188227684346701,0.0,0.4594113842173351,0.0,0.08117723156532988
base_yes_selected,target_char_len,0.75,3037,0.6625555555555556,macro,negative_absent_plain,1408,0,20,1388,0,0.9857954545454546,0.0,0.0,0.014204545454545454,0.9857954545454546,0.0,0.4928977272727273,0.0,0.014204545454545454
all_selected,target_char_len,1.0,9000,0.0,adversarial,all,3000,1209,139,1361,291,0.8566666666666667,0.8968842729970327,0.806,0.09266666666666666,0.9073333333333333,0.8490168539325843,0.8566666666666667,0.717024194183559,0.4493333333333333
all_selected,target_char_len,1.0,9000,0.0,adversarial,positive,1500,1209,0,0,291,0.806,1.0,0.806,0.0,0.0,0.8925802879291251,0.403,0.0,0.806
all_selected,target_char_len,1.0,9000,0.0,adversarial,negative,1500,0,139,1361,0,0.9073333333333333,0.0,0.0,0.09266666666666666,0.9073333333333333,0.0,0.45366666666666666,0.0,0.09266666666666666
all_selected,target_char_len,1.0,9000,0.0,adversarial,negative_related_present,1272,0,133,1139,0,0.8954402515723271,0.0,0.0,0.10455974842767296,0.8954402515723271,0.0,0.44772012578616355,0.0,0.10455974842767296
all_selected,target_char_len,1.0,9000,0.0,adversarial,negative_absent_plain,228,0,6,222,0,0.9736842105263158,0.0,0.0,0.02631578947368421,0.9736842105263158,0.0,0.4868421052631579,0.0,0.02631578947368421
all_selected,target_char_len,1.0,9000,0.0,popular,all,3000,1210,63,1437,290,0.8823333333333333,0.950510604870385,0.8066666666666666,0.042,0.958,0.8727010457987739,0.8823333333333333,0.7735761066657176,0.42433333333333334
all_selected,target_char_len,1.0,9000,0.0,popular,positive,1500,1210,0,0,290,0.8066666666666666,1.0,0.8066666666666666,0.0,0.0,0.8929889298892989,0.4033333333333333,0.0,0.8066666666666666
all_selected,target_char_len,1.0,9000,0.0,popular,negative,1500,0,63,1437,0,0.958,0.0,0.0,0.042,0.958,0.0,0.479,0.0,0.042
all_selected,target_char_len,1.0,9000,0.0,popular,negative_related_present,980,0,56,924,0,0.9428571428571428,0.0,0.0,0.05714285714285714,0.9428571428571428,0.0,0.4714285714285714,0.0,0.05714285714285714
all_selected,target_char_len,1.0,9000,0.0,popular,negative_absent_plain,520,0,7,513,0,0.9865384615384616,0.0,0.0,0.013461538461538462,0.9865384615384616,0.0,0.4932692307692308,0.0,0.013461538461538462
all_selected,target_char_len,1.0,9000,0.0,random,all,3000,1210,29,1471,290,0.8936666666666667,0.976594027441485,0.8066666666666666,0.019333333333333334,0.9806666666666667,0.8835341365461847,0.8936666666666666,0.7995296362896048,0.413
all_selected,target_char_len,1.0,9000,0.0,random,positive,1500,1210,0,0,290,0.8066666666666666,1.0,0.8066666666666666,0.0,0.0,0.8929889298892989,0.4033333333333333,0.0,0.8066666666666666
all_selected,target_char_len,1.0,9000,0.0,random,negative,1500,0,29,1471,0,0.9806666666666667,0.0,0.0,0.019333333333333334,0.9806666666666667,0.0,0.49033333333333334,0.0,0.019333333333333334
all_selected,target_char_len,1.0,9000,0.0,random,negative_related_present,840,0,25,815,0,0.9702380952380952,0.0,0.0,0.02976190476190476,0.9702380952380952,0.0,0.4851190476190476,0.0,0.02976190476190476
all_selected,target_char_len,1.0,9000,0.0,random,negative_absent_plain,660,0,4,656,0,0.9939393939393939,0.0,0.0,0.006060606060606061,0.9939393939393939,0.0,0.49696969696969695,0.0,0.006060606060606061
all_selected,target_char_len,1.0,9000,0.0,macro,all,9000,3629,231,4269,871,0.8775555555555555,0.9401554404145078,0.8064444444444444,0.051333333333333335,0.9486666666666667,0.8681818181818183,0.8775555555555555,0.7628658302177469,0.4288888888888889
all_selected,target_char_len,1.0,9000,0.0,macro,positive,4500,3629,0,0,871,0.8064444444444444,1.0,0.8064444444444444,0.0,0.0,0.8928527494156723,0.4032222222222222,0.0,0.8064444444444444
all_selected,target_char_len,1.0,9000,0.0,macro,negative,4500,0,231,4269,0,0.9486666666666667,0.0,0.0,0.051333333333333335,0.9486666666666667,0.0,0.47433333333333333,0.0,0.051333333333333335
all_selected,target_char_len,1.0,9000,0.0,macro,negative_related_present,3092,0,214,2878,0,0.9307891332470892,0.0,0.0,0.06921086675291074,0.9307891332470892,0.0,0.4653945666235446,0.0,0.06921086675291074
all_selected,target_char_len,1.0,9000,0.0,macro,negative_absent_plain,1408,0,17,1391,0,0.9879261363636364,0.0,0.0,0.012073863636363636,0.9879261363636364,0.0,0.4939630681818182,0.0,0.012073863636363636
base_yes_selected,target_char_len,1.0,4049,0.5501111111111111,adversarial,all,3000,1189,138,1362,311,0.8503333333333334,0.8960060286360211,0.7926666666666666,0.092,0.908,0.841174389812522,0.8503333333333334,0.7053737344950908,0.44233333333333336
base_yes_selected,target_char_len,1.0,4049,0.5501111111111111,adversarial,positive,1500,1189,0,0,311,0.7926666666666666,1.0,0.7926666666666666,0.0,0.0,0.8843436221643733,0.3963333333333333,0.0,0.7926666666666666
base_yes_selected,target_char_len,1.0,4049,0.5501111111111111,adversarial,negative,1500,0,138,1362,0,0.908,0.0,0.0,0.092,0.908,0.0,0.454,0.0,0.092
base_yes_selected,target_char_len,1.0,4049,0.5501111111111111,adversarial,negative_related_present,1272,0,132,1140,0,0.8962264150943396,0.0,0.0,0.10377358490566038,0.8962264150943396,0.0,0.4481132075471698,0.0,0.10377358490566038
base_yes_selected,target_char_len,1.0,4049,0.5501111111111111,adversarial,negative_absent_plain,228,0,6,222,0,0.9736842105263158,0.0,0.0,0.02631578947368421,0.9736842105263158,0.0,0.4868421052631579,0.0,0.02631578947368421
base_yes_selected,target_char_len,1.0,4049,0.5501111111111111,popular,all,3000,1190,63,1437,310,0.8756666666666667,0.9497206703910615,0.7933333333333333,0.042,0.958,0.8645114420632037,0.8756666666666666,0.761731522180919,0.4176666666666667
base_yes_selected,target_char_len,1.0,4049,0.5501111111111111,popular,positive,1500,1190,0,0,310,0.7933333333333333,1.0,0.7933333333333333,0.0,0.0,0.8847583643122676,0.39666666666666667,0.0,0.7933333333333333
base_yes_selected,target_char_len,1.0,4049,0.5501111111111111,popular,negative,1500,0,63,1437,0,0.958,0.0,0.0,0.042,0.958,0.0,0.479,0.0,0.042
base_yes_selected,target_char_len,1.0,4049,0.5501111111111111,popular,negative_related_present,980,0,56,924,0,0.9428571428571428,0.0,0.0,0.05714285714285714,0.9428571428571428,0.0,0.4714285714285714,0.0,0.05714285714285714
base_yes_selected,target_char_len,1.0,4049,0.5501111111111111,popular,negative_absent_plain,520,0,7,513,0,0.9865384615384616,0.0,0.0,0.013461538461538462,0.9865384615384616,0.0,0.4932692307692308,0.0,0.013461538461538462
base_yes_selected,target_char_len,1.0,4049,0.5501111111111111,random,all,3000,1190,28,1472,310,0.8873333333333333,0.9770114942528736,0.7933333333333333,0.018666666666666668,0.9813333333333333,0.8756438557763062,0.8873333333333333,0.7887304979148512,0.406
base_yes_selected,target_char_len,1.0,4049,0.5501111111111111,random,positive,1500,1190,0,0,310,0.7933333333333333,1.0,0.7933333333333333,0.0,0.0,0.8847583643122676,0.39666666666666667,0.0,0.7933333333333333
base_yes_selected,target_char_len,1.0,4049,0.5501111111111111,random,negative,1500,0,28,1472,0,0.9813333333333333,0.0,0.0,0.018666666666666668,0.9813333333333333,0.0,0.49066666666666664,0.0,0.018666666666666668
base_yes_selected,target_char_len,1.0,4049,0.5501111111111111,random,negative_related_present,840,0,24,816,0,0.9714285714285714,0.0,0.0,0.02857142857142857,0.9714285714285714,0.0,0.4857142857142857,0.0,0.02857142857142857
base_yes_selected,target_char_len,1.0,4049,0.5501111111111111,random,negative_absent_plain,660,0,4,656,0,0.9939393939393939,0.0,0.0,0.006060606060606061,0.9939393939393939,0.0,0.49696969696969695,0.0,0.006060606060606061
base_yes_selected,target_char_len,1.0,4049,0.5501111111111111,macro,all,9000,3569,229,4271,931,0.8711111111111111,0.9397051079515535,0.7931111111111111,0.050888888888888886,0.9491111111111111,0.8602072788623765,0.8711111111111112,0.7514218383476658,0.422
base_yes_selected,target_char_len,1.0,4049,0.5501111111111111,macro,positive,4500,3569,0,0,931,0.7931111111111111,1.0,0.7931111111111111,0.0,0.0,0.8846201511959351,0.39655555555555555,0.0,0.7931111111111111
base_yes_selected,target_char_len,1.0,4049,0.5501111111111111,macro,negative,4500,0,229,4271,0,0.9491111111111111,0.0,0.0,0.050888888888888886,0.9491111111111111,0.0,0.47455555555555556,0.0,0.050888888888888886
base_yes_selected,target_char_len,1.0,4049,0.5501111111111111,macro,negative_related_present,3092,0,212,2880,0,0.9314359637774903,0.0,0.0,0.0685640362225097,0.9314359637774903,0.0,0.46571798188874514,0.0,0.0685640362225097
base_yes_selected,target_char_len,1.0,4049,0.5501111111111111,macro,negative_absent_plain,1408,0,17,1391,0,0.9879261363636364,0.0,0.0,0.012073863636363636,0.9879261363636364,0.0,0.4939630681818182,0.0,0.012073863636363636
