object_id,image_id,word,label,score,target_score,best_neighbor,best_neighbor_score,tdev_margin,matched_phrase,gated_unit,removed_text,gated
6900,391158,dining table,1,0.11624800961464643,0.003751990385353565,cup,0.3572574555873871,-0.3535054652020335,table,sentence,"A cup can be seen placed on a surface, possibly a table or a counter, near the left side of the image.",1
13555,174113,orange,1,0.11541859189048409,0.004581408109515905,knife,0.5881715416908264,-0.5835901335813105,orange,sentence,The image features a white and orange cat sitting on a kitchen counter next to a microwave.,1
10075,271457,person,1,0.11536876752972602,0.0046312324702739716,bench,0.7235866785049438,-0.7189554460346699,people,sentence,"The bench is positioned in a grassy area, providing a comfortable spot for people to sit and enjoy the view.",1
14564,321217,person,1,0.11515741551294922,0.004842584487050772,bench,0.7704012393951416,-0.7655586549080908,people,sentence,"The bench appears to be a popular spot for people to sit and enjoy the view, as it is located in a prime location on the snowy hill.",1
8502,28826,person,1,0.11428969761356711,0.005710302386432886,bench,0.8086853623390198,-0.8029750599525869,people,sentence,"The beach is relatively empty, with no people visible in the scene.",1
12363,6213,bottle,1,0.11385087005794048,0.006149129942059517,sink,0.44960442185401917,-0.44345529191195965,bottles,sentence,"There are two bottles placed on the countertop, one closer to the sink and the other further away.",1
14262,279387,car,1,0.11282366503030061,0.007176334969699383,fire hydrant,0.9364404082298279,-0.9292640732601285,cars,sentence,"The street appears to be empty, with no cars or pedestrians visible.",1
14078,252403,sink,1,0.11258315749466419,0.007416842505335808,toothbrush,0.8019108176231384,-0.7944939751178026,sink,sentence,"The woman appears to be in a room, possibly a bathroom, as there is a sink visible in the background.",1
5283,175604,person,1,0.11197487160563468,0.00802512839436531,cup,0.6278026700019836,-0.6197775416076183,person,sentence,"In the background, there is a person partially visible, likely enjoying the meal or preparing to eat the doughnut and drink the coffee.",1
15666,474188,person,1,0.11196227826178073,0.008037721738219261,bench,0.8055358529090881,-0.7974981311708689,people,sentence,"The bench is positioned on the side of a hill, providing a comfortable spot for people to sit and enjoy the surrounding scenery.",1
6026,282046,person,1,0.11167709331959486,0.00832290668040514,bench,0.8597906827926636,-0.8514677761122584,people,sentence,"The beach appears to be empty, with no people or other objects visible in the scene.",1
5595,221502,person,1,0.11135937634855508,0.008640623651444912,bench,0.7924957275390625,-0.7838551038876176,person,sentence,"The plaque is dedicated to a person named Martha, who is remembered and honored by the bench.",1
14431,304341,person,1,0.11116280488669872,0.008837195113301277,bench,0.6740055084228516,-0.6651683133095503,people,sentence,"The building also has a bench located in front of it, providing a place for people to sit and relax.",1
13605,181627,person,1,0.1109780379384756,0.009021962061524391,cell phone,0.6258098483085632,-0.6167878862470388,person,sentence,"In addition to the pizza, there is a cell phone on the table, possibly belonging to the person who prepared or ordered the pizza.",1
428,57238,cup,1,0.11095444288104772,0.009045557118952274,chair,0.4047629237174988,-0.3957173665985465,cup,sentence,"A cup can be seen placed on the table, and a bowl is located on the left side of the table.",1
1726,246717,handbag,1,0.11035532306879758,0.009644676931202412,traffic light,0.5318799018859863,-0.5222352249547839,handbags,sentence,"In addition to the vehicles, there are several pedestrians walking along the sidewalk, some of them carrying handbags.",1
11226,428079,dining table,0,0.10967097047716379,0.010329029522836208,bowl,0.4733092784881592,-0.46298024896532297,table,sentence,"The image features a large, tall vase placed on a table in a room.",1
8639,47611,person,1,0.10956679459661245,0.010433205403387547,bench,0.4391157925128937,-0.42868258710950613,people,sentence,"The restaurant appears to be empty, with no people visible in the scene.",1
14635,330750,person,1,0.10932495061308145,0.010675049386918545,bench,0.728274405002594,-0.7175993556156754,people,sentence,"The bench is made of wood and is placed on a grassy area, providing a comfortable spot for people to sit and relax.",1
10480,328785,car,1,0.10912322428077459,0.010876775719225407,stop sign,0.8832430839538574,-0.872366308234632,car,sentence,"In the background, there is a tree and a car, suggesting that the scene takes place on a street or a road.",1
8130,559416,skis,1,0.1090151098370552,0.010984890162944794,dog,0.43120768666267395,-0.42022279649972916,ski,sentence,"The image features a man standing in a grassy field, holding a pair of ski poles.",1
10087,273688,bowl,1,0.10867763951420784,0.01132236048579216,fork,0.33427882194519043,-0.32295646145939827,bowl,sentence,"The table also has a bowl placed near the top left corner, possibly containing a side dish or condiment.",1
13939,231237,book,1,0.10854792304337024,0.011452076956629753,vase,0.744472861289978,-0.7330207843333483,books,sentence,"The table appears to be a dining table, and there are several books scattered around the table, possibly indicating a reading or studying area.",1
8982,103815,bench,1,0.10848665878176689,0.011513341218233109,baseball bat,0.7624399065971375,-0.7509265653789043,bench,sentence,"The scene is set on a baseball field, with a bench visible in the background.",1
460,63521,clock,1,0.108461684435606,0.011538315564393997,couch,0.5269156098365784,-0.5153772942721844,clock,sentence,"Additionally, there is a chair situated in the background, and a clock is mounted on the wall.",1
5486,205190,car,1,0.10843135964125394,0.011568640358746052,traffic light,0.34097638726234436,-0.3294077469035983,car,sentence,"Additionally, there is a car parked in the background, slightly behind the trains.",1
5315,180383,potted plant,1,0.10828432150185108,0.011715678498148918,tv,0.6941038370132446,-0.6823881585150957,potted plant,sentence,"The room also has a chair positioned near the table, and a potted plant can be seen in the corner of the room.",1
4364,33489,handbag,1,0.10823838494718074,0.011761615052819252,traffic light,0.5322533845901489,-0.5204917695373297,handbag,sentence,"There is also a handbag placed on the ground, possibly belonging to the person standing nearby.",1
4421,40686,bottle,1,0.10789938632398843,0.012100613676011562,refrigerator,0.5107102394104004,-0.49860962573438883,bottle,sentence,"The room also has a few items on the bed, such as a towel and a bottle.",1
6444,334311,person,1,0.10775077704340219,0.012249222956597805,bench,0.7730361819267273,-0.7607869589701295,people,sentence,"The bench is positioned on the side of the road, providing a place for people to sit and enjoy the natural surroundings.",1
12823,67180,handbag,1,0.10772443551570177,0.01227556448429823,bench,0.4982016086578369,-0.4859260441735387,handbag,sentence,"In the background, there is a potted plant placed on the left side of the scene, and a handbag can be seen resting on the ground, close to the woman.",1
15244,414034,tv,1,0.10771763499826192,0.012282365001738071,remote,0.6249276399612427,-0.6126452749595046,television,sentence,"The child appears to be focused on the remote, possibly playing a video game or adjusting the television settings.",1
13228,126983,bottle,1,0.10759720101952552,0.012402798980474472,refrigerator,0.6284312605857849,-0.6160284616053104,bottles,sentence,"A couple of bottles can also be seen on the countertops, possibly containing beverages or condiments.",1
4830,108645,potted plant,1,0.10736273404210805,0.012637265957891941,remote,0.5038919448852539,-0.49125467892736197,potted plant,sentence,"The room they are in has a few decorative elements, such as a clock on the wall and a potted plant nearby.",1
266,36962,dining table,1,0.1073231491073966,0.012676850892603397,chair,0.4301517605781555,-0.4174749096855521,table,sentence,"The image features a cat sitting on top of a television set, which is placed on a wooden table.",1
5001,135116,sports ball,1,0.10732061311602592,0.012679386883974075,dog,0.6087391376495361,-0.5960597507655621,sports ball,sentence,"Additionally, there is a sports ball located near the right side of the dog, possibly indicating that the dog is waiting for its owner to play with it.",1
429,57238,bowl,1,0.10680572398006916,0.01319427601993084,chair,0.4047629237174988,-0.39156864769756794,,,,0
1045,150091,car,1,0.10658009432256221,0.013419905677437782,traffic light,0.3711511790752411,-0.3577312733978033,cars,sentence,"There are several cars visible on the train, with some located near the front and others further back.",1
5086,146997,book,1,0.10653900902718305,0.013460990972816944,vase,0.7172649502754211,-0.7038039593026042,books,sentence,"The vase itself is made of books, adding a unique and creative touch to the display.",1
6191,303089,sink,1,0.10607971146702766,0.013920288532972336,toothbrush,0.7631959319114685,-0.7492756433784962,sink,sentence,"The bathroom appears to be well-lit, with a sink visible in the background.",1
13178,121417,car,1,0.10591183591634035,0.014088164083659649,handbag,0.4237138032913208,-0.40962563920766115,car,sentence,"The scene takes place on a street, with a car visible in the background.",1
5505,208648,car,1,0.10565931618213653,0.014340683817863464,traffic light,0.32597967982292175,-0.3116389960050583,cars,sentence,"The train is moving along the tracks, and there are several other cars behind it.",1
14633,330536,bottle,1,0.10565701860934495,0.01434298139065504,sink,0.5192922353744507,-0.5049492539837956,bottle,sentence,"A towel is hanging on the left side of the bathtub, and a bottle can be seen placed on the right side of the sink.",1
15838,498463,sink,1,0.1054945596307516,0.01450544036924839,refrigerator,0.7609238028526306,-0.7464183624833822,sink,sentence,The kitchen also has a sink located towards the right side of the scene.,1
348,47524,sink,1,0.1054473415762186,0.014552658423781395,toothbrush,0.5281336307525635,-0.5135809723287821,sink,sentence,"The man is standing in a bathroom, with a sink visible in the background.",1
7141,426342,cow,1,0.10514018300920724,0.014859816990792751,dog,0.6245765089988708,-0.6097166920080781,bull,sentence,"The dog appears to be a large, muscular breed, possibly a pit bull.",1
5880,262162,dining table,0,0.10486474186182021,0.014923296868801117,chair,0.31978803873062134,-0.3048647418618202,desk,sentence,"A desk with a computer setup is located in the right corner of the room, with a chair positioned in front of it.",1
928,131203,chair,1,0.10482072539627552,0.01517927460372448,laptop,0.7086987495422363,-0.6935194749385118,chair,sentence,"In the background, there is a chair visible, likely for the user to sit on while working on the laptop.",1
11099,410878,person,1,0.104744094312191,0.01525590568780899,bench,0.3304153084754944,-0.3151594027876854,people,sentence,"There are two people in the scene, one standing closer to the motorcycle and the other further away.",1
8684,53263,knife,1,0.1044667101278901,0.01553328987210989,cake,0.5290818810462952,-0.5135485911741853,knives,sentence,"In addition to the cake, there are two knives visible in the scene, likely used for cutting and serving the cake.",1
861,122745,car,1,0.10433232121169567,0.01566767878830433,stop sign,0.8911529183387756,-0.8754852395504713,cars,sentence,"The scene appears to be set in a city, as there are multiple cars parked or driving nearby.",1
2479,356494,airplane,0,0.10423888906836509,0.015761110931634903,motorcycle,0.5135912895202637,-0.49783017858862877,jet,sentence,"The image features a man wearing a wetsuit, riding a jet ski on a body of water.",1
3808,540288,cup,1,0.10417410254478454,0.015825897455215454,sandwich,0.592623233795166,-0.5767973363399506,cup,sentence,"There are a few other items on the table, including a cell phone placed towards the right side, a book located in the middle, and a cup situated on the left side.",1
3311,467988,dining table,0,0.104109066426754,0.015890933573246002,chair,0.35183805227279663,-0.33594711869955063,desk,sentence,The image features a small desk with a laptop computer sitting on top of it.,1
9985,256251,chair,1,0.10404284007847309,0.01595715992152691,dining table,0.4186290502548218,-0.40267189033329487,chairs,sentence,"The table is surrounded by chairs, with one on the left side and another on the right side.",1
12496,22596,bird,1,0.10393759317696094,0.016062406823039055,cow,0.6388176679611206,-0.6227552611380816,birds,sentence,"There are also two birds in the scene, one perched on a branch near the cow and the other flying above the water.",1
12723,52386,bird,1,0.1039075319468975,0.016092468053102493,giraffe,0.8690530061721802,-0.8529605381190777,birds,sentence,"In addition to the giraffe, there are two birds visible in the image, one located near the top left corner and the other towards the top right corner.",1
14352,293804,book,1,0.10387668468058109,0.016123315319418907,couch,0.49474310874938965,-0.47861979342997074,book,sentence,"A clock is mounted on the wall, and a book is resting on a surface, possibly a coffee table.",1
6673,361751,person,1,0.10386592417955398,0.016134075820446014,bench,0.589762270450592,-0.573628194630146,person,sentence,"A person can be seen standing near the benches, possibly enjoying the outdoor space or waiting for someone.",1
15320,426253,person,1,0.10369362205266952,0.016306377947330475,bottle,0.37074795365333557,-0.3544415757060051,person,sentence,"There is a person standing in the background, partially visible on the left side of the image.",1
12548,27768,handbag,1,0.10358628526329994,0.016413714736700058,bus,0.5562615990638733,-0.5398478843271732,handbag,sentence,"A person is also holding a handbag, which can be seen near the center of the image.",1
11489,462364,bottle,1,0.10322297632694244,0.016777023673057556,sink,0.4083113372325897,-0.39153431355953217,bottle,sentence,"Additionally, there is a cup placed on the left side of the toilet, and a bottle can be seen on the right side of the toilet.",1
15342,428161,handbag,1,0.10311690799891948,0.016883092001080513,umbrella,0.5418234467506409,-0.5249403547495604,handbag,sentence,"A handbag can also be seen placed on the ground, close to the left side of the table.",1
12878,78194,remote,1,0.10288927972316741,0.01711072027683258,couch,0.40774181485176086,-0.3906310945749283,remote,sentence,"The image features a young boy lying on a couch, playing a video game with a remote control in his hand.",1
925,130645,handbag,1,0.10288040794432163,0.017119592055678368,bus,0.6881095170974731,-0.6709899250417948,handbag,sentence,"One person is carrying a handbag, which is visible near the center of the image.",1
10393,316400,dining table,0,0.10276846606284379,0.010924491100013256,cake,0.31369295716285706,-0.3027684660628438,dining table,sentence,"In the background, there is a dining table with a cup placed on it.",1
12897,79689,bottle,1,0.10264982365071773,0.017350176349282265,chair,0.5024922490119934,-0.48514207266271114,bottles,sentence,"In addition to the towels, there are two bottles placed on the wall, one closer to the sink and the other further away.",1
14887,367528,person,0,0.10249636404216289,0.017503635957837105,cup,0.4074808657169342,-0.3899772297590971,pitcher,sentence,The image features a wooden dining table with a red pitcher and a pink mug placed on it.,1
6517,343852,cake,1,0.10241762444376945,0.017582375556230545,cup,0.38283273577690125,-0.3652503602206707,cake,sentence,"The image features a man wearing a suit and tie, sitting on the ground and enjoying a piece of cake.",1
11376,446206,handbag,1,0.10201454803347587,0.017985451966524124,bus,0.6128407716751099,-0.5948553197085857,handbag,sentence,A handbag can be seen near the person on the right side of the image.,1
1877,266611,car,1,0.10200125247240066,0.017998747527599335,stop sign,0.5844099521636963,-0.566411204636097,cars,sentence,"In the background, there are a few cars parked or driving along the road, with one car closer to the left side of the image and two others further back on the right side.",1
11886,522782,dining table,0,0.10196789063513279,0.01803210936486721,chair,0.3905094265937805,-0.3724773172289133,desk,sentence,The image depicts a small bedroom with a bed and a computer desk.,1
8797,71914,apple,1,0.10185194469988346,0.01814805530011654,refrigerator,0.5614223480224609,-0.5432742927223444,apples,sentence,"There are also a few apples and oranges visible in the refrigerator, adding to the assortment of food items.",1
6129,296521,car,0,0.10124330304563045,0.018756696954369545,stop sign,0.4904666543006897,-0.47170995734632015,cars,sentence,"The train appears to be a long passenger train, with several cars visible behind it.",1
4784,102517,handbag,1,0.10121142510324715,0.008817515335977077,person,0.31002894043922424,-0.30121142510324717,handbag,sentence,"The scene also includes a chair located near the man, and a handbag can be seen placed on the ground.",1
3250,461655,chair,1,0.10113643936812877,0.018863560631871223,bottle,0.3873226046562195,-0.36845904402434826,chairs,sentence,"The table is surrounded by chairs, with one on the left side and another on the right side.",1
5206,164115,person,1,0.10112048581242561,0.018879514187574387,bench,0.327203631401062,-0.3083241172134876,people,sentence,"Additionally, there is a bench located near the left side of the image, providing a place for people to sit and enjoy the surroundings.",1
6076,289633,sink,1,0.10104356415569782,0.018956435844302177,toothbrush,0.8121049404144287,-0.7931485045701265,sink,sentence,"The scene is set in a bathroom, with a sink visible in the background.",1
6679,362368,dining table,1,0.10083402030169963,0.01916597969830036,spoon,0.5458452105522156,-0.5266792308539152,dining table,sentence,"The scene also includes a chair and a dining table, suggesting that the dessert is being served in a casual setting.",1
7466,470704,person,1,0.10058186843991279,0.019418131560087204,bottle,0.4274138808250427,-0.4079957492649555,people,sentence,The scene appears to be set for a wine tasting or a social gathering where people can enjoy the wine and engage in conversation.,1
2207,313562,dining table,0,0.1004086647927761,0.019591335207223892,knife,0.33624666929244995,-0.31665533408522606,table,sentence,The image features a woman standing in front of a table filled with a variety of carrots.,1
10396,316400,spoon,1,0.1002788396552205,0.013414117507636547,cake,0.31369295716285706,-0.3002788396552205,spoon,sentence,"The cup is situated towards the left side of the table, and a spoon can be seen resting on the table as well.",1
12453,15994,tv,1,0.10024849779903888,0.019751502200961113,cell phone,0.3756491541862488,-0.35589765198528767,television,sentence,"In the scene, there is also a remote control placed near the woman, possibly for controlling a television or other electronic devices.",1
14351,293804,clock,1,0.100049354955554,0.01995064504444599,couch,0.49474310874938965,-0.47479246370494366,,,,0
11208,425522,person,1,0.100010487139225,0.019989512860774994,backpack,0.3954557478427887,-0.3754662349820137,people,sentence,The overall scene gives the impression of a busy transportation area with many people traveling with their belongings.,1
3631,517973,truck,1,0.09971162386238575,0.02028837613761425,car,0.3398551940917969,-0.3195668179541826,truck,sentence,"In the background, there is another car parked further away, and a truck can be seen on the left side of the image.",1
6824,382696,spoon,1,0.09956214472651481,0.020437855273485184,oven,0.3214510679244995,-0.30101321265101433,spoon,sentence,"The room is filled with various tools and equipment, including a pair of scissors, a knife, and a spoon.",1
4465,48795,person,1,0.09931993566453456,0.02068006433546543,bench,0.46749234199523926,-0.4468122776597738,people,sentence,"The book is titled ""Our Crowd: The Greatest Gathering of People Who Love People.",1
7359,457217,dining table,0,0.09894916124641895,0.021050838753581047,bowl,0.4575219452381134,-0.43647110648453236,dining tables,sentence,"In the background, there are several chairs and dining tables arranged, suggesting that this might be a dining area or a place where visitors can relax and enjoy the view of the elephant.",1
5314,180383,chair,1,0.09887684404850006,0.02112315595149994,tv,0.6941038370132446,-0.6729806810617447,,,,0
6829,383107,dining table,0,0.09864522039890289,0.021354779601097107,chair,0.3330683410167694,-0.3117135614156723,desk,sentence,"A desk with a computer and a keyboard can be seen in the foreground, creating a workspace within the living area.",1
1493,214698,person,1,0.0985935878753662,0.02140641212463379,car,0.36165887117385864,-0.34025245904922485,drivers,sentence,"The street appears to be a mix of residential and urban elements, with the stop sign and street sign providing guidance for drivers and pedestrians.",1
7639,494629,dining table,0,0.09842704504728317,0.021572954952716827,cup,0.37666231393814087,-0.35508935898542404,desk,sentence,"The room also contains a TV mounted on the wall, and a keyboard and mouse are placed on a desk nearby.",1
15575,462211,handbag,1,0.0983941637724638,0.0216058362275362,traffic light,0.5454619526863098,-0.5238561164587736,handbags,sentence,"There are several people walking on the sidewalk, with some of them carrying handbags.",1
4200,12319,bird,1,0.09830849140882492,0.02169150859117508,giraffe,0.7623695731163025,-0.7406780645251274,birds,sentence,"In addition to the giraffes, there are several birds scattered throughout the scene, adding to the lively atmosphere.",1
3350,472030,person,1,0.0981422633677721,0.021857736632227898,backpack,0.6881309747695923,-0.6662732381373644,person,sentence,"The backpack is positioned close to the bench, making it easily accessible for the person who brought it.",1
1727,246717,person,1,0.09800018824636936,0.021999811753630638,car,0.33258697390556335,-0.3105871621519327,people,sentence,"The street is lined with trees, providing a pleasant atmosphere for the people and vehicles passing by.",1
10615,346207,dining table,0,0.09799696773290634,0.02200303226709366,cup,0.38897231221199036,-0.3669692799448967,desk,sentence,The image features a wooden desk with a laptop and a computer monitor placed on it.,1
3654,523565,dining table,0,0.09793987952172756,0.022060120478272438,cup,0.35384923219680786,-0.3317891117185354,table,sentence,"The vase is placed on a table, and the red berries are scattered throughout the vase, creating a visually appealing arrangement.",1
3723,531349,car,1,0.09779612056910991,0.022203879430890083,bus,0.7193613648414612,-0.6971574854105711,car,sentence,"A car can be seen parked further down the street, and a bench is located near the bus, providing a place for people to sit and enjoy the view.",1
1275,183332,book,1,0.09760544344782829,0.022394556552171707,laptop,0.6902163624763489,-0.6678218059241772,books,sentence,"There are several books scattered around the room, with some placed on the desk and others on the floor.",1
1631,234697,car,1,0.09725449129939079,0.022745508700609207,traffic light,0.5280780792236328,-0.5053325705230236,cars,sentence,"The street appears to be empty, with no cars or pedestrians visible.",1
7831,525682,potted plant,1,0.0971374762058258,0.022862523794174194,couch,0.44228607416152954,-0.41942355036735535,potted plant,sentence,"A potted plant can be seen in the background, adding a touch of greenery to the space.",1
4284,23369,car,1,0.09711643576622009,0.022883564233779907,motorcycle,0.628646731376648,-0.605763167142868,car,sentence,"In addition to the motorcycle, there is a car parked on the road, slightly behind the motorcycle.",1
15044,386803,umbrella,1,0.09707595862448215,0.022924041375517845,boat,0.517013669013977,-0.4940896276384592,umbrellas,sentence,"In addition to the people and boats, there are a few umbrellas present in the scene, providing shade for the people on the water.",1
10926,386786,bowl,1,0.0970717117935419,0.022928288206458092,sink,0.4725998640060425,-0.4496715757995844,bowl,sentence,"The toilet seat is up, revealing the toilet bowl.",1
8359,9450,bench,1,0.09696639969944953,0.02303360030055046,baseball glove,0.741436779499054,-0.7184031791985035,bench,sentence,"The scene takes place in a park, with a bench visible in the background.",1
7912,533217,handbag,1,0.09695734724402427,0.023042652755975723,car,0.4171515703201294,-0.39410891756415367,handbags,sentence,"Some of them are carrying handbags, indicating that they might be shopping or running errands.",1
11750,502141,bird,1,0.09694704495370388,0.02305295504629612,umbrella,0.42275378108024597,-0.39970082603394985,bird,sentence,"A bird feeder is also present in the scene, adding to the backyard's charm.",1
14617,328084,car,0,0.09689701739698647,0.004714823327958584,stop sign,0.30161184072494507,-0.2968970173969865,car,sentence,"The image features a blue sign with white lettering, indicating the entrance to a public car park.",1
14946,373574,dining table,0,0.09678141295909881,0.023218587040901184,bottle,0.4856460988521576,-0.4624275118112564,desk,sentence,The image features a desk with a laptop computer and a television monitor placed next to each other.,1
8267,578522,person,1,0.09674638777971267,0.023253612220287323,car,0.3327299952507019,-0.3094763830304146,people,sentence,"In addition to the vehicles, there are two people visible in the scene, one near the center and the other closer to the right side.",1
10184,289343,horse,1,0.09655917331576347,0.023440826684236526,dog,0.6505593061447144,-0.6271184794604778,horse,sentence,"The bicycle is quite unique, as it has a long wheelbase and is designed to look like a horse.",1
3337,469896,vase,1,0.09649087570607662,0.023509124293923378,book,0.4149618446826935,-0.3914527203887701,vase,sentence,"Additionally, there is a vase placed on a surface in the room, adding a decorative touch to the scene.",1
9860,236874,sports ball,0,0.09643879987299442,0.023561200127005577,baseball glove,0.8394883871078491,-0.8159271869808435,ball,sentence,"He is holding the ball in his hand, with his arm fully extended, ready to make the pitch.",1
11824,513789,dining table,1,0.09632369957864284,0.023676300421357155,chair,0.3856711983680725,-0.36199489794671535,table,sentence,"A chair is placed in the right corner, and a small table is located in the middle of the room.",1
6073,289222,car,1,0.09611945681273937,0.023880543187260628,traffic light,0.6041395664215088,-0.5802590232342482,car,sentence,"A car is visible in the background, parked or waiting at the traffic light.",1
3317,467988,cell phone,0,0.09597819939255714,0.024021800607442856,laptop,0.5782489776611328,-0.55422717705369,cell phone,sentence,"A cell phone is placed on the desk, and a handbag is located nearby.",1
8565,37900,dining table,1,0.09565888736397027,0.014979182742536068,knife,0.31063807010650635,-0.2956588873639703,table,sentence,The image features a cluttered table with various items on it.,1
9111,122839,cell phone,1,0.09565532848238945,0.02434467151761055,handbag,0.36734557151794434,-0.3430009000003338,telephone,sentence,"The statue is located near a red telephone booth, which is a notable landmark in the scene.",1
13446,156372,person,1,0.09559083998203277,0.024409160017967224,backpack,0.5907407999038696,-0.5663316398859024,people,sentence,"The scene suggests a leisurely day out on the water, with people enjoying their time on the boats.",1
1067,153055,cup,1,0.09558175399899482,0.024418246001005173,pizza,0.7747238874435425,-0.7503056414425373,cups,sentence,"The table also has a few cups and a wine glass, suggesting that the pizza is being shared among friends or family.",1
4712,90239,potted plant,1,0.09552105598151683,0.024478944018483162,couch,0.48009172081947327,-0.4556127768009901,potted plant,sentence,"The living room also contains a potted plant, adding a touch of greenery to the space.",1
260,35738,couch,1,0.0954392597824335,0.02456074021756649,tv,0.6546028256416321,-0.6300420854240656,couch,sentence,"The room has a TV on the left side, and a couch is located in the background.",1
12047,544451,dining table,0,0.09524831660091876,0.022738410159945488,bottle,0.31798672676086426,-0.29524831660091877,desk,sentence,"The image features a desk with a desktop computer setup, including a keyboard and a mouse.",1
12909,81287,handbag,1,0.09496983222663402,0.025030167773365974,bus,0.46522748470306396,-0.440197316929698,handbags,sentence,"A few of them are carrying handbags, with one handbag located near the center of the image and another one closer to the right side.",1
7514,474344,sports ball,1,0.09490374371409416,0.025096256285905838,tennis racket,0.7094186544418335,-0.6843223981559277,ball,sentence,"The image features a man in a black shirt and jeans, holding a baseball bat and preparing to swing at a ball.",1
6087,291528,knife,1,0.09465934418141841,0.02534065581858158,sandwich,0.509925127029419,-0.48458447121083736,knife,sentence,"The sandwich is accompanied by a knife, which is placed on the plate, ready to be used for cutting and serving the sandwich.",1
14314,286662,bottle,1,0.0944987916201353,0.025501208379864693,wine glass,0.6091099977493286,-0.5836087893694639,bottle,sentence,"The table setting includes a cup and a bottle, possibly containing a beverage to accompany the dessert.",1
5854,258209,bicycle,0,0.0944290541857481,0.0255709458142519,bench,0.549014151096344,-0.5234432052820921,bicycles,sentence,"There are two bicycles in the scene, one located on the left side of the bench and the other on the right side.",1
5768,243456,bed,1,0.09428767941892147,0.02571232058107853,laptop,0.5887904763221741,-0.5630781557410955,bed,sentence,"On the desk, there is a cat sitting on a cat bed, looking out the window.",1
3099,444682,dining table,0,0.09407673858106136,0.025923261418938637,bowl,0.3334386348724365,-0.3075153734534979,desk,sentence,The image features a cluttered desk with various items scattered around.,1
4582,69805,chair,1,0.09399266995489597,0.026007330045104027,bowl,0.32570385932922363,-0.2996965292841196,chair,sentence,"Additionally, there is a chair located near the center of the image.",1
16338,568502,bottle,1,0.09391317225992679,0.026086827740073204,sink,0.4308268129825592,-0.404739985242486,bottles,sentence,"There are several bottles scattered around the bathroom, with some placed near the toilet and others on the floor.",1
5004,135670,car,1,0.09388400696218013,0.026115993037819862,bicycle,0.5127325057983398,-0.48661651276052,car,sentence,"The image features a bicycle parked inside a train, specifically in the doorway of a passenger train car.",1
8123,558012,couch,1,0.0938606046885252,0.0261393953114748,laptop,0.6286938786506653,-0.6025544833391905,couch,sentence,"The desk is situated in a room with a couch in the background, creating a comfortable and functional workspace.",1
15614,466422,bench,1,0.09371122054755687,0.026288779452443123,baseball glove,0.7104198336601257,-0.6841310542076826,bench,sentence,"The scene is set on a baseball field, with a bench visible in the background.",1
12389,9003,sports ball,0,0.09361165098845958,0.026388349011540413,tennis racket,0.8884237408638,-0.8620353918522596,ball,sentence,"The image features a man in a grey shirt and black shorts, holding a tennis racket and preparing to hit a tennis ball.",1
1950,277674,cup,1,0.09341938875615596,0.026580611243844032,fork,0.8060250282287598,-0.7794444169849157,cup,sentence,"A handbag can be seen placed on the left side of the cake, and a cup is located near the top right corner of the image.",1
278,38449,tie,1,0.09336314246058464,0.02663685753941536,handbag,0.3965061604976654,-0.36986930295825005,tie,sentence,"Additionally, there is a tie visible in the scene, possibly belonging to one of the individuals or someone else in the vicinity.",1
4372,33845,donut,1,0.09326407209038734,0.026735927909612656,knife,0.44465702772140503,-0.4179210998117924,donuts,sentence,"There are also several donuts scattered around the table, adding to the assortment of food items.",1
8252,577223,car,1,0.09319312579929828,0.026806874200701714,truck,0.5316925048828125,-0.5048856306821108,car,sentence,"There are a few other vehicles in the parking lot, including a car and a smaller truck.",1
4857,112664,bus,0,0.0930121437460184,0.02698785625398159,suitcase,0.5752143859863281,-0.5482265297323465,bus,sentence,"The image features a man sitting on a bench in front of a bus stop, waiting for the bus.",1
9750,223123,bird,1,0.09293939255177974,0.027060607448220253,cow,0.646373450756073,-0.6193128433078527,birds,sentence,"In addition to the cows, there are a few birds visible in the scene, adding to the natural atmosphere of the field.",1
10902,384503,truck,1,0.09288597375154495,0.027114026248455048,bus,0.39811909198760986,-0.3710050657391548,truck,sentence,"In addition to the trolley car, there are several other vehicles in the scene, including a car and a truck.",1
11492,463605,car,0,0.09283534705638885,0.027164652943611145,bus,0.44872036576271057,-0.4215557128190994,car,sentence,The image features a train car with graffiti covering its exterior.,1
7471,471394,cell phone,1,0.09281035438179969,0.023136194795370102,cup,0.3159465491771698,-0.2928103543817997,cell phone,sentence,"A cell phone can also be seen on the table, placed near the left edge.",1
13270,131497,bed,0,0.09281011193990707,0.027189888060092926,dog,0.5743894577026367,-0.5471995696425438,bed,sentence,"The image features a brown dog lying on a white surface, possibly a bed or a blanket.",1
14005,240742,bottle,1,0.09280146926641464,0.027198530733585358,cup,0.42704617977142334,-0.399847649037838,bottle,sentence,"A bottle can be seen in the top left corner of the table, and a bowl is located in the top right corner.",1
11307,437180,dining table,0,0.09278566099703311,0.02721433900296688,bottle,0.3544771671295166,-0.3272628281265497,table,sentence,"The image features a group of three people sitting around a table, engaged in a discussion.",1
6898,391158,person,1,0.09245341353118419,0.027546586468815804,cup,0.3572574555873871,-0.3297108691185713,people,sentence,"In addition to the train, there are two people in the scene, one located near the left side and the other closer to the right side.",1
4192,11262,dining table,0,0.0924095482379198,0.027590451762080193,bottle,0.40613874793052673,-0.37854829616844654,desk,sentence,The image depicts a cluttered desk with various items scattered across its surface.,1
13061,105668,couch,1,0.0923462350666523,0.027653764933347702,remote,0.4407745599746704,-0.4131207950413227,couch,sentence,"The room has a couch in the background, and a chair is located nearby.",1
10670,353920,bottle,1,0.0922406268119812,0.0277593731880188,sink,0.618759274482727,-0.5909999012947083,bottle,sentence,"A bottle can also be seen in the bathroom, possibly containing a cleaning product or a personal care item.",1
16386,575817,bottle,1,0.09215613164007663,0.027843868359923363,sink,0.5071969628334045,-0.4793530944734812,bottle,sentence,"A bottle can be seen on the floor, possibly containing cleaning supplies or other bathroom essentials.",1
6012,280688,dining table,0,0.09214307449758052,0.027856925502419472,cup,0.6171531081199646,-0.5892961826175451,desk,sentence,"The image features a white coffee cup sitting on a desk, with a lid still attached.",1
13702,196168,bottle,1,0.09201204299926757,0.027987957000732422,sink,0.5140846967697144,-0.48609673976898193,bottle,sentence,"Additionally, there is a bottle located near the sink, possibly containing soap or other bathroom essentials.",1
6999,404652,bottle,1,0.09198697552084922,0.028013024479150772,oven,0.6251528859138489,-0.5971398614346981,bottle,sentence,"Additionally, there is a bottle located near the left side of the kitchen.",1
14468,307573,vase,1,0.09195830568671226,0.028041694313287735,couch,0.46137258410453796,-0.43333088979125023,vase,sentence,"Additionally, a clock is mounted on the wall, and a vase is positioned on a surface in the room.",1
10375,313928,person,1,0.09195135988295078,0.028048640117049217,chair,0.3334462344646454,-0.30539759434759617,people,sentence,"There are two chairs placed around the table, inviting people to sit and enjoy the view.",1
2160,307614,potted plant,0,0.09191973403096199,0.02808026596903801,vase,0.3486197888851166,-0.32053952291607857,potted plant,sentence,"A potted plant can be seen in the room, adding a touch of greenery to the space.",1
3265,463360,dining table,0,0.09167486511170864,0.02832513488829136,chair,0.3749549090862274,-0.34662977419793606,desk,sentence,"The image features a room with a desk in the center, surrounded by various dolls and toys.",1
6839,383703,microwave,1,0.09157741151750087,0.028422588482499123,knife,0.3871195912361145,-0.3586970027536154,microwave,sentence,"The kitchen is well-equipped with a refrigerator, an oven, and a microwave.",1
3967,557321,book,1,0.09146391868591308,0.028536081314086914,mouse,0.6752103567123413,-0.6466742753982544,books,sentence,"In addition to the electronic devices, there are two books on the desk, one near the center and the other towards the right side.",1
5703,234251,tv,1,0.09133410349488258,0.028665896505117416,remote,0.716460645198822,-0.6877947486937046,television,sentence,"There is also a remote control placed on the couch, possibly for another gaming console or a television.",1
6265,312412,person,1,0.09132935374975204,0.028670646250247955,bottle,0.3462826907634735,-0.31761204451322556,people,sentence,The table setting appears to be for a wine tasting or a social gathering where people can enjoy wine and conversation.,1
15350,430546,bicycle,1,0.0912339024990797,0.028766097500920296,motorcycle,0.6658344268798828,-0.6370683293789625,bike,sentence,"The motorcycle is positioned in the center of the scene, with the rider's body and the bike's position indicating the rider's focus on the curve.",1
406,54133,person,1,0.09116009518504142,0.028839904814958572,bench,0.3273894786834717,-0.2985495738685131,person,sentence,"A person is sitting on the floor in the kitchen, possibly resting or working on a project.",1
10027,263463,person,0,0.09104412503540515,0.02895587496459484,bench,0.4883410334587097,-0.4593851584941149,people,sentence,"The dogs are looking out the window, possibly observing the surroundings or watching people pass by.",1
9596,198733,bicycle,1,0.09077510505914688,0.02922489494085312,skateboard,0.5969189405441284,-0.5676940456032753,bicycles,sentence,"In addition to the skateboarder, there are two bicycles in the scene, one located near the left side of the image and the other towards the right side.",1
8969,102614,car,1,0.09076232155784963,0.006116731557995081,stop sign,0.2968790531158447,-0.29076232155784965,car,sentence,"There are a few other elements in the scene, such as a car parked on the left side of the road and a person standing further back on the right side.",1
15108,397101,sports ball,0,0.09073154523968696,0.029268454760313034,tennis racket,0.8769726157188416,-0.8477041609585285,ball,sentence,"She is in the middle of a swing, reaching up to hit the ball with her racket.",1
9536,190041,sports ball,1,0.09067327920347451,0.010951108299195766,bench,0.3016243875026703,-0.2906732792034745,sports balls,sentence,"In addition to the person, there are two sports balls visible in the scene, one located near the left side of the hallway and the other closer to the right side.",1
6860,385669,bench,1,0.09059405222535133,0.029405947774648666,umbrella,0.5795772075653076,-0.550171259790659,bench,sentence,"In the background, there is a bench situated on the sidewalk, and a handbag can be seen placed nearby.",1
1362,195045,bird,1,0.09052988037467002,0.02947011962532997,bench,0.4493826627731323,-0.41991254314780235,birds,sentence,"Additionally, there are a few birds visible in the image, adding to the natural ambiance of the park.",1
8790,70020,sports ball,1,0.09040463425219059,0.02959536574780941,tennis racket,0.8753648400306702,-0.8457694742828608,ball,sentence,"A tennis ball can be seen in the air, indicating that the game is in progress.",1
6875,388707,dining table,0,0.09037613049149512,0.024425532668828964,chair,0.3148016631603241,-0.29037613049149513,desk,sentence,The image features a white desk with a computer monitor sitting on top of it.,1
592,84968,handbag,1,0.09031754069030284,0.02968245930969715,car,0.3785892426967621,-0.34890678338706493,handbag,sentence,"A fire hydrant can be seen on the right side of the street, and a handbag is placed on the ground near the center of the scene.",1
6991,404249,bench,1,0.09026745788753032,0.029732542112469673,skateboard,0.8355613350868225,-0.8058287929743528,bench,sentence,"The scene takes place in a park-like setting, with trees in the background and a bench nearby.",1
11163,420234,sports ball,1,0.09016309946775436,0.029836900532245636,baseball bat,0.7781764268875122,-0.7483395263552666,ball,sentence,"The catcher is positioned behind the batter, wearing a baseball glove, ready to catch the ball.",1
716,101031,handbag,1,0.08998577937483787,0.030014220625162125,bus,0.5108091831207275,-0.4807949624955654,handbags,sentence,"There are several people walking along the sidewalk, some of them carrying handbags.",1
14493,309940,sports ball,1,0.08987736225128173,0.03012263774871826,baseball glove,0.8471183180809021,-0.8169956803321838,ball,sentence,The young man appears to be focused and ready to catch the ball.,1
15890,506614,vase,1,0.08972677484154701,0.030273225158452988,chair,0.3491419851779938,-0.3188687600195408,vase,sentence,"Additionally, there is a clock on the wall, and a vase is visible on the right side of the room.",1
3605,514254,tv,1,0.08946370601654052,0.030536293983459473,remote,0.689663827419281,-0.6591275334358215,tv,sentence,"In the room, there is a TV mounted on the wall, and a cell phone can be seen placed nearby.",1
11324,439339,chair,1,0.08936033852398395,0.030639661476016045,cup,0.536871075630188,-0.5062314141541719,chair,sentence,"The woman is seated on a chair, and the dining table occupies most of the space in the scene.",1
11408,449594,vase,1,0.0893513959646225,0.030648604035377502,tv,0.33781158924102783,-0.30716298520565033,vase,sentence,"A dining table can be seen in the background, and a vase is placed on the table, adding a decorative touch to the room.",1
1299,186182,sink,1,0.08928001008927822,0.03071998991072178,refrigerator,0.3832740783691406,-0.35255408845841885,sink,sentence,"In addition to the refrigerator, there is a microwave located on the countertop, and a sink can be seen in the background.",1
6331,321118,chair,1,0.0892135751247406,0.0307864248752594,laptop,0.7441463470458984,-0.713359922170639,chair,sentence,"In the room, there is a chair located near the left side of the laptop, and a remote control can be seen on the right side of the laptop.",1
3071,440964,dining table,0,0.08912034414708614,0.030879655852913857,cup,0.4492247700691223,-0.41834511421620846,desk,sentence,The image features a wooden desk with a computer setup on it.,1
12082,547759,cup,1,0.08911138668656349,0.030888613313436508,sandwich,0.4586937129497528,-0.4278050996363163,cup,sentence,"In addition to the main items, there is a handbag placed on the left side of the table, and a cup can be seen on the right side.",1
15220,411484,car,1,0.08896663680672645,0.031033363193273544,stop sign,0.363262802362442,-0.3322294391691685,car,sentence,"In the background, there is a car parked, possibly belonging to the woman or someone else visiting the field.",1
107,14635,potted plant,1,0.08882462128996849,0.03117537871003151,dining table,0.34229737520217896,-0.31112199649214745,potted plant,sentence,"The room is decorated with a potted plant, adding a touch of greenery to the space.",1
4765,98141,bottle,1,0.08879895590245723,0.031201044097542763,chair,0.34571123123168945,-0.3145101871341467,bottles,sentence,"Additionally, there are two bottles placed near the chairs, possibly containing water or other beverages for the riders.",1
5599,222299,cup,1,0.08850068494677543,0.031499315053224564,bottle,0.3639223575592041,-0.33242304250597954,cup,sentence,"A bottle can be seen near the center of the bed, and a cup is located towards the left side.",1
2580,367569,dining table,0,0.08848838403820991,0.031511615961790085,bowl,0.3343944549560547,-0.3028828389942646,dining table,sentence,"A dining table is located in the center of the room, with a laptop placed on it.",1
2604,369082,chair,1,0.08830129280686377,0.030776824802160263,bowl,0.31907811760902405,-0.2883012928068638,chair,sentence,The kitchen also has a dining table with a chair positioned in front of it.,1
8010,543065,cup,1,0.08828492730855941,0.03171507269144058,pizza,0.578538715839386,-0.5468236431479454,cups,sentence,There are also a couple of cups on the table.,1
15326,427376,car,1,0.08826625987887382,0.031733740121126175,fire hydrant,0.9430538415908813,-0.9113201014697552,car,sentence,"A stop sign is visible on the left side of the image, and a car can be seen parked further down the street.",1
13487,162415,sports ball,0,0.08825459226965904,0.03174540773034096,baseball glove,0.8150629997253418,-0.7833175919950008,ball,sentence,"The girl is holding the baseball glove in her hands, ready to catch the ball.",1
9201,136140,chair,1,0.088189934566617,0.02302194945514202,person,0.31121188402175903,-0.288189934566617,chair,sentence,"In the background, there is a chair located towards the right side of the image.",1
2189,310862,keyboard,1,0.08815064549446106,0.03184935450553894,tv,0.3999175727367401,-0.36806821823120117,keyboards,sentence,"Additionally, there are two keyboards, one near the center of the room and the other towards the right side.",1
6041,284097,baseball glove,1,0.08809107810258865,0.031908921897411346,baseball bat,0.7163272500038147,-0.6844183281064034,baseball gloves,sentence,"There are two baseball gloves in the scene, one located near the boy and the other further away.",1
10349,310725,bed,1,0.08804964914917945,0.03195035085082054,remote,0.5267070531845093,-0.49475670233368874,bed,sentence,"The room has a bed in the background, and a chair is located nearby.",1
3290,465184,clock,1,0.0879914154112339,0.0320085845887661,vase,0.4722282588481903,-0.4402196742594242,clock,sentence,"A chair can be seen in the background, and a clock is mounted on the wall.",1
4146,3580,cup,1,0.08794695034623146,0.03205304965376854,chair,0.37804630398750305,-0.3459932543337345,cup,sentence,"A dining table can be seen in the room, with a cup placed on it.",1
7488,472478,knife,1,0.08789251640439033,0.032107483595609665,pizza,0.7389488816261292,-0.7068413980305195,knife,sentence,"A knife can also be seen on the table, likely used for cutting the pizza.",1
9476,180479,cup,1,0.08787136793136596,0.03212863206863403,pizza,0.6997740268707275,-0.6676453948020935,cups,sentence,"In addition to the pizza, there are two cups in the scene.",1
4147,3580,bottle,1,0.08785150840878486,0.032148491591215134,chair,0.37804630398750305,-0.3458978123962879,bottle,sentence,"Additionally, there is a bottle located near the edge of the table.",1
1736,248400,bottle,1,0.0878390584886074,0.03216094151139259,bowl,0.41760632395744324,-0.38544538244605064,bottle,sentence,"There are also a few other items in the scene, such as a bottle, a knife, and a bowl.",1
4585,70471,tv,1,0.087784333974123,0.032215666025877,remote,0.7413511276245117,-0.7091354615986347,tv,sentence,"The image features a baby girl sitting on a couch, holding a TV remote control in her mouth.",1
11074,407386,cell phone,1,0.08771051362156868,0.03228948637843132,laptop,0.5339634418487549,-0.5016739554703236,cell phone,sentence,"Additionally, a cell phone can be seen on the desk, further emphasizing the workspace setting.",1
10511,333630,bowl,1,0.08759883902966975,0.014485666528344154,chair,0.3020845055580139,-0.28759883902966976,,,,0
7504,473869,sink,1,0.08757801622152328,0.032421983778476715,microwave,0.3622581660747528,-0.3298361822962761,sink,sentence,"The kitchen is well-equipped with various appliances, including a microwave, an oven, and a sink.",1
213,31043,vase,1,0.08754232048988342,0.03245767951011658,couch,0.5466225147247314,-0.5141648352146149,vase,sentence,"The living room is adorned with a few decorative elements, including a refrigerator on the left side, a potted plant near the center, and a vase placed on the dining table.",1
5826,253441,bottle,1,0.08752922236919403,0.03247077763080597,sink,0.6685872673988342,-0.6361164897680283,bottles,sentence,"There are multiple bottles placed on the floor and countertops, as well as a cup and a spoon.",1
1120,158957,kite,1,0.08751704439520835,0.03248295560479164,surfboard,0.7372035384178162,-0.7047205828130245,kites,sentence,"In the background, there are two kites flying in the sky, adding a lively atmosphere to the scene.",1
9673,210794,potted plant,1,0.08723570302128791,0.03276429697871208,tv,0.42028939723968506,-0.387525100260973,potted plant,sentence,"A potted plant is also present in the room, adding a touch of greenery to the space.",1
4965,128058,sports ball,1,0.08717079356312751,0.03282920643687248,tennis racket,0.846795380115509,-0.8139661736786366,ball,sentence,"The image features a man in a white shirt and hat, holding a tennis racket and preparing to hit a tennis ball.",1
14976,377881,tv,1,0.08702448651194572,0.032975513488054276,cell phone,0.5457111597061157,-0.5127356462180614,tv,sentence,"A backpack is located on the floor, close to the person's feet, and a TV can be seen in the background.",1
12224,565597,fork,1,0.08699045971035957,0.03300954028964043,pizza,0.5851418972015381,-0.5521323569118977,fork,sentence,"The table setting also includes a fork and a knife, which are placed near the pizza slices.",1
3336,469896,chair,1,0.08692140400409698,0.033078595995903015,book,0.4149618446826935,-0.38188324868679047,chair,sentence,"In the room, there is a chair positioned near the bed, and a clock can be seen on the wall.",1
2603,369082,dining table,1,0.08687662258744239,0.03220149502158165,bowl,0.31907811760902405,-0.2868766225874424,,,,0
15586,463611,vase,1,0.08671561896800994,0.03328438103199005,sink,0.4876649081707001,-0.45438052713871,vase,sentence,"A vase is also present in the scene, placed on the countertop to the right of the sink.",1
15744,487333,dining table,1,0.08670452505350112,0.03329547494649887,bottle,0.3978053331375122,-0.36450985819101334,table,sentence,"In the background, there is a bottle placed on a surface, possibly a table or a countertop.",1
6803,380348,knife,1,0.0866130170226097,0.03338698297739029,dining table,0.39867717027664185,-0.36529018729925156,knives,sentence,"The table is adorned with various silverware, including forks, knives, and spoons, as well as multiple wine glasses.",1
11190,423618,sink,1,0.08658885106444358,0.03341114893555641,knife,0.5768560767173767,-0.5434449277818203,sink,sentence,"The scene appears to be set in a kitchen, with a sink visible in the background.",1
12539,26942,person,1,0.08648095175623893,0.03351904824376106,chair,0.35041502118110657,-0.3168959729373455,person,sentence,"In the background, there is a person partially visible, likely observing the cat or engaging in some other activity.",1
3069,440514,handbag,1,0.08634860709309577,0.03365139290690422,traffic light,0.33709457516670227,-0.30344318225979805,handbags,sentence,"In addition to the vehicles, there are several pedestrians walking along the sidewalk, some of them carrying handbags.",1
5202,163372,bird,1,0.08632468327879905,0.03367531672120094,zebra,0.5995303988456726,-0.5658550821244717,birds,sentence,"In the background, there are a few birds scattered around the area, adding to the natural ambiance of the scene.",1
15160,404988,person,1,0.0863221389055252,0.03367786109447479,bench,0.6096288561820984,-0.5759509950876236,people,sentence,The park appears to be a popular spot for people to relax and enjoy the winter scenery.,1
1216,174123,broccoli,1,0.08619151160120964,0.03380848839879036,fork,0.7122019529342651,-0.6783934645354748,broccoli,sentence,"There are several pieces of broccoli scattered around the pizza, adding to the variety of toppings.",1
14064,249884,broccoli,1,0.08613457426428794,0.03386542573571205,pizza,0.646775484085083,-0.612910058349371,broccoli,sentence,"In addition to the pizzas, there are several pieces of broccoli scattered around the grill, with some on the left side and others on the right side.",1
7676,500657,sports ball,1,0.08608556061983108,0.033914439380168915,baseball glove,0.8236224055290222,-0.7897079661488533,ball,sentence,"He is holding a baseball glove in his hand, ready to catch the ball.",1
4280,22660,person,0,0.08594614163041114,0.03405385836958885,bench,0.7057257294654846,-0.6716718710958958,passengers,sentence,"There are several benches lined up along the platform, providing seating for passengers waiting for their trains.",1
12225,565597,knife,1,0.08593488752841949,0.034065112471580505,pizza,0.5851418972015381,-0.5510767847299576,,,,0
7993,541054,sports ball,1,0.08575695276260376,0.03424304723739624,tennis racket,0.8382446765899658,-0.8040016293525696,ball,sentence,"The image features a woman standing on a tennis court, holding a tennis racket and preparing to hit a tennis ball.",1
12365,6213,toothbrush,1,0.08569637209177017,0.03430362790822983,sink,0.44960442185401917,-0.41530079394578934,toothbrush,sentence,"A toothbrush can also be seen on the countertop, near the sink.",1
9034,112240,person,1,0.085589951723814,0.03441004827618599,bench,0.6240499019622803,-0.5896398536860943,people,sentence,"The benches are placed in the grassy area, providing a perfect spot for people to sit and enjoy the view of the lake and the boats.",1
6837,383703,refrigerator,1,0.08549313515424728,0.034506864845752716,knife,0.3871195912361145,-0.3526127263903618,,,,0
13680,192192,handbag,1,0.08546510234475135,0.03453489765524864,bench,0.49728670716285706,-0.4627518095076084,handbag,sentence,"A bicycle can be seen parked near the left side of the park, and a handbag is placed on the ground close to one of the benches.",1
354,48281,dining table,1,0.08544698998332023,0.034553010016679764,cup,0.4079108238220215,-0.3733578138053417,table,sentence,The vase is placed on a table in front of her.,1
2379,339344,person,0,0.08537338942289352,0.034626610577106476,car,0.32743704319000244,-0.29281043261289597,people,sentence,"There are several people in the image, with one person standing close to the bus, another person further away, and a third person closer to the fence.",1
6236,310185,sports ball,1,0.08531784534454345,0.03468215465545654,baseball glove,0.6133249998092651,-0.5786428451538086,ball,sentence,"The batter is wearing a baseball glove, ready to hit the ball.",1
15325,427376,stop sign,1,0.08517951786518096,0.03482048213481903,fire hydrant,0.9430538415908813,-0.9082333594560623,,,,0
11289,435922,tv,1,0.08511610597372055,0.03488389402627945,remote,0.7855071425437927,-0.7506232485175133,tv,sentence,"Additionally, there are two TV remotes, one located closer to the left side of the desk and the other towards the right side.",1
10927,387098,dining table,0,0.08511378355324267,0.023395119234919548,cup,0.30850890278816223,-0.2851137835532427,desk,sentence,The image features a wooden desk with a laptop computer and a monitor placed on it.,1
12923,84123,person,1,0.08508685871958732,0.034913141280412674,car,0.37671229243278503,-0.34179915115237236,people,sentence,"The scene captures the hustle and bustle of a typical day in a city, with people and vehicles navigating the streets.",1
9411,169757,sink,1,0.08481813862919807,0.035181861370801926,microwave,0.5396384596824646,-0.5044565983116627,sink,sentence,"The kitchen also contains a sink, and a few bottles can be seen scattered around the space.",1
2338,333772,dining table,1,0.08480399742722511,0.03519600257277489,cup,0.42986151576042175,-0.39466551318764687,desk,sentence,The image features a wooden desk with a black and white cat lying on top of it.,1
11874,520012,person,1,0.08476127579808235,0.03523872420191765,cup,0.42777588963508606,-0.3925371654331684,person,sentence,"A cell phone can be seen on the left side of the tray, possibly belonging to the person who prepared the meal.",1
12066,545756,sports ball,0,0.08457397937774658,0.03542602062225342,tennis racket,0.8169000744819641,-0.7814740538597107,ball,sentence,"The image captures a male tennis player in action on a clay court, swinging his tennis racket to hit the ball.",1
12001,537081,person,1,0.08437408402562141,0.035625915974378586,dining table,0.4066821336746216,-0.371056217700243,person,sentence,The scene suggests a casual dining experience where the person is about to enjoy a slice of pizza.,1
12375,7570,dining table,0,0.08421629562973976,0.03578370437026024,chair,0.4395228326320648,-0.4037391282618046,desk,sentence,"The image features a small, tidy home office with a white desk and a computer setup.",1
14404,302292,couch,1,0.08417886391282081,0.035821136087179184,cat,0.5685365200042725,-0.5327153839170933,couch,sentence,"The scene takes place indoors, with a couch visible in the background.",1
2266,321811,bottle,1,0.08398209407925605,0.03601790592074394,oven,0.41567888855934143,-0.3796609826385975,bottles,sentence,"Additionally, there are two bottles in the kitchen, one on the left side and another on the right side.",1
11181,422725,sports ball,1,0.08391940116882324,0.03608059883117676,tennis racket,0.7988563179969788,-0.762775719165802,ball,sentence,"The image features a male tennis player in action on a tennis court, holding a tennis racket and preparing to hit the ball.",1
5108,150779,car,1,0.08378703415393829,0.03621296584606171,stop sign,0.37442371249198914,-0.33821074664592743,cars,sentence,"In the background, there are two cars parked on the street, one closer to the left side and the other further to the right.",1
4783,102517,chair,1,0.08371392935514449,0.026315011084079742,person,0.31002894043922424,-0.2837139293551445,,,,0
430,57238,sink,1,0.08363066136837005,0.036369338631629944,refrigerator,0.8212193846702576,-0.7848500460386276,sink,sentence,"The kitchen also has a sink, which is situated on the right side of the room.",1
10626,347254,orange,0,0.08361704170703887,0.03638295829296112,cup,0.37559086084365845,-0.3392079025506973,orange,sentence,"The image features a man wearing a white suit and tie, sitting at a dining table with a glass of orange juice in his hand.",1
5429,195815,dining table,0,0.08341758996248244,0.030597589910030365,bowl,0.3140151798725128,-0.28341758996248245,dining table,sentence,"The room also contains a dining table with a bowl placed on it, and a vase can be seen nearby.",1
11718,496718,clock,1,0.08331221982836723,0.03668778017163277,couch,0.34068307280540466,-0.3039952926337719,clock,sentence,"A clock can be seen hanging on the wall, and a cup is placed on a surface in the background.",1
976,138553,sports ball,1,0.08326052397489547,0.03673947602510452,baseball glove,0.8323524594306946,-0.7956129834055901,sports ball,sentence,"A baseball glove can be seen in the hands of one of the players, and a sports ball is visible in the air, likely in the process of being thrown or hit.",1
7358,457217,chair,1,0.08304897591471672,0.03695102408528328,bowl,0.4575219452381134,-0.4205709211528301,,,,0
12656,43288,person,1,0.08298602223396301,0.03701397776603699,cell phone,0.6824094653129578,-0.6453954875469208,person,sentence,"In the background, there is a cell phone resting on the table, possibly belonging to the person who prepared or is about to enjoy the sandwich.",1
15005,381332,dining table,1,0.08295857056975364,0.03704142943024635,wine glass,0.4434892535209656,-0.4064478240907192,dining table,sentence,"The room has a dining table in the background, and there are several bottles placed around the room, some of which are close to the table.",1
2605,369082,potted plant,1,0.08282517567276954,0.0362529419362545,bowl,0.31907811760902405,-0.28282517567276955,potted plant,sentence,"A potted plant is placed in the corner of the room, adding a touch of greenery to the space.",1
2464,354369,laptop,1,0.08277401223778724,0.03722598776221275,book,0.46162429451942444,-0.4243983067572117,notebook,sentence,"The book appears to be a notebook, possibly used for recording information about sheep or farm activities.",1
7067,413124,sports ball,1,0.08269670873880386,0.037303291261196136,baseball glove,0.8732693791389465,-0.8359660878777504,ball,sentence,"He appears to be a baseball player, possibly a catcher, as he is wearing a baseball glove and is positioned in a way that suggests he is ready to catch a ball.",1
13927,230148,dining table,1,0.0826416340470314,0.0373583659529686,pizza,0.6627427339553833,-0.6253843680024147,dining table,sentence,"The pizza is placed on a dining table, and the box is open, revealing the delicious pizza inside.",1
5439,196885,sports ball,1,0.08263928338885307,0.03736071661114693,baseball bat,0.590882420539856,-0.553521703928709,ball,sentence,"The catcher is positioned behind the batter, wearing a baseball glove, ready to catch the ball.",1
9679,211186,clock,1,0.0826246839761734,0.0373753160238266,tv,0.6194165349006653,-0.5820412188768387,clock,sentence,"The living room is adorned with several decorative elements, including a potted plant placed on the left side, a vase on the right side, and a clock hanging on the wall.",1
7987,540642,bowl,1,0.082589543312788,0.03741045668721199,oven,0.43094420433044434,-0.39353374764323235,bowl,sentence,"A bottle can be seen on the countertop, and a bowl is placed on the dining table.",1
1523,219269,dining table,0,0.08247332014143466,0.02579057775437832,chair,0.308263897895813,-0.28247332014143467,desk,sentence,"The image features a small, tidy office space with a desk and a chair.",1
2186,310862,chair,1,0.08228405088186264,0.03771594911813736,tv,0.3999175727367401,-0.36220162361860275,chairs,sentence,"The office environment includes several chairs and a dining table, which are placed around the room.",1
8271,579231,sports ball,1,0.08224436908960342,0.037755630910396576,baseball bat,0.7679558396339417,-0.7302002087235451,ball,sentence,"The catcher is positioned behind the batter, wearing a baseball glove, ready to catch the ball.",1
10690,356424,potted plant,1,0.0821497318148613,0.0378502681851387,cup,0.41850408911705017,-0.38065382093191147,potted plant,sentence,"A chair can be seen near the man, and a potted plant is placed in the background, adding a touch of greenery to the scene.",1
12663,43838,clock,1,0.08203894540667533,0.03796105459332466,oven,0.39061132073402405,-0.3526502661406994,clock,sentence,"Above the sink, a clock is mounted on the wall.",1
15864,502557,dining table,1,0.08191968023777008,0.03808031976222992,cake,0.48141762614250183,-0.4433373063802719,dining table,sentence,"The cake is placed on a dining table, ready to be enjoyed by the birthday celebrant.",1
15237,413278,cup,1,0.08187168732285499,0.038128312677145004,pizza,0.7552139163017273,-0.7170856036245823,cup,sentence,"A cup can be seen on the left side of the table, and a spoon is placed near the center.",1
10065,269121,sports ball,0,0.08149379760026931,0.03850620239973068,tennis racket,0.8157458305358887,-0.777239628136158,ball,sentence,"The image features a man standing on a tennis court, holding a tennis racket and preparing to serve the ball.",1
4650,79905,microwave,1,0.08138099581003189,0.03861900418996811,refrigerator,0.38164815306663513,-0.343029148876667,microwave,sentence,"In addition to the refrigerators, there is a microwave placed near the left side of the scene.",1
2015,286553,wine glass,1,0.08136936545372009,0.03863063454627991,fork,0.588897168636322,-0.5502665340900421,wine glasses,sentence,"There are also two wine glasses, one near the man and the other near the woman.",1
13599,180878,knife,1,0.08127334609627723,0.03872665390372276,cake,0.4317258596420288,-0.39299920573830605,knife,sentence,"A knife is also present on the table, likely for cutting and serving the cake.",1
10446,323327,train,1,0.08126975119113922,0.03873024880886078,bench,0.4603412449359894,-0.4216109961271286,train,sentence,"They are surrounded by various toys, including a couple of toy cars and a toy train.",1
8519,30356,bottle,1,0.08124268695712089,0.038757313042879105,sink,0.47198572754859924,-0.43322841450572014,bottles,sentence,"There are also a few bottles placed around the bathroom, with one near the sink and another one further away.",1
1068,153055,wine glass,1,0.0811721895635128,0.0388278104364872,pizza,0.7747238874435425,-0.7358960770070553,,,,0
9683,213421,bench,1,0.08111582592129707,0.03888417407870293,umbrella,0.4507824182510376,-0.41189824417233467,bench,sentence,"They are sitting on a bench, possibly in a park or a similar outdoor setting.",1
4133,2225,cup,1,0.08103297546505928,0.03896702453494072,knife,0.43138521909713745,-0.39241819456219673,cup,sentence,"A chair can be seen in the background, and a cup is placed on the table, possibly for a drink to accompany the doughnut.",1
3585,509807,pizza,1,0.08095780655741691,0.039042193442583084,oven,0.6872785091400146,-0.6482363156974316,pizza,sentence,"On the countertop, there is a plate with a half-eaten pizza on it, and a bowl is placed nearby.",1
2610,369601,dining table,1,0.0808699306845665,0.0391300693154335,bottle,0.42287057638168335,-0.38374050706624985,table,sentence,"The image features a small, brown, and white cat sitting on a table surrounded by a variety of beer bottles.",1
2559,364580,clock,1,0.08071645617485046,0.039283543825149536,couch,0.5011153817176819,-0.46183183789253235,clock,sentence,"The living room is adorned with several decorative elements, including a clock on the wall, a vase, and a book.",1
14282,281950,sink,1,0.08068019792437553,0.039319802075624466,toilet,0.7878722548484802,-0.7485524527728558,sink,sentence,"In addition to the toilet, there is a sink located in the room, and a cup can be seen placed on the floor.",1
7515,474344,baseball glove,1,0.08046112850308418,0.03953887149691582,baseball bat,0.5449919700622559,-0.50545309856534,baseball glove,sentence,"The scene also includes a baseball glove, which is placed on the ground near the man with the bat.",1
14453,306908,car,1,0.08036094427108764,0.039639055728912354,backpack,0.3469398319721222,-0.30730077624320984,cars,sentence,"A few cars can be seen parked in the background, likely belonging to airport staff or ground crew members.",1
15380,435795,person,0,0.08011507138609886,0.03988492861390114,bench,0.5244717001914978,-0.48458677157759666,passengers,sentence,"The train station has a clock mounted on the wall, allowing passengers to keep track of time.",1
12199,560890,bicycle,1,0.08008867770433425,0.03991132229566574,umbrella,0.3895273208618164,-0.34961599856615067,bicycles,sentence,"In addition to the people and umbrellas, there are two bicycles parked on the side of the street, and a couple of potted plants can be seen in the background.",1
13706,196430,baseball glove,1,0.07979095250368118,0.04020904749631882,baseball bat,0.6791688799858093,-0.6389598324894905,baseball glove,sentence,"The scene also includes a baseball glove, which is placed on the ground to the right of the boy.",1
7113,421875,bowl,0,0.0797545750439167,0.0402454249560833,knife,0.5027212500572205,-0.46247582510113716,bowl,sentence,"In addition to the coffee maker, there is a toaster nearby, and a bowl can be seen on the countertop as well.",1
9795,227736,boat,1,0.07964377000927925,0.04035622999072075,bench,0.7849683165550232,-0.7446120865643024,boats,sentence,"In the background, there are a few boats visible, adding to the picturesque setting.",1
14922,370697,bottle,1,0.07964240282773971,0.040357597172260284,sink,0.435646116733551,-0.39528851956129074,bottle,sentence,"A bottle can be seen on the left side of the sink, and a spoon is located on the right side.",1
6997,404652,bowl,1,0.07954963192343711,0.04045036807656288,oven,0.6251528859138489,-0.584702517837286,bowls,sentence,"There are two bowls placed on the countertop, one near the left side and the other closer to the center.",1
14467,307573,clock,1,0.07949837565422058,0.04050162434577942,couch,0.46137258410453796,-0.42087095975875854,,,,0
10180,288933,knife,1,0.07931339636445045,0.040686603635549545,cake,0.5813767313957214,-0.5406901277601719,knife,sentence,"The table also has a cup and a knife on it, likely for serving the cakes.",1
11234,428712,broccoli,1,0.07926429703831672,0.04073570296168327,sandwich,0.5027230381965637,-0.46198733523488045,broccoli,sentence,"There are two pieces of broccoli on the table, one near the center and the other towards the right side.",1
12392,9379,motorcycle,1,0.07922950655221939,0.04077049344778061,bicycle,0.5351159572601318,-0.4943454638123512,motorcycle,sentence,"Additionally, there is a motorcycle parked near the center of the scene, adding to the urban atmosphere.",1
7320,450313,backpack,1,0.0792166282236576,0.04078337177634239,bus,0.6393035650253296,-0.5985201932489872,backpacks,sentence,"A few of them are carrying backpacks, indicating that they might be tourists or commuters.",1
7219,436865,bird,1,0.07905624702572822,0.040943752974271774,giraffe,0.7435441613197327,-0.7026004083454609,birds,sentence,"There are also two birds in the scene, one located near the top left corner and the other near the top right corner.",1
10525,334416,clock,1,0.07893748104572296,0.04106251895427704,vase,0.38955047726631165,-0.3484879583120346,clock,sentence,"A clock is mounted on the wall, and a vase can be seen placed on a surface in the room.",1
698,99567,car,1,0.07888727530837059,0.04111272469162941,bus,0.6388246417045593,-0.5977119170129299,car,sentence,"Additionally, there is a car parked further back on the right side of the scene.",1
13655,189698,person,1,0.07887822315096854,0.02322404459118843,car,0.302102267742157,-0.27887822315096855,people,sentence,"In addition to the cars, there are two people in the scene, one standing closer to the left side of the image and the other near the right side.",1
1257,180925,boat,1,0.0788659144937992,0.04113408550620079,bench,0.5519338250160217,-0.5107997395098209,boat,sentence,"In the background, there is a boat visible, possibly indicating that the scene takes place near a body of water.",1
14070,251019,sports ball,1,0.07884989574551582,0.04115010425448418,tennis racket,0.8627480268478394,-0.8215979225933552,ball,sentence,"The image features a young man playing tennis on a court, holding a tennis racket and preparing to hit a tennis ball.",1
13889,223959,sports ball,1,0.07877328142523765,0.041226718574762344,tennis racket,0.8613737225532532,-0.8201470039784908,ball,sentence,"The tennis player is standing on the court, possibly preparing to serve the ball or waiting for his opponent's return.",1
1265,182175,bottle,1,0.0787304539233446,0.02418091706931591,sink,0.3029113709926605,-0.2787304539233446,bottle,sentence,"A toilet brush can be seen on the left side of the room, and a bottle is placed near the sink.",1
6854,384661,sink,1,0.07864536613225936,0.04135463386774063,refrigerator,0.6867716312408447,-0.6454169973731041,sink,sentence,"A toaster is placed on the countertop, and a sink is visible in the background.",1
7604,490620,broccoli,1,0.07859021693468093,0.04140978306531906,pizza,0.745549738407135,-0.704139955341816,broccoli,sentence,"The pizza is covered in various toppings, including broccoli, and appears to be a homemade creation.",1
676,96832,dining table,0,0.07857347391545771,0.02907867170870304,chair,0.30765214562416077,-0.2785734739154577,desk,sentence,"The image features a man sitting at a desk in a room, working on a laptop computer.",1
7131,424866,person,1,0.07839434146881102,0.030661582946777344,car,0.3090559244155884,-0.27839434146881104,people,sentence,"In addition to the garbage truck, there are two people in the scene, one standing closer to the left side of the truck and the other further to the right.",1
15527,455624,bench,1,0.07831654965877533,0.04168345034122467,backpack,0.3326125741004944,-0.2909291237592697,bench,sentence,"There are several other people in the image, some of them standing or walking around, while others are sitting on a bench.",1
9477,180479,sink,1,0.07826893299818038,0.04173106700181961,oven,0.45933714509010315,-0.41760607808828354,sink,sentence,"The kitchen also has a sink, which is situated towards the right side of the image.",1
6321,320658,dining table,0,0.07809228718280792,0.04190771281719208,cup,0.42406705021858215,-0.3821593374013901,desk,sentence,The image features a cat lying on a desk in front of a laptop computer.,1
1050,151387,dining table,0,0.0780843485891819,0.0419156514108181,knife,0.5311704277992249,-0.48925477638840675,table,sentence,"The image features a large fish, possibly a salmon, lying on a table.",1
15710,481710,bowl,1,0.07807678624987602,0.04192321375012398,oven,0.4312816858291626,-0.3893584720790386,bowl,sentence,"In addition to the microwave and pots, there is a cup located on the left side of the table, and a bowl is placed on the right side.",1
11615,478407,chair,1,0.0780388180911541,0.0419611819088459,tv,0.5890103578567505,-0.5470491759479046,chairs,sentence,"The dining table is surrounded by chairs, with one chair positioned on the left side of the table and another on the right side.",1
8483,26378,dining table,1,0.07793841034173965,0.042061589658260345,pizza,0.6879559755325317,-0.6458943858742714,table,sentence,"There are several pizzas visible in the scene, with one pizza placed on a countertop and another one on a table.",1
2282,325587,dining table,1,0.07789001509547233,0.042109984904527664,chair,0.3503230810165405,-0.30821309611201286,dining table,sentence,"A dining table can be seen in the background, and a potted plant is placed near the window, adding a touch of greenery to the space.",1
3725,531697,dining table,0,0.07777522616088389,0.019947471097111702,cup,0.2977226972579956,-0.2777752261608839,desk,sentence,The image features a desk with a laptop computer sitting on top of it.,1
10799,369243,bird,1,0.07775974914431572,0.04224025085568428,clock,0.48298555612564087,-0.4407453052699566,bird,sentence,"The clock is surrounded by several statues, including a group of people and a bird, which are positioned around it.",1
10733,360600,dining table,1,0.07775357633829116,0.04224642366170883,pizza,0.7288114428520203,-0.6865650191903114,dining table,sentence,"The image features a person standing next to a dining table, holding a plate with a delicious pizza on it.",1
14021,242911,spoon,1,0.07769838616251945,0.042301613837480545,wine glass,0.556579053401947,-0.5142774395644665,spoon,sentence,"In addition to the main elements, there is a bowl located at the top left corner of the table, and a spoon is placed near the center of the table.",1
10484,329041,tie,1,0.07752134174108505,0.04247865825891495,handbag,0.4439072608947754,-0.40142860263586044,tie,sentence,"A tie can be seen hanging on the wall, and a book is placed on a surface nearby.",1
2158,307614,clock,1,0.07751995965838432,0.04248004034161568,vase,0.3486197888851166,-0.3061397485435009,clock,sentence,"The room also has a few decorative items, such as a bowl and a clock, adding to the overall ambiance.",1
3249,461655,dining table,0,0.07750833302736282,0.042491666972637177,bottle,0.3873226046562195,-0.3448309376835823,dining table,sentence,"The image features a vase filled with a bouquet of white and yellow tulips, placed on a dining table.",1
15234,412978,vase,1,0.07746903121471405,0.04253096878528595,sink,0.44829073548316956,-0.4057597666978836,vase,sentence,"A bottle is also visible on the countertop, and a vase is located near the sink.",1
9925,245447,bowl,1,0.07735135674476623,0.042648643255233765,dining table,0.3397420346736908,-0.29709339141845703,bowl,sentence,"The table is set with various items, including a cup, a bottle, a bowl, and a spoon.",1
4490,52596,handbag,1,0.07733114704489708,0.04266885295510292,umbrella,0.3343144357204437,-0.2916455827653408,handbags,sentence,"Additionally, there are a couple of handbags placed on the ground, possibly belonging to the people in the park.",1
15786,491062,spoon,1,0.07731483772397041,0.04268516227602959,sandwich,0.5633676648139954,-0.5206825025379658,spoon,sentence,"The scene is set in a cozy dining area, with a bowl and a spoon placed on the table as well.",1
7641,494629,book,1,0.0773007971048355,0.04269920289516449,keyboard,0.6326321959495544,-0.58993299305439,book,sentence,"A cup can be seen on the desk, and a book is placed on the floor, slightly to the right of the man on the toilet.",1
1201,171310,dining table,0,0.07719572156667709,0.042804278433322906,chair,0.41220811009407043,-0.36940383166074753,table,sentence,The image features a vase filled with flowers placed on a table.,1
11594,475906,potted plant,1,0.07706921815872192,0.042930781841278076,tv,0.6762490272521973,-0.6333182454109192,potted plant,sentence,"A potted plant is placed near the left side of the room, adding a touch of greenery to the space.",1
16124,540172,person,0,0.07705754682421684,0.04294245317578316,cup,0.3928527235984802,-0.34991027042269707,people,sentence,The presence of the bicycles suggests that the people enjoying the meal might have arrived by bike.,1
7252,441995,dining table,0,0.07687308937311171,0.03197025507688522,chair,0.30884334444999695,-0.2768730893731117,dining table,sentence,"The room has a dining table in the background, and there are several books scattered around the area.",1
2176,310035,potted plant,1,0.07682395622134208,0.04317604377865791,book,0.35421010851860046,-0.31103406473994255,potted plants,sentence,"There are several potted plants scattered throughout the park, with some located near the bench and others further away.",1
15065,389108,banana,1,0.07666009932756424,0.04333990067243576,bowl,0.3501949608325958,-0.30685506016016006,bananas,sentence,"A bowl of fruit, including bananas and apples, is placed on the table, adding a touch of healthy snacks to the scene.",1
15020,382758,book,1,0.0766211923956871,0.0433788076043129,vase,0.6231681108474731,-0.5797893032431602,books,sentence,"In addition to these items, there are two books on the shelf, one located towards the left side and the other towards the right side.",1
9263,146910,bench,1,0.07660055801272392,0.04339944198727608,car,0.3729223310947418,-0.32952288910746574,bench,sentence,"The man is seated on a bench, which is located near a parking lot.",1
13233,127129,bowl,1,0.07657321438193321,0.04342678561806679,fork,0.6401229500770569,-0.5966961644589901,bowl,sentence,"A bowl can also be seen on the table, possibly containing a side dish or condiment.",1
3837,543696,spoon,1,0.07655563101172447,0.04344436898827553,knife,0.48922738432884216,-0.44578301534056664,spoon,sentence,"Additionally, there is a spoon placed on the table, slightly to the left of the bananas.",1
4273,22158,bowl,1,0.0765366618335247,0.043463338166475296,oven,0.5471794605255127,-0.5037161223590374,bowl,sentence,"A bowl is also present on the countertop, possibly used for food preparation or serving.",1
7856,527578,oven,1,0.07650260895490646,0.043497391045093536,sink,0.3866350054740906,-0.34313761442899704,oven,sentence,"The kitchen is equipped with a refrigerator, a sink, and an oven.",1
14239,274418,bottle,1,0.076331327855587,0.035939134657382965,spoon,0.31227046251296997,-0.276331327855587,bottles,sentence,"There are several bottles placed on the ground, and a bowl can be seen nearby.",1
15945,514504,dining table,0,0.07627804845571518,0.04372195154428482,chair,0.35488060116767883,-0.311158649623394,desk,sentence,The image features a well-organized home office with a wooden desk.,1
10900,384503,car,0,0.07622386783361434,0.04377613216638565,bus,0.39811909198760986,-0.3543429598212242,car,sentence,"The image features a green trolley car traveling down a street, passing by a small building.",1
9075,116517,chair,1,0.07606952905654907,0.04393047094345093,laptop,0.32719895243644714,-0.2832684814929962,chair,sentence,"A chair can be seen near the table, and a clock is mounted on the wall.",1
11471,460646,bench,1,0.07603238075971602,0.03943551331758499,car,0.315467894077301,-0.27603238075971603,bench,sentence,The bus stop is equipped with a bench for passengers to sit on while they wait.,1
216,31043,book,1,0.07588038116693496,0.04411961883306503,couch,0.5466225147247314,-0.5025028958916664,book,sentence,"A clock is mounted on the wall, and a book can be found on the right side of the room.",1
15233,412978,bottle,1,0.07583837106823921,0.04416162893176079,oven,0.6332416534423828,-0.589080024510622,,,,0
5602,222299,backpack,1,0.07568431913852691,0.044315680861473083,cell phone,0.3433625400066376,-0.2990468591451645,backpack,sentence,"A backpack is placed on the bed, occupying a significant portion of the space.",1
15563,460347,traffic light,1,0.07550796389579773,0.04449203610420227,bus,0.6485386490821838,-0.6040466129779816,traffic lights,sentence,"There are multiple traffic lights visible in the scene, with one near the top left corner, another in the middle-left area, and a third one further down the road.",1
12524,25896,handbag,1,0.07542697980999946,0.044573020190000534,bench,0.3348848819732666,-0.29031186178326607,handbag,sentence,"There are a few personal items visible in the scene, such as a cell phone placed on the bench near the center, and a handbag located on the left side of the bench.",1
5642,226805,dining table,1,0.07522887662053107,0.04365844652056694,chair,0.318887323141098,-0.2752288766205311,dining table,sentence,"The room also has a dining table, which is located near the left side of the space.",1
1898,270354,car,1,0.07517705008387565,0.044822949916124344,truck,0.47484123706817627,-0.4300182871520519,car,sentence,"In the background, there is a car parked, possibly belonging to someone who has come to inspect the property or to take a closer look at the house.",1
12774,58758,couch,1,0.07508252456784248,0.044917475432157516,tv,0.3641124963760376,-0.3191950209438801,couch,sentence,"In addition to the kitchen, there is a living room area with a couch and a clock on the wall.",1
13387,149550,bottle,1,0.07475811511278152,0.045241884887218475,sink,0.4859113395214081,-0.4406694546341896,bottle,sentence,"A bottle can be seen on the counter as well, positioned towards the right side.",1
6940,397008,sports ball,0,0.07468633994460105,0.04531366005539894,baseball bat,0.518616795539856,-0.473303135484457,ball,sentence,"The image is a black and white photograph of a man swinging a baseball bat, attempting to hit a ball.",1
8388,12153,bottle,1,0.0746813704073429,0.04531862959265709,refrigerator,0.6785233616828918,-0.6332047320902348,bottles,sentence,"There are also a couple of bottles placed in the room, one near the refrigerator and the other closer to the sink.",1
5675,230008,handbag,1,0.07465568825602531,0.045344311743974686,suitcase,0.3501257598400116,-0.3047814480960369,handbag,sentence,"Additionally, there is a handbag placed on the ground near the person standing by the car.",1
5653,229020,dining table,0,0.07463969931006431,0.045360300689935684,cup,0.5815147161483765,-0.5361544154584408,desk,sentence,"The image features a desk with a computer setup, including a monitor, keyboard, and mouse.",1
13411,152751,dining table,0,0.07450038462877273,0.045499615371227264,cup,0.34655362367630005,-0.3010540083050728,desk,sentence,The image features a cluttered wooden desk with various items on it.,1
11470,460646,person,0,0.07447552233934401,0.040992371737957,car,0.315467894077301,-0.274475522339344,person,sentence,"The bus is positioned near a bus stop, and there is a person standing close to it, possibly waiting to board or disembark.",1
10866,379402,wine glass,1,0.07445321127772331,0.04554678872227669,pizza,0.6015610098838806,-0.5560142211616039,wine glasses,sentence,"A couple of wine glasses can also be seen, adding to the cozy atmosphere of the scene.",1
4117,872,sports ball,0,0.0743975293636322,0.0456024706363678,baseball glove,0.7056233286857605,-0.6600208580493927,ball,sentence,"One of the players is in the middle of throwing a baseball, while the other player is running towards the ball, attempting to catch it.",1
2060,292232,bed,1,0.07431374013423919,0.0456862598657608,cat,0.7272613048553467,-0.6815750449895859,bed,sentence,"The image features a black cat sitting inside an open suitcase, which is placed on a bed.",1
14234,273711,knife,1,0.07429957658052444,0.045700423419475555,spoon,0.3755362629890442,-0.32983583956956863,knife,sentence,"A knife is also visible on the table, likely used for cutting the sandwiches.",1
4477,51028,dining table,1,0.07424404367804527,0.04575595632195473,chair,0.46032169461250305,-0.4145657382905483,table,sentence,"The image features a room with a table and two chairs, one on the left side and the other on the right side.",1
6678,362368,chair,1,0.07409068465232849,0.04590931534767151,bowl,0.4830067455768585,-0.437097430229187,,,,0
14827,358658,dining table,1,0.07405100315809249,0.04052049666643143,chair,0.3145714998245239,-0.2740510031580925,dining table,sentence,"In addition to the seating, there is a dining table in the room, which can be used for meals or other activities.",1
13451,156572,keyboard,1,0.07401757955551147,0.045982420444488525,remote,0.42285633087158203,-0.3768739104270935,keyboard,sentence,"There is also a keyboard placed on a surface in the room, possibly for entertainment or work purposes.",1
6826,382696,bottle,1,0.07395928993821144,0.04604071006178856,refrigerator,0.7042638659477234,-0.6582231558859348,bottle,sentence,"A cup can be seen placed on a surface, and a bottle is located near the center of the room.",1
9789,227440,cell phone,1,0.07389627665281295,0.04610372334718704,laptop,0.6096792817115784,-0.5635755583643913,cell phone,sentence,"The room also contains a laptop, a cell phone, and a book, suggesting that the family might be spending some leisure time together while eating.",1
212,31043,potted plant,1,0.0738450725376606,0.0461549274623394,couch,0.5466225147247314,-0.500467587262392,,,,0
14574,322226,bird,1,0.07368846133351326,0.04631153866648674,bench,0.3333912491798401,-0.28707971051335335,birds,sentence,"Each cage is covered with a white cloth, providing a clean and comfortable environment for the birds.",1
3546,504902,person,1,0.07364974066615104,0.04635025933384895,sports ball,0.3812905251979828,-0.33494026586413383,person,sentence,"A person is also present in the scene, standing near the right side of the image.",1
1009,143333,sports ball,1,0.07360335707664489,0.0463966429233551,tennis racket,0.7989625334739685,-0.7525658905506134,ball,sentence,"He is in a crouched position, ready to hit the ball.",1
3872,547258,book,1,0.07353900268673896,0.04646099731326103,couch,0.4858901798725128,-0.4394291825592518,books,sentence,"There are also a few books scattered around the room, possibly indicating that the family enjoys reading or has a collection of books.",1
15396,436273,cup,0,0.07350157469511032,0.04649842530488968,chair,0.3751658499240875,-0.32866742461919785,cup,sentence,"Various items can be seen on the countertop, including a bowl, a bottle, a cup, and a spoon.",1
6779,376264,teddy bear,1,0.07346817374229431,0.04653182625770569,keyboard,0.5631584525108337,-0.516626626253128,teddy bear,sentence,"A teddy bear is present on the table, situated towards the right side, adding a playful touch to the scene.",1
5431,195815,vase,1,0.07345664426684378,0.04055853560566902,bowl,0.3140151798725128,-0.2734566442668438,,,,0
5922,266768,orange,1,0.07334350317716598,0.046656496822834015,bowl,0.3760666847229004,-0.3294101879000664,orange,sentence,"A large orange cooler is also present in the scene, likely containing drinks for the group.",1
15928,510992,spoon,1,0.073334242105484,0.04666575789451599,oven,0.33927613496780396,-0.29261037707328796,spoon,sentence,"A toaster is located on the left side of the stove top oven, and a spoon is placed on the right side.",1
10314,306444,bottle,1,0.073321173787117,0.046678826212882996,sink,0.4565940499305725,-0.4099152237176895,bottle,sentence,"In addition to the toilet and sink, there is a bowl placed on the countertop, and a bottle can be seen near the sink.",1
14795,354584,sports ball,0,0.07328326150774955,0.04671673849225044,tennis racket,0.7212659120559692,-0.6745491735637188,ball,sentence,"The image features a woman playing tennis on a court, holding a tennis racket and preparing to hit the ball.",1
12336,1436,book,1,0.07326830074191093,0.046731699258089066,laptop,0.6015360951423645,-0.5548043958842754,book,sentence,"In addition to the laptops, there is a cell phone placed near the left side of the couch, and a book can be seen on the right side.",1
5135,154254,book,1,0.07323922857642173,0.04676077142357826,laptop,0.6997964382171631,-0.6530356667935848,books,sentence,"The man is using a cell phone while working on his laptop, and there are several books scattered around the room.",1
7539,478731,chair,1,0.07321165427565574,0.03957343474030495,person,0.3127850890159607,-0.27321165427565575,chair,sentence,"In the background, there is a clock on the wall, and a chair can be seen nearby.",1
1435,207400,bottle,1,0.07316287875175476,0.04683712124824524,sink,0.37067532539367676,-0.3238382041454315,bottle,sentence,"Additionally, there is a bottle located on the left side of the bathroom, possibly containing soap or other bathroom essentials.",1
9804,227851,book,1,0.07315584570169448,0.04025503247976303,cup,0.3134108781814575,-0.2731558457016945,book,sentence,"Additionally, there is a book on the table, possibly for the woman to read during her break from the phone call.",1
10589,342025,bottle,1,0.07292852073907852,0.04707147926092148,sink,0.5968465805053711,-0.5497751012444496,bottles,sentence,"In addition to the toilet and sink, there are two bottles placed on the countertop, possibly containing toiletries or cleaning supplies.",1
401,54133,microwave,1,0.0728493694961071,0.0471506305038929,sink,0.4274294078350067,-0.3802787773311138,microwave,sentence,"The kitchen is equipped with various appliances, including a microwave, toaster, and oven.",1
8649,48905,bowl,1,0.07271136611700058,0.04728863388299942,knife,0.6222410798072815,-0.5749524459242821,bowl,sentence,"A few items can be seen on the countertop, such as a cup and a bowl.",1
14344,293425,dining table,0,0.0727067433297634,0.02570382133126259,bottle,0.298410564661026,-0.2727067433297634,table,sentence,"The image features two men wearing suits and ties, sitting at a table with microphones in front of them.",1
5980,275117,cell phone,1,0.07264100283384323,0.04735899716615677,laptop,0.6845356822013855,-0.6371766850352287,cell phone,sentence,"The table is surrounded by various items, including a cell phone, a cup, and a bottle.",1
207,30895,tv,1,0.07252075046300888,0.04747924953699112,remote,0.7891496419906616,-0.7416703924536705,television,sentence,"A remote control can also be seen on the bedside table, likely for controlling a television or other electronic devices.",1
3731,531697,potted plant,1,0.07238001272082328,0.04761998727917671,vase,0.4372435212135315,-0.3896235339343548,potted plant,sentence,"A cell phone can be seen on the right side of the desk, and a potted plant is placed near the top right corner of the image.",1
2720,386525,person,1,0.07236832305788993,0.03596316650509834,car,0.3083314895629883,-0.27236832305788994,person,sentence,"Additionally, there is a person standing in the parking lot, possibly attending to their vehicle or just passing by.",1
11353,442875,clock,1,0.07227289572358131,0.047727104276418686,couch,0.5329409837722778,-0.48521387949585915,clock,sentence,"A clock can be seen hanging on the wall, and a remote control is placed nearby.",1
6689,364743,car,1,0.0719999697804451,0.0480000302195549,traffic light,0.3218401074409485,-0.2738400772213936,cars,sentence,"The image features a train traveling down the tracks, with a large silver train engine pulling several cars behind it.",1
14908,369310,bottle,1,0.07192112244665622,0.028252428397536278,chair,0.3001735508441925,-0.2719211224466562,bottles,sentence,"A couple of bottles can be seen on the table, possibly containing drinks for the child or other people in the room.",1
2696,383026,person,1,0.07187927410006523,0.04812072589993477,bench,0.572611927986145,-0.5244912020862103,people,sentence,"There are several people in the park, with one person standing near the left side of the bench, another person closer to the right side, and a third person further back in the scene.",1
15540,458073,dining table,0,0.07185389772057532,0.045665111392736435,chair,0.31751900911331177,-0.27185389772057533,desk,sentence,"The image depicts a room with a desk and a chair, featuring a radio and a clock on the desk.",1
13525,168061,vase,1,0.07184969902038574,0.04815030097961426,tv,0.5250077247619629,-0.47685742378234863,vase,sentence,"The record player is surrounded by various items, including a clock, a vase, and a couple of bottles.",1
1869,265777,knife,1,0.07184935629367828,0.048150643706321716,pizza,0.6069296598434448,-0.5587790161371231,knife,sentence,"A delicious-looking pizza is placed on the table, with a knife and a spoon nearby.",1
13069,106073,book,1,0.07153843238949775,0.04846156761050224,cup,0.4074174463748932,-0.35895587876439095,book,sentence,"Additionally, there is a book placed on the table, possibly a cookbook or a reference for the man's tea-making activities.",1
14577,322848,sports ball,1,0.07153149217367172,0.04846850782632828,baseball bat,0.7188659310340881,-0.6703974232077599,ball,sentence,"Another player, likely the catcher, is positioned behind the batter, wearing a baseball glove and ready to catch the ball.",1
4770,99794,sports ball,0,0.07133612304925918,0.048663876950740814,baseball glove,0.6836413145065308,-0.63497743755579,ball,sentence,The scene is lively and full of anticipation as the batter gets ready to hit the ball.,1
15236,413278,dining table,0,0.07130251348018646,0.04869748651981354,pizza,0.7552139163017273,-0.7065164297819138,table,sentence,The image features a large pizza sitting inside a cardboard box on a wooden table.,1
12014,540117,person,1,0.0711921241134405,0.02409539557993412,car,0.29528751969337463,-0.2711921241134405,people,sentence,"There are two people visible in the scene, one standing closer to the left side of the image and the other person further to the right.",1
9399,168031,bowl,1,0.07116770640015602,0.04883229359984398,oven,0.5347415804862976,-0.48590928688645363,bowl,sentence,"They are both focused on their meal, with one cat eating grass from the floor and the other cat eating grass from a bowl.",1
13032,101013,bicycle,1,0.07105054602026939,0.048949453979730606,car,0.3800840675830841,-0.3311346136033535,bicycle,sentence,"A person is also riding a bicycle, adding to the bustling atmosphere of the street.",1
2598,369082,sink,1,0.07085426419973373,0.049145735800266266,oven,0.4521600008010864,-0.40301426500082016,sink,sentence,"The kitchen is equipped with a stove top oven, a microwave, and a sink.",1
3602,513181,bird,1,0.07082345977425575,0.04917654022574425,boat,0.5469219088554382,-0.497745368629694,birds,sentence,"In addition to the cars, there are two birds flying in the sky, adding a sense of liveliness to the scene.",1
3915,551167,sports ball,0,0.07078150182962417,0.049218498170375824,tennis racket,0.7147886157035828,-0.6655701175332069,ball,sentence,"The woman appears focused and determined, possibly waiting for the ball to be served.",1
8554,35498,laptop,0,0.07075025036931037,0.04924974963068962,remote,0.5176982283592224,-0.4684484787285328,computer,sentence,The image features a computer mouse sitting on a white countertop.,1
9254,145651,chair,1,0.07063569769263267,0.049364302307367325,tv,0.6127488613128662,-0.5633845590054989,chair,sentence,"A chair is also present in the room, positioned close to the bed.",1
6539,346185,couch,1,0.07058666914701461,0.04941333085298538,tv,0.6550452709197998,-0.6056319400668144,couch,sentence,"The living room is furnished with a couch located in the background, and a potted plant placed on the left side of the room.",1
12316,580829,person,1,0.07055965334177017,0.04944034665822983,car,0.3639233410358429,-0.31448299437761307,drivers,sentence,"Additionally, there is a sign on the right side of the road, possibly providing information or directions for drivers.",1
12488,21503,tv,1,0.07045347139239311,0.04954652860760689,mouse,0.7251768708229065,-0.6756303422152996,tv,sentence,"In the background, there is a TV mounted on the wall, and a remote control can be seen nearby.",1
15092,394259,dining table,0,0.07028582587838172,0.04971417412161827,cup,0.48483121395111084,-0.43511703982949257,dining table,sentence,"The bowl is placed on a dining table, and the close-up view of the dish highlights the vibrant colors and textures of the vegetables.",1
1527,219269,cell phone,1,0.07025768876075744,0.049742311239242554,laptop,0.5644847750663757,-0.5147424638271332,cell phone,sentence,"A cell phone is also placed on the desk, along with a cup.",1
1075,154213,dining table,0,0.07023208484053611,0.04976791515946388,bowl,0.3734607696533203,-0.32369285449385643,table,sentence,"The pan is placed on a wooden table, and a knife is resting nearby, ready to be used for cutting the baked dish.",1
9623,204256,clock,1,0.0702171091735363,0.0497828908264637,couch,0.4262235462665558,-0.3764406554400921,clock,sentence,"A clock can also be seen on the couch, positioned near the center.",1
16394,577096,person,1,0.07003459975123405,0.049965400248765945,car,0.4104887545108795,-0.36052335426211357,person,sentence,"Additionally, there is a truck parked in the background, and a person can be seen standing near the middle of the scene.",1
4056,570643,chair,1,0.06998524338006973,0.05001475661993027,dining table,0.45555323362350464,-0.40553847700357437,chair,sentence,"There is a chair positioned near the table, and a vase can be seen on the table as well.",1
15357,431481,bowl,1,0.06981823861598968,0.050181761384010315,broccoli,0.5130944848060608,-0.4629127234220505,bowl,sentence,"In addition to the main dish, there is a bowl located near the top left corner of the table.",1
11530,468778,chair,1,0.06980491697788238,0.050195083022117615,bowl,0.35512667894363403,-0.3049315959215164,chair,sentence,"A chair can also be seen in the background, positioned towards the right side of the image.",1
358,48281,tv,1,0.06965609163045883,0.05034390836954117,remote,0.4905030131340027,-0.4401591047644615,television,sentence,"Additionally, there is a remote control placed on the table, possibly for a television or other electronic device.",1
9283,150843,chair,1,0.06955366849899292,0.05044633150100708,bowl,0.4560931622982025,-0.40564683079719543,chair,sentence,"In the background, there is a chair situated near the left side of the kitchen.",1
7808,523174,book,1,0.0693640661239624,0.0506359338760376,couch,0.5279104709625244,-0.4772745370864868,books,sentence,"There are several books scattered around the room, some on the table and others on the floor.",1
1635,235597,dining table,0,0.06933464035391806,0.03138316050171852,chair,0.3007178008556366,-0.2693346403539181,desks,sentence,"They are all focused on their respective computer screens, which are placed on desks in front of them.",1
8305,4011,cake,0,0.06920001178979873,0.05079998821020126,knife,0.3450947701931,-0.2942947819828987,cake,sentence,"The image features a woman standing in a kitchen, posing next to a cake that is shaped like a dog.",1
13671,190841,car,1,0.06919706910848616,0.02933070808649063,traffic light,0.2985277771949768,-0.2691970691084862,car,sentence,"A car is parked on the street, and a chair can be seen nearby.",1
14601,326082,book,1,0.06911051169037818,0.05088948830962181,tv,0.5369798541069031,-0.48609036579728127,book,sentence,"A clock is mounted on the wall, and a book can be found on the couch.",1
14189,267224,person,0,0.06907277107238768,0.03223717212677002,car,0.3013099431991577,-0.2690727710723877,person,sentence,"A person can be seen standing near the left side of the scene, possibly waiting to cross the street or observing the vehicles.",1
11140,417373,dining table,0,0.06904409192502498,0.01963452436029911,chair,0.2886786162853241,-0.269044091925025,desk,sentence,"The image features a cluttered desk with a computer monitor, keyboard, and mouse.",1
1254,180925,person,1,0.06894646853208541,0.05105353146791458,bench,0.5519338250160217,-0.5008802935481071,person,sentence,"The image features a large elephant standing on a dirt road, with a person riding on its back.",1
10869,380516,sports ball,1,0.06890930131077766,0.051090698689222336,tennis racket,0.7916711568832397,-0.7405804581940174,ball,sentence,"The image features a young boy wearing a white headband and a white shirt, holding a tennis racket and getting ready to hit a tennis ball.",1
4362,33489,car,1,0.06883059710264205,0.05116940289735794,traffic light,0.5322533845901489,-0.481083981692791,car,sentence,"A car is parked on the side of the street, and a person can be seen standing near the boat.",1
14805,356432,laptop,1,0.06871287792921066,0.05128712207078934,remote,0.4539838433265686,-0.40269672125577927,laptop,sentence,"A coffee table is placed in front of the couch, and a laptop can be seen on the table, indicating that someone might be working or relaxing in the room.",1
6923,394133,clock,1,0.06844073832035064,0.049675896763801575,couch,0.3181166350841522,-0.26844073832035065,clock,sentence,"In addition to the bed and chair, there is a dining table in the room, and a clock can be seen on the wall.",1
9834,232612,knife,1,0.06827058166265487,0.05172941833734512,fork,0.5999269485473633,-0.5481975302100182,knife,sentence,"The table is set with a cup, a fork, and a knife, indicating that she is having a dessert.",1
13214,124759,person,1,0.0682608251273632,0.051739174872636795,dining table,0.45387712121009827,-0.40213794633746147,people,sentence,"The table is set for a meal, inviting people to enjoy the delicious food and drinks.",1
6838,383703,oven,1,0.0682509046792984,0.0517490953207016,knife,0.3871195912361145,-0.3353704959154129,,,,0
6998,404652,spoon,1,0.06819109886884689,0.05180890113115311,oven,0.6251528859138489,-0.5733439847826958,spoon,sentence,A spoon can be seen resting on the countertop as well.,1
5000,135116,person,0,0.06812083274126052,0.04625871032476425,car,0.3143795430660248,-0.26812083274126053,people,sentence,"There are also two other people in the image, one standing closer to the left side of the dog and the other person further to the right.",1
215,31043,clock,1,0.0681164813041687,0.0518835186958313,couch,0.5466225147247314,-0.49473899602890015,,,,0
14962,375691,bottle,1,0.06809160754084587,0.05190839245915413,refrigerator,0.6972449421882629,-0.6453365497291088,bottle,sentence,"In the background, there is a bottle placed on a surface, possibly a countertop or a shelf.",1
15066,389108,apple,1,0.06808490574359893,0.05191509425640106,refrigerator,0.4983912706375122,-0.44647617638111115,,,,0
9519,186412,bowl,1,0.0680040781199932,0.05199592188000679,chair,0.36265328526496887,-0.3106573633849621,bowl,sentence,"The garage is filled with various objects, including a dartboard on the left side, a cup placed on the floor, and a bowl located near the center of the scene.",1
1833,262093,book,1,0.0679547956213355,0.010784984566271305,vase,0.2787397801876068,-0.2679547956213355,books,sentence,"In addition to the kitchenware, there are a few books placed on the counter, possibly cookbooks or other reading materials.",1
11632,483469,car,1,0.06794731587171554,0.052052684128284454,truck,0.38890090584754944,-0.336848221719265,cars,sentence,"In addition to the train, there are two cars in the image, one located near the left side of the scene and the other further back on the right side.",1
14009,241747,bench,1,0.06792389124631881,0.05207610875368118,sports ball,0.5669920444488525,-0.5149159356951714,bench,sentence,"A bench can be seen near the edge of the field, possibly for players to rest or for spectators to sit.",1
11194,424155,handbag,1,0.06788665324449539,0.05211334675550461,bus,0.32066094875335693,-0.2685476019978523,handbags,sentence,"A few handbags can be seen in the scene, with one placed on the ground near the person sitting on the bench and another one closer to the person standing.",1
13677,192192,traffic light,1,0.06786872342228889,0.052131276577711105,bicycle,0.42040085792541504,-0.36826958134770393,streetlights,sentence,"The park is illuminated by streetlights, creating a serene atmosphere.",1
3714,530836,bottle,0,0.06780934229493141,0.05219065770506859,refrigerator,0.497289776802063,-0.4450991190969944,bottles,sentence,"There are also several bowls and cups placed throughout the kitchen, as well as a few bottles.",1
2700,383611,handbag,1,0.0677459006011486,0.052254099398851395,bench,0.37437307834625244,-0.32211897894740105,handbags,sentence,"They are all seated on various seats, with some of them holding handbags.",1
5512,209527,book,1,0.06760216772556304,0.05239783227443695,couch,0.4400011897087097,-0.38760335743427277,book,sentence,"There is also a book placed on a surface in the room, possibly a coffee table or a shelf.",1
14848,360880,vase,1,0.0673927992582321,0.04052822291851044,couch,0.30792102217674255,-0.2673927992582321,vase,sentence,"A clock is mounted on the wall, and a vase can be seen placed on a surface.",1
7531,477118,car,1,0.0673414197564125,0.052658580243587494,bus,0.431660920381546,-0.3790023401379585,taxi,sentence,"There are several other signs on the pole, including one that reads ""Taxi Rank.",1
6851,384661,cup,1,0.06716232642531395,0.05283767357468605,spoon,0.335217148065567,-0.28237947449088097,cup,sentence,"A spoon can also be seen on the countertop, along with a bowl and a cup.",1
1522,219075,chair,1,0.06696388766169548,0.05303611233830452,tv,0.35412877798080444,-0.3010926656424999,chair,sentence,"A dining table can be seen in the background, and a chair is positioned near the table.",1
7303,449424,dining table,0,0.06690563187003135,0.028278712183237076,chair,0.29518434405326843,-0.26690563187003136,desk,sentence,"The room is cluttered with various items, including a dresser, a desk, and a chair.",1
3890,549763,bowl,1,0.06683977216482162,0.053160227835178375,oven,0.4619274437427521,-0.4087672159075737,bowl,sentence,"Various items can be seen throughout the kitchen, such as a bottle placed on the countertop, a bowl, and a spoon.",1
12885,79121,remote,1,0.06681267067790031,0.053187329322099686,bed,0.5087913274765015,-0.4556039981544018,remote,sentence,"Additionally, there is a remote control placed on the bed, likely for entertainment purposes.",1
10188,289659,cow,1,0.06678211584687233,0.05321788415312767,giraffe,0.8196998834609985,-0.7664819993078709,cow,sentence,"In addition to the giraffe, there are several other animals in the scene, including a horse and a cow.",1
5886,262162,bottle,1,0.06676725596189498,0.05302078276872635,chair,0.31978803873062134,-0.266767255961895,bottle,sentence,"A bottle can be seen on the desk, and a book is placed on the bed.",1
6229,309104,chair,1,0.06670458510518074,0.05329541489481926,couch,0.5878864526748657,-0.5345910377800465,chair,sentence,"The living room is furnished with a couch and a chair, providing comfortable seating for the group.",1
4832,108645,book,1,0.06661806151270866,0.053381938487291336,remote,0.5038919448852539,-0.45051000639796257,books,sentence,"There is also a chair in the background, and a couple of books placed on the couch.",1
16107,537145,book,1,0.06644714519381523,0.05355285480618477,mouse,0.7359873056411743,-0.6824344508349895,book,sentence,"A pair of scissors is also present on the desk, sitting on top of a book.",1
5164,157601,chair,1,0.06640537723898887,0.053594622761011124,cup,0.6193335652351379,-0.5657389424741268,chair,sentence,"The dining table occupies most of the image, and there is a chair visible on the left side of the table.",1
4222,16025,book,1,0.06633872807025909,0.053661271929740906,tv,0.6400995254516602,-0.5864382535219193,book,sentence,"Additionally, there is a book placed on the right side of the television, and a remote control can be seen on the left side.",1
3057,437947,spoon,1,0.0662222121655941,0.0537777878344059,oven,0.4609278738498688,-0.4071500860154629,spoon,sentence,"Various kitchen items can be seen on the countertops, including a bowl, a spoon, and a couple of bottles.",1
4824,108212,bottle,1,0.06605890661478042,0.053941093385219574,oven,0.5728840231895447,-0.5189429298043251,bottles,sentence,"Additionally, there are two bottles, one on the left side and another on the right side of the kitchen.",1
1312,188544,bowl,1,0.06605718180537223,0.05394281819462776,sink,0.42239630222320557,-0.3684534840285778,bowl,sentence,"Various items can be seen on the countertops, including a bottle, a cup, and a bowl.",1
4327,28682,bowl,1,0.06594490528106689,0.054055094718933105,sink,0.4589883089065552,-0.40493321418762207,bowl,sentence,"A bowl is also present on the countertop, adding to the kitchen's functionality.",1
6804,380348,spoon,1,0.06592785462737083,0.054072145372629166,dining table,0.39867717027664185,-0.3446050249040127,,,,0
12589,33052,potted plant,1,0.06578125327825546,0.05421874672174454,vase,0.5340802073478699,-0.47986146062612534,potted plant,sentence,"A dining table can be seen in the background, and a potted plant is placed on the floor, adding a touch of greenery to the space.",1
6083,291245,tv,1,0.0657402154803276,0.054259784519672394,mouse,0.8996430039405823,-0.8453832194209099,tv,sentence,"In the background, there is a TV mounted on the wall, and a cell phone can be seen placed nearby.",1
13581,177496,potted plant,1,0.06573111087083816,0.054268889129161835,tv,0.6838521957397461,-0.6295833066105843,potted plant,sentence,"There is a dining table in the room, surrounded by chairs, and a potted plant is placed nearby, adding a touch of greenery to the space.",1
10296,304404,sports ball,0,0.06551240280270576,0.054487597197294235,baseball glove,0.6624810695648193,-0.6079934723675251,ball,sentence,"The batter is in the middle of the scene, holding the bat and preparing to hit the ball.",1
980,139072,sports ball,1,0.06546569138765335,0.05453430861234665,baseball glove,0.7438943386077881,-0.6893600299954414,ball,sentence,"Both players are wearing baseball gloves, ready to catch the ball.",1
1653,237357,chair,1,0.06524389505386352,0.054756104946136475,laptop,0.42021414637565613,-0.36545804142951965,chair,sentence,"In the background, there is a dining table and a chair, suggesting that the area might be used for outdoor dining or relaxation.",1
7340,453722,vase,1,0.06519588723778724,0.05480411276221275,tv,0.7222097516059875,-0.6674056388437748,vase,sentence,"The room also has a few decorative elements, such as a clock on the wall and a vase placed on a surface.",1
2707,384625,potted plant,1,0.06517163559794426,0.05482836440205574,tv,0.6680407524108887,-0.6132123880088329,potted plants,sentence,"In addition to the main furniture, there are two potted plants in the room, one near the couch and the other closer to the dining table.",1
9884,239395,handbag,1,0.06509628415107727,0.05490371584892273,umbrella,0.49972406029701233,-0.4448203444480896,handbag,sentence,"A handbag can also be seen placed near the motorcycle, possibly belonging to the owner or a passerby.",1
323,44294,microwave,1,0.06507460296154022,0.05492539703845978,refrigerator,0.7079958319664001,-0.6530704349279404,microwave,sentence,"The kitchen is equipped with a sink, a microwave, and an oven.",1
7578,488069,cell phone,0,0.06505966454744339,0.05494033545255661,person,0.3237055242061615,-0.2687651887536049,cell phone,sentence,"He appears to be looking down, possibly deep in thought or checking his cell phone.",1
2871,410101,clock,1,0.065004800632596,0.01922599785029888,couch,0.2842307984828949,-0.265004800632596,clock,sentence,"A clock can be seen hanging on the wall, and a cup is placed on a surface in the room.",1
8260,577377,bowl,1,0.06493627548217773,0.055063724517822266,sink,0.34413978457450867,-0.2890760600566864,bowl,sentence,"The kitchen is decorated with several bottles placed on the countertops, and a bowl can be seen on the left side of the room.",1
9908,242869,car,1,0.06476648047566413,0.05523351952433586,stop sign,0.6961886286735535,-0.6409551091492176,car,sentence,"In the background, there are a few other objects, such as a car and a truck, which are parked or driving in the area.",1
9694,213932,car,1,0.0646638785302639,0.0553361214697361,fire hydrant,0.5935730934143066,-0.5382369719445705,cars,sentence,"Additionally, there are a few cars parked or driving nearby, and a couple of umbrellas can be seen in the background.",1
3177,452027,bird,1,0.06463317468762397,0.05536682531237602,zebra,0.702549934387207,-0.647183109074831,birds,sentence,"In addition to the main animals, there are several birds scattered around the field, adding to the lively atmosphere of the scene.",1
14345,293425,chair,1,0.06453897356986998,0.033871591091156006,bottle,0.298410564661026,-0.26453897356987,chairs,sentence,"The table is surrounded by chairs, with one chair on the left side and another on the right side.",1
920,130043,chair,1,0.06446521252393722,0.055534787476062775,couch,0.366100549697876,-0.3105657622218132,chair,sentence,"The living room is furnished with a couch located in the background, and a chair can be seen nearby.",1
6215,306636,bench,1,0.06443225488066673,0.05556774511933327,sports ball,0.4606349766254425,-0.40506723150610924,bench,sentence,"The tennis court is surrounded by a fence, and there is a bench located near the edge of the court.",1
16308,564069,traffic light,1,0.06436512887477874,0.05563487112522125,bus,0.6742266416549683,-0.618591770529747,traffic light,sentence,"In addition to the bus, there is a car parked on the side of the street, and a traffic light can be seen further down the road.",1
1832,262093,wine glass,1,0.06431270658969879,0.05568729341030121,knife,0.45577505230903625,-0.40008775889873505,wine glasses,sentence,"There are also several wine glasses scattered around the counter, adding to the busy appearance of the space.",1
5671,229688,clock,1,0.06420394673943519,0.055796053260564804,tv,0.6492155194282532,-0.5934194661676884,clock,sentence,"A handbag can be seen placed on the floor near the woman, and a clock is mounted on the wall.",1
10123,280710,car,1,0.06416994974017143,0.05583005025982857,bus,0.4728493094444275,-0.4170192591845989,cars,sentence,"In addition to the bus, there are two cars on the street, one positioned behind the bus and the other on the far right side of the image.",1
5204,164115,car,1,0.06415228813886642,0.055847711861133575,bicycle,0.33116069436073303,-0.27531298249959946,cars,sentence,"In the background, there are several cars parked, with one car on the left side, another on the right side, and a third car further back.",1
9888,240147,sports ball,0,0.06411677867174148,0.055883221328258514,baseball glove,0.7704251408576965,-0.714541919529438,ball,sentence,"The player is wearing a baseball glove, and the ball is visible in the air, close to the pitcher's hand.",1
14311,286662,bowl,1,0.06407311826944351,0.05592688173055649,spoon,0.47830191254615784,-0.42237503081560135,bowl,sentence,"The dessert consists of a scoop of ice cream, whipped cream, and chocolate sauce, all combined in a bowl.",1
11157,419312,bottle,1,0.06406777247786521,0.05593222752213478,knife,0.578159511089325,-0.5222272835671902,bottle,sentence,"A bottle is placed on the left side of the table, possibly containing a beverage to accompany the meal.",1
5414,193968,chair,1,0.06400352984666824,0.05599647015333176,couch,0.38819512724876404,-0.3321986570954323,chair,sentence,"In the background, there is a couch and a chair, with the couch occupying the right side of the room and the chair located on the left side.",1
6017,281101,sports ball,0,0.06393656775355339,0.05606343224644661,tennis racket,0.7130950093269348,-0.6570315770804882,ball,sentence,"The image features a tennis player dressed in a yellow shirt and hat, standing on a tennis court and preparing to serve the ball.",1
2067,292741,potted plant,1,0.06393088296055793,0.05606911703944206,tv,0.4709841310977936,-0.4149150140583515,potted plant,sentence,"A potted plant can be seen in the background, adding a touch of greenery to the space.",1
8032,546325,clock,1,0.06388450309634208,0.05611549690365791,couch,0.5854885578155518,-0.5293730609118938,clock,sentence,"A chair can be seen in the corner of the room, and a clock is mounted on the wall.",1
12648,41633,bus,1,0.0638062235713005,0.05619377642869949,truck,0.3482290506362915,-0.292035274207592,bus,sentence,"In the background, there are a few other vehicles, including a car and a bus, parked further away from the truck.",1
14054,249129,bowl,1,0.06374146685004234,0.05625853314995766,dining table,0.45943501591682434,-0.4031764827668667,bowl,sentence,"In addition to the teddy bears, there are a few other items on the table, such as a bowl, a spoon, and a fork.",1
15460,444565,potted plant,1,0.06374073296785354,0.056259267032146454,tv,0.5487648844718933,-0.49250561743974686,potted plant,sentence,"The room also has a few decorative elements, such as a vase and a potted plant, adding a touch of greenery to the space.",1
13248,128598,dining table,0,0.06369354501366614,0.05122515186667442,fork,0.3149186968803406,-0.26369354501366615,table,sentence,"The image features a group of various fruits, including oranges and lemons, arranged on a table.",1
7049,411303,dining table,0,0.06360352709889411,0.04813040420413017,chair,0.3117339313030243,-0.2636035270988941,table,sentence,"The image depicts a group of people sitting around a table, working on their laptops.",1
5958,272678,book,1,0.06358864799141883,0.05641135200858116,laptop,0.5668982863426208,-0.5104869343340397,book,sentence,"A cell phone can be seen on the table, and a book is placed near the center of the table.",1
9026,110601,bottle,1,0.06357779994606971,0.05642220005393028,sink,0.4777127802371979,-0.4212905801832676,bottle,sentence,"A cup can be seen on the sink, and a bottle is placed nearby.",1
7686,502732,sink,1,0.06352635368704795,0.05647364631295204,refrigerator,0.8466492295265198,-0.7901755832135677,sink,sentence,"The refrigerator is positioned next to a sink, which is located on the right side of the kitchen.",1
5989,276133,chair,1,0.06351659186184405,0.020144684240221977,dining table,0.28366127610206604,-0.26351659186184406,chair,sentence,The table is surrounded by a chair on the left side and another chair on the right side.,1
8416,15566,car,1,0.06348341599106788,0.056516584008932114,traffic light,0.5341277122497559,-0.47761112824082375,cars,sentence,"The street is lined with buildings, and there are several cars parked along the side.",1
7267,443737,truck,1,0.06342036545276641,0.05657963454723358,airplane,0.6038601398468018,-0.5472805052995682,truck,sentence,"A truck can also be seen in the background, parked behind the airplane.",1
404,54133,dining table,0,0.06322944462299346,0.0515110045671463,spoon,0.31474044919013977,-0.26322944462299347,dining table,sentence,"There is a dining table in the room, with a chair placed near it.",1
6802,380348,fork,1,0.0631275799870491,0.0568724200129509,dining table,0.39867717027664185,-0.34180475026369095,,,,0
14241,274418,apple,1,0.06288919895887374,0.04938126355409622,spoon,0.31227046251296997,-0.26288919895887375,apples,sentence,"Additionally, there are two apples visible in the scene, one closer to the woman and the other further away.",1
5669,229688,couch,1,0.06280080869793891,0.05719919130206108,tv,0.6492155194282532,-0.5920163281261921,couch,sentence,"In the background, there are chairs and a couch, suggesting a cozy and inviting atmosphere.",1
13015,98973,chair,1,0.06273589178919792,0.05726410821080208,bottle,0.3436751663684845,-0.2864110581576824,chair,sentence,"The room is furnished with a dining table in the background, and a chair is placed near the table.",1
7707,505709,potted plant,1,0.0626448531448841,0.05735514685511589,vase,0.3794310986995697,-0.3220759518444538,potted plant,sentence,"The room also features a potted plant, adding a touch of greenery to the space.",1
12729,53484,clock,1,0.06262241199612617,0.057377588003873825,tv,0.7279298305511475,-0.6705522425472736,clock,sentence,"In the room, there is a small picture hanging on the wall above the television, and a clock can be seen on the wall as well.",1
12588,33052,dining table,1,0.06259024411439895,0.057409755885601044,wine glass,0.42199739813804626,-0.3645876422524452,,,,0
4789,103272,car,1,0.06256001338362693,0.05743998661637306,truck,0.5578458309173584,-0.5004058443009853,car,sentence,"A car can be seen parked behind the truck, and a motorcycle is located on the right side of the scene.",1
14223,273190,sports ball,0,0.06246021658182144,0.05753978341817856,baseball glove,0.6565237641334534,-0.5989839807152748,ball,sentence,"The image captures a baseball game in progress, with a young boy swinging a baseball bat at a ball.",1
8062,550405,dining table,0,0.062455139011144634,0.05754486098885536,wine glass,0.519993782043457,-0.46244892105460167,dining table,sentence,"The table appears to be a dining table, and there are several cups placed around the table, with one near the laptop and others scattered across the table.",1
13812,210795,tv,1,0.062336894571781154,0.05766310542821884,laptop,0.645734965801239,-0.5880718603730202,television,sentence,"A remote control can also be seen on the couch, likely for operating a television or other electronic devices.",1
14641,331529,banana,1,0.06228642433881759,0.057713575661182404,apple,0.4587481915950775,-0.4010346159338951,bananas,sentence,"She is surrounded by various fruits, including apples and bananas, which are also displayed in baskets nearby.",1
15238,413278,spoon,1,0.06217445701360702,0.057825542986392975,knife,0.36313772201538086,-0.3053121790289879,,,,0
7241,439854,motorcycle,1,0.062153785377740856,0.05784621462225914,bicycle,0.5170257687568665,-0.4591795541346073,motorcycle,sentence,"A bicycle can be seen parked on the right side of the scene, and a motorcycle is located on the left side.",1
5400,192403,person,1,0.062128081172704686,0.028701040893793106,chair,0.2908291220664978,-0.2621280811727047,people,sentence,"There are two people in the room, one standing near the left side of the bed and the other closer to the right side.",1
14891,368510,dining table,0,0.06212492957711219,0.032552625983953476,chair,0.2946775555610657,-0.2621249295771122,desk,sentence,"The image features a cluttered desk with a laptop computer, a mouse, and several cans of soda.",1
15403,436470,bowl,1,0.06206352189183234,0.052908074110746384,chair,0.31497159600257874,-0.26206352189183235,bowl,sentence,"There are several decorative items in the room, including a vase, a bowl, and a book.",1
8174,566012,sink,1,0.061998533904552455,0.05800146609544754,refrigerator,0.37464556097984314,-0.3166440948843956,sink,sentence,"A refrigerator is visible in the kitchen, and a sink is located nearby.",1
2933,420422,truck,1,0.06192098826169967,0.058079011738300323,bus,0.6689139008522034,-0.610834889113903,truck,sentence,"In addition to the bus, there are a few other vehicles in the scene, including a car and a truck.",1
14442,306536,dining table,0,0.06181512296199798,0.058184877038002014,chair,0.3515111207962036,-0.2933262437582016,desk,sentence,The image features a large wooden desk with a chair placed in front of it.,1
4374,33845,cell phone,1,0.06178858399391174,0.05821141600608826,laptop,0.6279494166374207,-0.5697380006313324,cell phones,sentence,"In addition to the people and the laptops, there are two cell phones placed on the table, possibly belonging to the individuals or used for communication during their gathering.",1
1964,279391,tv,1,0.06171017408370971,0.05828982591629028,remote,0.5843230485916138,-0.5260332226753235,tv,sentence,"A TV is mounted on the wall, providing entertainment for the room's occupants.",1
10811,370818,vase,1,0.061672090440988536,0.05832790955901146,sink,0.40954336524009705,-0.3512154556810856,vase,sentence,"In addition to the towels, there is a vase placed on the left side of the cabinet, adding a decorative touch to the bathroom.",1
13435,154931,chair,0,0.06163980334997177,0.05836019665002823,dining table,0.38628414273262024,-0.327923946082592,chairs,sentence,"The dining table is surrounded by chairs, with one chair on the left side and another on the right side.",1
10864,379402,sink,1,0.06154257327318191,0.058457426726818085,oven,0.3462705612182617,-0.28781313449144363,sink,sentence,"The kitchen is well-equipped with various appliances, including an oven and a sink.",1
12347,3125,handbag,1,0.0615116387605667,0.019628748297691345,bus,0.28114038705825806,-0.2615116387605667,handbag,sentence,A handbag can be seen placed on the ground near the person standing closer to the van.,1
15071,390301,car,1,0.06151125848293304,0.058488741517066956,fire hydrant,0.7953287363052368,-0.7368399947881699,cars,sentence,"In the background, there are a few cars parked along the street, with one car closer to the left side of the image and two others further back on the right side.",1
12938,87864,car,1,0.061477623134851445,0.03173070773482323,person,0.2932083308696747,-0.26147762313485146,cars,sentence,"In the background, there are a few cars parked, and a bench can be seen further back.",1
1531,219269,book,1,0.06143876805901527,0.058561231940984726,laptop,0.5644847750663757,-0.505923543125391,book,sentence,"A book is also present, likely for leisure reading or reference.",1
3058,437947,bottle,0,0.06142619892954826,0.058573801070451736,refrigerator,0.6905685067176819,-0.6319947056472301,,,,0
11706,495973,laptop,0,0.06130806624889373,0.05869193375110626,mouse,0.8080679178237915,-0.7493759840726852,computer,sentence,The image features a desk with a white Apple computer monitor and keyboard placed on a table.,1
3150,449661,laptop,1,0.06129665940999984,0.05870334059000015,tv,0.36103713512420654,-0.3023337945342064,computer,sentence,"The room is filled with numerous medical devices, including a TV mounted on the wall, a computer monitor, and several cups placed around the room.",1
5493,206273,sink,1,0.06112801924347877,0.058871980756521225,microwave,0.6762244701385498,-0.6173524893820286,sink,sentence,"The kitchen also has a sink, which is located towards the right side of the scene.",1
14139,260635,chair,1,0.061039945930242534,0.05896005406975746,laptop,0.7296982407569885,-0.6707381866872311,seat,sentence,"The toilet is positioned in the center of the scene, with the laptop placed on its seat.",1
2553,363594,potted plant,1,0.06100309163331985,0.058996908366680145,tv,0.45492061972618103,-0.3959237113595009,potted plant,sentence,"A potted plant can be seen in the background, adding a touch of greenery to the space.",1
1960,279391,chair,1,0.060994627773761745,0.05900537222623825,couch,0.40969687700271606,-0.3506915047764778,chair,sentence,"In addition to the couch, there is a chair located towards the left side of the room.",1
16028,528875,dining table,1,0.06093944504857063,0.05906055495142937,bowl,0.3667110502719879,-0.30765049532055855,dining table,sentence,The image features a dining table with three square bowls filled with various foods.,1
14279,281609,bowl,1,0.060799336880445476,0.05920066311955452,cup,0.46725451946258545,-0.40805385634303093,bowls,sentence,"In addition to the teddy bears and doll, there are multiple cups and bowls placed on the table, adding to the display's charm.",1
1870,265777,spoon,1,0.0607116025686264,0.059288397431373596,wine glass,0.5735439658164978,-0.5142555683851242,,,,0
3929,552672,sports ball,0,0.06062276184558868,0.059377238154411316,tennis racket,0.8156702518463135,-0.7562930136919022,ball,sentence,"The player is in the middle of a swing, preparing to hit the tennis ball.",1
2633,371890,person,1,0.06061591103672981,0.05938408896327019,chair,0.38969749212265015,-0.33031340315937996,person,sentence,"A person can also be seen in the background, possibly observing the cat or attending to the bicycle.",1
6561,349936,clock,1,0.06047897309064865,0.05952102690935135,tv,0.6951507925987244,-0.635629765689373,clock,sentence,"A television is mounted on the wall, and a clock can be seen on the wall as well.",1
11747,502141,potted plant,1,0.060431308001279826,0.05956869199872017,chair,0.3357738256454468,-0.2762051336467266,potted plants,sentence,"The steps are surrounded by a garden area with a variety of plants, including a few potted plants and bushes.",1
3121,446574,sink,1,0.06042568281292915,0.05957431718707085,toilet,0.743842363357544,-0.6842680461704731,sink,sentence,"In addition to the toilet and bathtub, there is a sink located in the middle of the bathroom, slightly to the left of the toilet.",1
12892,79544,bottle,1,0.06035726815462111,0.05458267778158188,bowl,0.314939945936203,-0.2603572681546211,bottle,sentence,"A bottle is also visible in the room, located near the left side.",1
2975,426700,potted plant,1,0.060238949209451664,0.0325356088578701,remote,0.2927745580673218,-0.2602389492094517,potted plant,sentence,"Additionally, there is a potted plant placed in the lower left corner of the room, adding a touch of greenery to the space.",1
13761,205854,tv,1,0.06011018797755241,0.059889812022447586,couch,0.5375176072120667,-0.47762779518961906,tv,sentence,"In the background, there is a TV mounted on the wall, and a chair can be seen nearby.",1
6177,301402,couch,1,0.059925856888294216,0.06007414311170578,laptop,0.7000916004180908,-0.640017457306385,couch,sentence,"A dining table is situated in the background, and a couch can be seen in the room as well.",1
4516,57006,person,1,0.05987884402275084,0.04400154948234558,car,0.30388039350509644,-0.25987884402275085,person,sentence,"There is a person standing close to the parking meter, possibly checking the time or preparing to pay for the parking.",1
3460,491470,car,1,0.059791027456521983,0.06020897254347801,traffic light,0.42496395111083984,-0.36475497856736183,cars,sentence,"There are a few cars parked along the street, with one car on the left side and two cars on the right side.",1
12122,551963,sink,1,0.05973470479249954,0.06026529520750046,refrigerator,0.4331235885620117,-0.37285829335451126,sink,sentence,"The kitchen is well-equipped with various appliances, including a refrigerator on the left side, a microwave above the oven, and a sink towards the right side of the kitchen.",1
11779,505733,cow,1,0.059608912914991374,0.06039108708500862,giraffe,0.6451668739318848,-0.5847757868468761,cow,sentence,"One is a small deer located towards the right side of the image, and the other is a cow situated in the middle of the field.",1
1908,272673,toothbrush,1,0.05930038437247276,0.06069961562752724,sink,0.5752846598625183,-0.5145850442349911,toothbrushes,sentence,"A cup can be seen on the countertop, possibly for holding toothbrushes or other bathroom essentials.",1
313,43670,sports ball,1,0.05923750147223472,0.060762498527765274,baseball bat,0.7686095833778381,-0.7078470848500729,ball,sentence,"The catcher is positioned behind the batter, wearing a baseball glove, ready to catch the ball.",1
10968,391187,car,1,0.05901877105236053,0.060981228947639465,bus,0.5893183946609497,-0.5283371657133102,car,sentence,"Additionally, there is a car parked further back in the scene, on the right side of the image.",1
3744,532963,bottle,1,0.05885571882128715,0.061144281178712845,dining table,0.3765465021133423,-0.31540222093462944,bottles,sentence,"The table is surrounded by a few bottles, possibly containing beverages or condiments.",1
3683,527535,banana,0,0.0588030469417572,0.0611969530582428,dining table,0.42632874846458435,-0.36513179540634155,bananas,sentence,"The image features a delicious dessert on a wooden cutting board, consisting of a pizza topped with bananas and whipped cream.",1
10935,387098,cell phone,1,0.05879391625523567,0.06120608374476433,mouse,0.6502069234848022,-0.5890008397400379,cell phone,sentence,A cell phone is also visible on the right side of the desk.,1
343,46433,vase,1,0.05859677389264106,0.06140322610735893,book,0.5038219094276428,-0.4424186833202839,vase,sentence,"A clock can be seen on the wall, and a vase is also present in the scene.",1
13769,207151,broccoli,1,0.058554964959621425,0.06144503504037857,pizza,0.6699999570846558,-0.6085549220442772,broccoli,sentence,"There are several pieces of broccoli scattered around the pizza, with some on the left side, some on the right side, and a few in the middle.",1
8903,89781,bowl,1,0.058395909965038295,0.0616040900349617,fork,0.6291959881782532,-0.5675918981432915,bowl,sentence,"The plate is filled with a diverse assortment of food items, including a salad, a bowl of beans, and a bowl of pasta.",1
7731,509811,dining table,0,0.05826765224337577,0.0508781261742115,chair,0.3091457784175873,-0.2582676522433758,tables,sentence,"The image depicts a large room filled with numerous tables and chairs, creating a spacious and organized environment.",1
5582,218183,dining table,1,0.058166044652462,0.061833955347537994,cake,0.3716699182987213,-0.3098359629511833,dining table,sentence,"The room has a couch in the background, and a dining table can be seen nearby.",1
11796,509131,dining table,0,0.05810854107141494,0.06189145892858505,cup,0.42809703946113586,-0.3662055805325508,dining table,sentence,The image features a wooden dining table with a variety of fruits and a cup.,1
15129,399384,bowl,1,0.058093982636928554,0.06190601736307144,sink,0.4282546639442444,-0.36634864658117294,bowl,sentence,"There are several decorative elements in the room, including a vase placed on a surface, a bottle located near the sink, and a bowl placed on a surface.",1
7407,463802,sports ball,1,0.05804830685257911,0.06195169314742088,tennis racket,0.5616105794906616,-0.49965888634324074,ball,sentence,"The image features a tennis player on a television screen, holding a tennis racket and preparing to hit the ball.",1
5801,249815,car,1,0.05800428137183189,0.061995718628168106,bicycle,0.46975192427635193,-0.4077562056481838,cars,sentence,"In addition to the bicycles, there are two cars parked in the scene, one on the left side and another on the right side of the road.",1
16043,530384,bottle,0,0.05787764012813568,0.06212235987186432,refrigerator,0.7599636316299438,-0.6978412717580795,bottle,sentence,"A vase can be seen on the countertop, and a bottle is placed nearby.",1
10346,310597,sports ball,0,0.0578715306520462,0.062128469347953796,tennis racket,0.8219438195228577,-0.7598153501749039,ball,sentence,"The image features a tennis court with a man in a red shirt and blue shorts holding a tennis racket, preparing to hit the ball.",1
6150,299288,bench,1,0.05785980716347694,0.062140192836523056,bicycle,0.5906893610954285,-0.5285491682589054,bench,sentence,"The image features a woman sitting on a bench, holding a cell phone to her ear.",1
2894,413287,car,1,0.057743220478296275,0.06225677952170372,fire hydrant,0.33267512917518616,-0.27041834965348244,cars,sentence,"There are several cars parked along the street, with one car on the left side, another in the middle, and a third car on the right side.",1
9149,128142,sports ball,1,0.05772969022393226,0.062270309776067734,baseball glove,0.3864907920360565,-0.3242204822599888,ball,sentence,"A baseball glove can be seen in the hands of one of the players, ready to catch the ball.",1
8525,31597,dining table,1,0.05763700500130653,0.062362994998693466,bowl,0.5549430251121521,-0.49258003011345863,table,sentence,"The image features a display of three large, ornate vases placed on a table.",1
13251,128833,handbag,1,0.05760634586215019,0.06239365413784981,bus,0.6662340760231018,-0.603840421885252,handbags,sentence,"There are several people visible on the sidewalk, with some of them carrying handbags.",1
14006,240742,bowl,1,0.057585934996604915,0.06241406500339508,fork,0.4741816818714142,-0.4117676168680191,,,,0
1888,269098,chair,0,0.0575317245721817,0.0624682754278183,couch,0.5537256002426147,-0.49125732481479645,chair,sentence,"The room also has a chair positioned in the background, near the right edge of the image.",1
4820,108212,sink,1,0.057432423233985896,0.0625675767660141,oven,0.5728840231895447,-0.5103164464235306,sink,sentence,The kitchen also features a sink and an oven.,1
5015,136458,backpack,1,0.057306992709636684,0.06269300729036331,suitcase,0.5498601198196411,-0.4871671125292778,backpack,sentence,"A backpack is situated on the left side of the laptop, and a handbag is located on the right side.",1
7487,472478,cup,1,0.057303550541400905,0.06269644945859909,pizza,0.7389488816261292,-0.6762524321675301,cups,sentence,"In addition to the pizza and beer, there are two cups on the table, one near the left edge and the other near the right edge.",1
15232,412978,spoon,1,0.05724558502435684,0.06275441497564316,oven,0.6332416534423828,-0.5704872384667397,spoon,sentence,"Various items are placed around the kitchen, including a bowl, a cup, and a spoon.",1
10826,373140,person,1,0.05720687925815582,0.06279312074184418,car,0.35955747961997986,-0.2967643588781357,people,sentence,"Additionally, there are two people visible in the scene, one standing closer to the left side of the image and the other person standing further to the right.",1
11058,404944,backpack,0,0.057090754508972164,0.06290924549102783,cell phone,0.4827134609222412,-0.4198042154312134,backpack,sentence,"In the background, there is a chair and a backpack, suggesting that the person might be in a casual setting, such as a home or a workspace.",1
13543,171241,bench,1,0.05700797855854034,0.06299202144145966,baseball bat,0.6199175715446472,-0.5569255501031876,bench,sentence,"A bench can be seen in the background, likely for players to sit on when they are not actively participating in the game.",1
2551,363594,dining table,1,0.05687596946954726,0.059131376445293427,chair,0.3160073459148407,-0.25687596946954727,dining table,sentence,"The living room is furnished with a dining table and a couch, and there are several books scattered around the room.",1
9159,129707,bed,1,0.0568717148900032,0.0631282851099968,remote,0.6805121302604675,-0.6173838451504707,bed,sentence,"The person is standing in a room, possibly a bedroom, with a bed visible in the background.",1
14865,363559,dining table,1,0.05681009858846664,0.06318990141153336,bowl,0.35878825187683105,-0.2955983504652977,dining table,sentence,"The bowl is placed on a dining table, ready to be enjoyed by someone.",1
4026,567304,sports ball,0,0.05670371919870376,0.06329628080129623,baseball glove,0.794452965259552,-0.7311566844582558,ball,sentence,"The image captures a baseball game in progress, with a pitcher standing on the pitcher's mound, preparing to throw the ball.",1
10724,359239,person,1,0.05666899885982274,0.00900320801883936,dining table,0.2656722068786621,-0.25666899885982275,person,sentence,"The pizza appears to be a personal-sized pizza, making it a perfect meal for one person.",1
4288,24385,bottle,1,0.05665387138724326,0.04964009299874306,bowl,0.30629396438598633,-0.25665387138724327,bottle,sentence,"One of the women is holding a wine glass, while the other is holding a bottle.",1
2490,356800,bench,1,0.056636768281459804,0.06336323171854019,umbrella,0.7312016487121582,-0.667838416993618,bench,sentence,"The scene takes place in a park-like setting, with a bench visible in the background.",1
1447,208623,couch,1,0.05650104850530624,0.06349895149469376,laptop,0.7457102537155151,-0.6822113022208214,couch,sentence,"The room also contains a couch in the background, and a chair is placed near the table.",1
5791,247223,boat,1,0.056204768717288967,0.06379523128271103,bird,0.5288445353507996,-0.46504930406808853,ships,sentence,"The lighthouse itself is a prominent and eye-catching structure, serving as a navigational aid for ships in the area.",1
12989,94940,dining table,0,0.05612313270568847,0.06387686729431152,wine glass,0.32126253843307495,-0.2573856711387634,table,sentence,"The image features a large red vase with a price tag on it, placed on a table.",1
11130,414711,bird,1,0.0561109510064125,0.0638890489935875,clock,0.6602565050125122,-0.5963674560189247,birds,sentence,"In addition to the clocks, there are two birds perched on the tower, one near the top and the other closer to the middle.",1
2103,300034,bottle,1,0.056082966625690456,0.06391703337430954,sink,0.4743928909301758,-0.41047585755586624,bottles,sentence,"Additionally, there are two bottles in the bathroom, one near the sink and the other closer to the toilet.",1
553,78823,bicycle,1,0.05604049086570739,0.0639595091342926,car,0.3236778974533081,-0.2597183883190155,bicycle,sentence,"A bicycle can also be seen parked in the background, close to the center of the image.",1
14460,307166,person,1,0.05602897226810455,0.06397102773189545,bottle,0.3574744462966919,-0.29350341856479645,people,sentence,"The table appears to be a dining table, and the food items are arranged in a way that makes it easy for people to enjoy their meal.",1
5008,135900,knife,1,0.05602354824542999,0.06397645175457001,pizza,0.5068656802177429,-0.4428892284631729,knife,sentence,"A knife can also be seen on the stove, placed closer to the left pan.",1
10607,344955,chair,1,0.05598821014165878,0.06401178985834122,bowl,0.3232804238796234,-0.2592686340212822,chair,sentence,"In the background, there is a dining table with a chair, suggesting that the food cart is set up in an outdoor area where customers can sit and enjoy their meals.",1
1913,273083,chair,1,0.055884528160095204,0.038928866386413574,dining table,0.2948133945465088,-0.2558845281600952,chair,sentence,"A chair can be seen in the background, positioned near the top left corner of the table.",1
6703,366406,dining table,1,0.055799267441034306,0.043439384549856186,cake,0.2992386519908905,-0.2557992674410343,dining table,sentence,"In addition to the main kitchen area, there is a dining table located in the background, and a chair can be seen near the table.",1
9406,168544,chair,1,0.055727417469024654,0.06427258253097534,cup,0.5222689509391785,-0.4579963684082031,chair,sentence,"In the background, there is a chair visible, likely indicating that the table is set for a meal or a snack.",1
4831,108645,chair,1,0.055412697494029994,0.06458730250597,couch,0.46610763669013977,-0.40152033418416977,,,,0
13196,123213,sports ball,1,0.055402303934097286,0.06459769606590271,baseball bat,0.7821985483169556,-0.7176008522510529,ball,sentence,"The batter is wearing a baseball glove, ready to catch the ball.",1
5410,193332,bowl,1,0.05535434454679489,0.06464565545320511,knife,0.5810230374336243,-0.5163773819804192,bowls,sentence,"The cake is placed on a dining table in front of them, and there are two bowls on the table as well.",1
8908,90284,sports ball,0,0.05535402417182922,0.06464597582817078,tennis racket,0.7619139552116394,-0.6972679793834686,ball,sentence,"She is in the middle of a swing, holding a tennis racket and preparing to hit the ball.",1
8625,46775,bottle,1,0.05520043075084685,0.0543244332075119,oven,0.30952486395835876,-0.25520043075084686,bottles,sentence,"The counter is filled with various items, including a number of bowls, cups, and bottles.",1
16044,530384,cup,1,0.055103937983512874,0.06489606201648712,chair,0.3391979932785034,-0.2743019312620163,cups,sentence,"There are also two cups and a bowl in the kitchen, indicating that it is well-used and well-stocked.",1
14591,325351,tv,1,0.05507527559995651,0.06492472440004349,couch,0.3858276903629303,-0.3209029659628868,tv,sentence,"The room they are in has a chair placed near the couch, and a TV is visible in the background.",1
3418,486573,potted plant,1,0.055015022754669185,0.06498497724533081,vase,0.7492979168891907,-0.6843129396438599,potted plant,sentence,"In addition to the vase of flowers, there is a potted plant located on the left side of the image, adding a touch of greenery to the scene.",1
7943,535993,person,1,0.0549793866276741,0.0650206133723259,dining table,0.4011247158050537,-0.3361041024327278,person,sentence,"A person can be seen in the background, possibly preparing to enjoy the meal or setting up the table.",1
9817,230646,dining table,1,0.054889055788516994,0.065110944211483,cake,0.5821244120597839,-0.5170134678483009,dining table,sentence,"The cake is placed on a dining table, and the woman is smiling as she looks at the cake.",1
764,108193,cup,1,0.05480191379785537,0.06519808620214462,wine glass,0.5399584174156189,-0.4747603312134743,cup,sentence,"A cup can be seen on the table as well, possibly for serving drinks.",1
12884,79121,vase,1,0.05475507944822311,0.06524492055177689,chair,0.4391525089740753,-0.37390758842229843,vase,sentence,"A vase can be seen on the left side of the bed, adding a decorative touch to the space.",1
246,34445,potted plant,0,0.054699743986129756,0.06530025601387024,vase,0.44120943546295166,-0.3759091794490814,potted plant,sentence,"A potted plant is also present in the room, adding a touch of greenery to the space.",1
15805,493321,backpack,1,0.054660196304321285,0.06533980369567871,bench,0.7299692034721375,-0.6646293997764587,backpack,sentence,"In the background, there is a car parked, and a backpack can be seen placed on the ground near the bench.",1
8484,26378,sink,1,0.054655129909515376,0.06534487009048462,oven,0.43379271030426025,-0.36844784021377563,sink,sentence,"The kitchen is well-equipped with an oven, a sink, and a refrigerator.",1
13240,127910,chair,1,0.0546373900771141,0.0653626099228859,cup,0.5099344849586487,-0.4445718750357628,chairs,sentence,"The dining table is surrounded by chairs, with one chair on the left side, another on the right side, and a third chair at the top right corner.",1
7843,527102,dining table,0,0.05445729464292526,0.06554270535707474,cup,0.3466196656227112,-0.28107696026563644,tables,sentence,"The market is filled with other people, some of whom are also sitting at tables, while others are standing or walking around.",1
459,63521,chair,1,0.054422113001346584,0.06557788699865341,bowl,0.5336604714393616,-0.46808258444070816,,,,0
15889,506614,clock,0,0.05439209461212158,0.06560790538787842,chair,0.3491419851779938,-0.28353407979011536,,,,0
210,31043,dining table,0,0.05435969233512877,0.04019555449485779,chair,0.2945552468299866,-0.2543596923351288,dining table,sentence,"A dining table can be seen in the middle of the room, surrounded by the seating arrangement.",1
10604,344955,cup,0,0.054253439307212825,0.06574656069278717,bowl,0.3232804238796234,-0.25753386318683624,cups,sentence,"There are several bottles and cups placed around the cart, indicating that the food cart offers beverages as well.",1
15908,509772,fire hydrant,1,0.054180147945880885,0.06581985205411911,truck,0.44050171971321106,-0.37468186765909195,fire hydrant,sentence,"The fire truck is positioned near a fire hydrant, which is located on the sidewalk.",1
4223,16025,remote,1,0.0540837150812149,0.0659162849187851,tv,0.6400995254516602,-0.5741832405328751,,,,0
1238,178980,dining table,0,0.054020316526293743,0.026368306949734688,cup,0.28038862347602844,-0.25402031652629375,desk,sentence,The image features a wooden desk with a laptop computer sitting on top of it.,1
345,47204,stop sign,1,0.054003174304962154,0.06599682569503784,fire hydrant,0.9201648235321045,-0.8541679978370667,stop sign,sentence,"The scene also includes a stop sign visible in the background, indicating the presence of an intersection nearby.",1
2934,420422,bicycle,1,0.05397598713636398,0.06602401286363602,bus,0.6689139008522034,-0.6028898879885674,bicycle,sentence,A bicycle can also be seen parked on the side of the street.,1
8128,559136,car,1,0.05393061712384223,0.046370815485715866,person,0.3003014326095581,-0.25393061712384224,cars,sentence,"The scene also features a few cars parked at the bottom of the slope, possibly belonging to the skiers or spectators.",1
11831,514294,fork,1,0.053805577754974354,0.06615358591079712,bowl,0.3199591636657715,-0.25380557775497437,fork,sentence,"The countertop is cluttered with various items, including a bowl, a cup, a spoon, and a fork.",1
12012,539738,handbag,1,0.053803036808967586,0.06619696319103241,suitcase,0.7456578612327576,-0.6794608980417252,handbag,sentence,"The suitcase is placed next to him, and he is holding a handbag in his other hand.",1
10288,302608,tv,1,0.05379794061183929,0.0662020593881607,remote,0.4225892424583435,-0.3563871830701828,television,sentence,"A chair can be seen in the room, located near the bed, and a remote control is also present, likely for the television or other electronic devices.",1
12256,570709,laptop,1,0.05377789109945297,0.06622210890054703,tv,0.58475661277771,-0.5185345038771629,laptop,sentence,"In addition to the TV, there is a laptop placed on the table, possibly for streaming the game or for the players to use as an input device.",1
13715,198367,orange,0,0.05377130478620529,0.06622869521379471,apple,0.7149496078491211,-0.6487209126353264,orange,sentence,"The image features a white bowl filled with a variety of fruits, including bananas, apples, and an orange.",1
11683,492420,knife,1,0.05373716622591018,0.06626283377408981,cake,0.4025605320930481,-0.3362976983189583,knife,sentence,"The couple is holding a knife together to cut the cake, which is placed on a dining table in front of them.",1
6705,366406,potted plant,1,0.0535249587893486,0.0664750412106514,tv,0.5754749774932861,-0.5089999362826347,potted plant,sentence,"A potted plant is also present in the room, adding a touch of greenery to the space.",1
542,76138,dining table,1,0.05343802541494369,0.0665619745850563,bowl,0.41807878017425537,-0.35151680558919907,dining table,sentence,"The bowl is placed on a dining table, and the broccoli appears to be ready to be eaten.",1
1454,209322,bottle,1,0.053421925008296955,0.039027728140354156,sink,0.2924496531486511,-0.25342192500829697,bottles,sentence,"In addition to the toilet and sink, there are two bottles in the scene, one placed on the left side of the room and the other on the right side.",1
6922,394133,dining table,1,0.053265611827373494,0.015397615730762482,chair,0.268663227558136,-0.2532656118273735,,,,0
11305,436883,traffic light,1,0.05323560059070587,0.06676439940929413,bus,0.5058419704437256,-0.43907757103443146,traffic light,sentence,"A traffic light can be seen on the left side of the image, indicating that the bus is driving in an urban environment.",1
13728,199437,dining table,1,0.05323219567537307,0.06676780432462692,pizza,0.4292542636394501,-0.36248645931482315,dining table,sentence,"In the background, there are a few chairs and a dining table, suggesting that the restaurant is a casual dining establishment.",1
8505,29253,car,1,0.053093618899583805,0.0386585108935833,backpack,0.2917521297931671,-0.2530936188995838,cars,sentence,"In addition to the train, there are two cars visible in the scene, one located near the left edge of the image and the other towards the right side.",1
4631,77924,person,1,0.052959854602813716,0.06704014539718628,car,0.4130261540412903,-0.345986008644104,people,sentence,"In addition to the cars, there are two people in the scene, one standing near the left side of the image and another closer to the center.",1
11170,420826,car,1,0.05293777883052825,0.05578349530696869,person,0.30872127413749695,-0.25293777883052826,cars,sentence,"There are several cars parked or driving along the street, with some of them appearing blurry due to the rain.",1
15985,521956,sports ball,0,0.05291261792182922,0.06708738207817078,tennis racket,0.875333309173584,-0.8082459270954132,sports ball,sentence,"The man's tennis racket is clearly visible in his hand, and the sports ball is captured in mid-air, just before he strikes it.",1
2853,408789,couch,1,0.05286941200494766,0.06713058799505234,tv,0.5380561947822571,-0.47092560678720474,couch,sentence,"The image features a man sitting on a couch in front of a television, which is displaying a news program.",1
1330,190156,dining table,0,0.05281946331262588,0.06718053668737411,cup,0.5711367726325989,-0.5039562359452248,table,sentence,"The cup is placed on a saucer, which is positioned on a table.",1
11749,502141,dining table,0,0.052752020657062526,0.06724797934293747,chair,0.3357738256454468,-0.2685258463025093,dining table,sentence,"In addition to the chairs, there is a dining table located near the center of the backyard.",1
7491,472828,apple,1,0.05255262821912765,0.06744737178087234,orange,0.3971923887729645,-0.32974501699209213,apples,sentence,"The stand is filled with a variety of fresh fruits, including oranges and apples, which are displayed in an appealing manner.",1
3891,549763,spoon,1,0.05243073672056198,0.06756926327943802,oven,0.4619274437427521,-0.39435818046331406,,,,0
8274,580027,toilet,1,0.05241933733224868,0.06758066266775131,sink,0.4349154233932495,-0.3673347607254982,toilet,sentence,"The bathroom also includes a sink with a mirror above it, and a toilet is located towards the right side of the room.",1
12448,15725,clock,0,0.052389371097087856,0.06761062890291214,oven,0.4431876838207245,-0.37557705491781235,clock,sentence,"Additionally, there is a clock on the wall, providing a sense of time while the woman writes on the refrigerator.",1
4910,121162,bottle,1,0.05234572961926459,0.045459579676389694,refrigerator,0.2978053092956543,-0.2523457296192646,bottle,sentence,A bottle is also visible on a surface in the middle of the room.,1
320,43961,chair,0,0.05225162476301193,0.06774837523698807,dining table,0.3737567365169525,-0.30600836127996445,chairs,sentence,"The table is surrounded by chairs, with one chair on each side and one at the head of the table.",1
11696,493728,dining table,1,0.0522318360209465,0.0677681639790535,cake,0.5529833436012268,-0.4852151796221733,dining table,sentence,"The cake is placed on a dining table, and the woman appears to be focused on her task.",1
15377,435519,truck,1,0.05216928839683532,0.06783071160316467,motorcycle,0.5161705613136292,-0.4483398497104645,truck,sentence,"In the background, there are several other vehicles, including a car and a truck, likely spectators or other racers.",1
6683,363654,car,1,0.052118229568004604,0.06788177043199539,fire hydrant,0.6955380439758301,-0.6276562735438347,cars,sentence,"In addition to the bus, there are several cars parked in the area, with one car located near the left edge of the image and two more cars on the right side.",1
12715,50411,handbag,1,0.05209882482886313,0.034174297004938126,car,0.28627312183380127,-0.25209882482886314,handbag,sentence,"In addition to the horse and the truck, there is a car parked further down the street, and a handbag can be seen placed on the ground near one of the people.",1
2051,291380,potted plant,1,0.05199069052934646,0.06800930947065353,tv,0.4171130061149597,-0.3491036966443062,potted plants,sentence,"There are several potted plants in the scene, with one located near the bench and two others further away.",1
13361,145728,keyboard,1,0.05195767700672149,0.0680423229932785,mouse,0.5369216799736023,-0.4688793569803238,keyboard,sentence,"A keyboard can be seen on the left side of the table, indicating that the table is set up for work or leisure activities.",1
8861,81004,sports ball,0,0.05194787204265594,0.06805212795734406,baseball glove,0.5173625946044922,-0.44931046664714813,ball,sentence,"One boy is standing in the dirt, holding a baseball bat, while the other boy is wearing a baseball glove, ready to catch the ball.",1
12200,560890,potted plant,1,0.05184614956378936,0.04202531278133392,cup,0.2938714623451233,-0.25184614956378937,,,,0
777,109937,banana,1,0.05184231966733932,0.06815768033266068,spoon,0.5838700532913208,-0.5157123729586601,bananas,sentence,"In addition to the bowls, there are a couple of bananas on the counter, one near the center and another towards the left side.",1
4620,75560,car,1,0.05168086558580398,0.06831913441419601,traffic light,0.5132058262825012,-0.4448866918683052,cars,sentence,"The street is empty, with no cars or pedestrians visible.",1
10114,279305,vase,1,0.05157034367322921,0.06842965632677078,dining table,0.4109590947628021,-0.34252943843603134,vase,sentence,"The table setting also includes a vase, which is located towards the right side of the image.",1
15547,458632,sports ball,1,0.051233339011669154,0.06876666098833084,baseball glove,0.5523185729980469,-0.48355191200971603,ball,sentence,"The catcher is positioned behind the batter, ready to catch the ball.",1
840,120745,couch,1,0.05109289586544036,0.026749387383461,potted plant,0.27784228324890137,-0.25109289586544037,couch,sentence,"The image depicts a woman walking down a sidewalk next to a pile of discarded furniture, including a mattress and a couch.",1
11114,413126,dining table,0,0.050964555889368046,0.03826877102255821,chair,0.28923332691192627,-0.25096455588936806,table,sentence,"The image features a person sitting at a table, using a tablet computer.",1
10698,356531,chair,1,0.05094001710414886,0.06905998289585114,dining table,0.3424617350101471,-0.27340175211429596,chair,sentence,"The woman is seated on a chair, which is positioned near the table.",1
14756,347460,person,1,0.05078769400715827,0.025762509554624557,car,0.27655020356178284,-0.2507876940071583,people,sentence,The overall atmosphere suggests a bustling urban environment with various modes of transportation and people going about their daily activities.,1
5851,257865,sports ball,1,0.05075119704008102,0.06924880295991898,tennis racket,0.6873306632041931,-0.6180818602442741,ball,sentence,"The man appears to be focused on the game, possibly looking at the ball or his opponent.",1
12798,62443,chair,1,0.05070520460605621,0.06929479539394379,potted plant,0.4016720652580261,-0.33237726986408234,chair,sentence,"A chair is also present, positioned near the right side of the image, possibly for someone to sit and enjoy the view of the vine-covered building.",1
3830,542959,potted plant,1,0.050450849235057826,0.06954915076494217,vase,0.3888951241970062,-0.31934597343206406,potted plant,sentence,"In addition to the furniture, there are several decorative elements in the room, such as a vase, a potted plant, and a clock.",1
10313,306444,bowl,1,0.05040826171636581,0.06959173828363419,sink,0.4565940499305725,-0.3870023116469383,,,,0
13657,189698,bench,1,0.050280626118183125,0.051821641623973846,car,0.302102267742157,-0.25028062611818314,bench,sentence,"A truck can be seen parked on the left side of the street, and a bench is located near the center of the scene.",1
9451,176778,bottle,1,0.05020944699645041,0.01482764258980751,sink,0.26503708958625793,-0.2502094469964504,bottle,sentence,"A bottle can be seen placed on the left side of the sink, and a bowl is situated on the right side of the sink.",1
1223,175382,tie,1,0.05017636984586715,0.06982363015413284,handbag,0.36652275919914246,-0.2966991290450096,ties,sentence,"A few individuals are also wearing ties, indicating a diverse range of attire.",1
4724,91715,car,1,0.050175028741359706,0.06982497125864029,truck,0.4615928530693054,-0.39176788181066513,car,sentence,"In addition to the truck, there is a car parked in the background, and a boat can be seen in the distance, possibly indicating that the scene takes place near a body of water.",1
6284,315037,handbag,1,0.05014798313379287,0.06985201686620712,backpack,0.6541234254837036,-0.5842714086174965,handbag,sentence,"A backpack is placed on the ground near the bench, and a handbag can be seen nearby.",1
3279,463783,car,1,0.050121235549449916,0.06987876445055008,backpack,0.32904163002967834,-0.25916286557912827,car,sentence,"In the background, there is a car parked nearby, and a handbag can be seen placed on the ground close to the bench.",1
11279,435466,bowl,1,0.05002422899007797,0.06997577100992203,sink,0.41635119915008545,-0.3463754281401634,bowl,sentence,"There are multiple bottles placed on the countertop, and a bowl can be seen on the right side of the kitchen.",1
13415,152751,chair,1,0.049918073117733,0.070081926882267,cup,0.34655362367630005,-0.27647169679403305,chair,sentence,"A chair is positioned in front of the desk, and a clock is mounted on the wall above the desk.",1
3637,519815,bottle,0,0.04991108447313308,0.07008891552686691,sink,0.4826507866382599,-0.412561871111393,bottles,sentence,"Additionally, there are two bottles in the bathroom, one near the sink and the other closer to the bathtub.",1
15429,440937,person,0,0.04981759458780288,0.07018240541219711,cell phone,0.5499682426452637,-0.47978583723306656,person,sentence,"In the background, there is a person partially visible, possibly enjoying the beverage or engaging in conversation.",1
14562,320843,boat,1,0.04980726063251495,0.07019273936748505,surfboard,0.7136120200157166,-0.6434192806482315,boat,sentence,"The scene also includes a boat visible in the water, adding to the overall beach atmosphere.",1
12359,5486,book,1,0.04963956296443939,0.07036043703556061,couch,0.5381424427032471,-0.46778200566768646,books,sentence,"The room also contains a collection of books, which are likely part of the living room's cozy atmosphere.",1
16080,534669,car,1,0.049349459707736965,0.07065054029226303,bus,0.3460939824581146,-0.2754434421658516,car,sentence,"A car can also be seen on the right side of the image, closer to the airplane.",1
2543,362327,chair,1,0.04933270335197448,0.07066729664802551,couch,0.3248976767063141,-0.2542303800582886,chair,sentence,"The couch is situated in a room with a chair nearby, and there are several books scattered around the area.",1
1813,258996,chair,1,0.04911761254072189,0.0708823874592781,laptop,0.5785983800888062,-0.507715992629528,chairs,sentence,"The desk is surrounded by a few chairs, with one on the left side and another on the right side.",1
112,15345,bowl,1,0.04894915491342544,0.07105084508657455,chair,0.3313754200935364,-0.2603245750069618,bowl,sentence,"The table is set with various items, including cups, a bowl, and a spoon.",1
13513,167486,handbag,1,0.04890899628400802,0.07109100371599197,bicycle,0.4408041536808014,-0.3697131499648094,handbag,sentence,"A handbag can be seen placed on the floor, and a cup is located near the left side of the room.",1
15215,411070,potted plant,1,0.04884076386690139,0.0711592361330986,couch,0.54585200548172,-0.47469276934862137,potted plant,sentence,"A potted plant is situated near the table, adding a touch of greenery to the space.",1
15051,388027,sink,1,0.048642444312572475,0.07135755568742752,toilet,0.8062644004821777,-0.7349068447947502,sink,sentence,"The toilet is situated next to a white sink, which is placed on the left side of the bathroom.",1
985,139530,clock,1,0.048557209670543666,0.07144279032945633,bottle,0.350721538066864,-0.2792787477374077,clock,sentence,"A clock can be seen hanging on the wall in the background, indicating the time for travelers.",1
1901,270815,sports ball,0,0.04850817739963531,0.07149182260036469,baseball glove,0.7856809496879578,-0.7141891270875931,ball,sentence,"He is in the process of catching a ball, and his baseball glove is open, ready to catch the ball.",1
10901,384503,person,0,0.048428963124752034,0.03630126267671585,bench,0.2847302258014679,-0.24842896312475204,person,sentence,"The trolley car is moving along the tracks, and there is a person standing near the tracks, possibly waiting for the trolley to pass.",1
10228,295599,cup,1,0.04841442674398422,0.07158557325601578,chair,0.4021444320678711,-0.3305588588118553,cup,sentence,"On the table, there are a few items, including a bottle, a cup, and a vase with a rose.",1
12939,87864,bench,1,0.04833616614341735,0.044872164726257324,person,0.2932083308696747,-0.24833616614341736,,,,0
9964,252354,bed,0,0.04831601202487945,0.07168398797512054,teddy bear,0.8152839541435242,-0.7435999661684036,bed,sentence,"The image features a man lying in bed, holding a brown teddy bear close to his face.",1
2859,409116,person,0,0.04795291945338248,0.059066224843263626,chair,0.3070191442966461,-0.2479529194533825,patient,sentence,"The room also features a clock on the wall, indicating the time for the patient.",1
3921,552221,bowl,1,0.047918277680873866,0.07208172231912613,dining table,0.5144342184066772,-0.4423524960875511,bowls,sentence,"In addition to the pizza, there are two bowls on the table, one located at the top left corner and the other at the top right corner.",1
5404,192403,vase,1,0.0479147982597351,0.07208520174026489,tv,0.6017904877662659,-0.529705286026001,vase,sentence,"A vase is located on the left side of the room, adding a decorative touch to the space.",1
4231,16931,person,1,0.04785500735044479,0.0721449926495552,car,0.39005744457244873,-0.3179124519228935,drivers,sentence,The stop sign serves as a reminder for drivers to be cautious and attentive while navigating the snowy roads.,1
11457,458045,sports ball,0,0.04781904339790344,0.07218095660209656,baseball bat,0.49499693512916565,-0.4228159785270691,ball,sentence,"The boy is wearing a baseball glove, ready to catch the ball.",1
10255,299023,chair,1,0.047779525518417354,0.07222047448158264,potted plant,0.5081750154495239,-0.4359545409679413,chair,sentence,The man is wearing a striped shirt and is seated on a chair.,1
7308,449424,person,1,0.04777916818857192,0.0474051758646965,chair,0.29518434405326843,-0.24777916818857193,person,sentence,"A person is visible in the room, standing near the bed, possibly organizing or tidying up the cluttered space.",1
13135,115146,book,1,0.04769195139408111,0.07230804860591888,mouse,0.5935157537460327,-0.5212077051401138,books,sentence,"Additionally, there are a few books scattered around the room, possibly indicating that the group enjoys reading or has other interests besides gaming.",1
13403,151589,bench,1,0.04751546204090118,0.07248453795909882,skateboard,0.38873711228370667,-0.31625257432460785,bench,sentence,"In addition to the people, there are a few objects on the slope, such as a chair and a bench.",1
4206,13145,dining table,0,0.047496947348117824,0.07250305265188217,knife,0.6615397930145264,-0.5890367403626442,dining table,sentence,"The orange slices are placed on a dining table, creating an appetizing scene.",1
12470,18295,car,0,0.04749324098229407,0.03525930270552635,stop sign,0.28275254368782043,-0.24749324098229408,cars,sentence,"The train is moving along the tracks, and there are several cars visible in the scene, some of which are parked or stationary.",1
1539,220732,traffic light,1,0.04747347056865692,0.07252652943134308,bus,0.5192959308624268,-0.4467694014310837,traffic light,sentence,"A traffic light can be seen on the right side of the street, and a fire hydrant is located near the center of the scene.",1
4397,38276,laptop,0,0.04745991796255111,0.07254008203744888,keyboard,0.5448996424674988,-0.4723595604300499,computer,sentence,The image depicts a cluttered wooden desk with a computer setup.,1
12747,55066,sink,1,0.04744721472263336,0.07255278527736664,microwave,0.8459669947624207,-0.773414209485054,sinks,sentence,"There are two sinks in the kitchen, one on the right side and another on the left side.",1
5482,204726,cup,1,0.04739325791597365,0.05556412786245346,chair,0.3029573857784271,-0.24739325791597366,cup,sentence,"A couch can be seen in the background, and a cup is placed on a surface nearby.",1
10054,267844,bottle,1,0.047303113043308254,0.07269688695669174,sink,0.6109921932220459,-0.5382953062653542,bottle,sentence,A bottle can be seen on the countertop as well.,1
11136,415949,potted plant,0,0.047246242761611934,0.07275375723838806,couch,0.5256027579307556,-0.45284900069236755,potted plant,sentence,"There are several decorative elements in the room, including a vase placed on the left side of the room, a potted plant on the right side, and a book resting on the floor near the left side of the room.",1
12675,44800,backpack,1,0.04713160067796707,0.07286839932203293,bench,0.3391072154045105,-0.26623881608247757,backpack,sentence,"A bench can be seen on the left side of the street, and a backpack is placed on the ground near the center of the scene.",1
15688,476704,person,0,0.04698193341493606,0.07301806658506393,bench,0.5052148699760437,-0.43219680339097977,passengers,sentence,The bus stop is equipped with a bench for passengers to sit on while waiting for the bus.,1
8841,78313,bottle,1,0.04686472833156585,0.07313527166843414,bowl,0.4359239339828491,-0.362788662314415,bottles,sentence,"In addition to the dishes, there are a few bottles placed on the shelf, adding to the room's decor.",1
2768,392915,spoon,1,0.046863290369510646,0.07313670963048935,oven,0.4083712100982666,-0.33523450046777725,spoon,sentence,"A cup can be seen on the countertop, and a spoon is located near the sink.",1
16218,550702,bottle,1,0.04681692540645599,0.073183074593544,spoon,0.5658718943595886,-0.4926888197660446,bottles,sentence,"In addition to the food, there are two bottles, one of which is a Coke, and a wine glass.",1
11803,509520,book,1,0.046518544554710384,0.07348145544528961,tv,0.581969141960144,-0.5084876865148544,books,sentence,"There are several books scattered around the room, some on the floor and others on surfaces.",1
7939,535993,wine glass,1,0.04642781883478164,0.07357218116521835,fork,0.5008636713027954,-0.42729149013757706,wine glass,sentence,"A wine glass is also present on the table, along with a cup.",1
7916,534045,potted plant,0,0.04636915698647498,0.04501473531126976,vase,0.29138389229774475,-0.246369156986475,potted plants,sentence,"In the background, there are several potted plants, adding a touch of greenery to the scene.",1
13226,126983,microwave,1,0.046144629716873165,0.07385537028312683,refrigerator,0.6284312605857849,-0.5545758903026581,microwave,sentence,"There are several items placed on the countertops, including a microwave and a toaster.",1
5341,183364,dining table,0,0.04607355117797851,0.07392644882202148,cup,0.5525717735290527,-0.47864532470703125,desk,sentence,The image features a desk with two laptop computers placed side by side.,1
12287,575243,truck,1,0.04607220262289047,0.07392779737710953,traffic light,0.3615560531616211,-0.28762825578451157,truck,sentence,"Additionally, there is a truck parked on the right side of the street.",1
12624,37670,sink,1,0.04593686282634735,0.07406313717365265,toilet,0.4518708884716034,-0.37780775129795074,sink,sentence,"There is also a sink in the room, located towards the right side of the image.",1
1983,281625,car,1,0.04592255987226962,0.031069433316588402,backpack,0.27699199318885803,-0.24592255987226963,car,sentence,"A car can also be seen parked in the background, further emphasizing the city setting.",1
2389,340327,bowl,1,0.04591318488121032,0.07408681511878967,fork,0.5812357068061829,-0.5071488916873932,bowl,sentence,"A bowl is also visible on the table, likely containing a dish for the meal.",1
8458,21060,cell phone,1,0.04587284743785858,0.07412715256214142,keyboard,0.61655592918396,-0.5424287766218185,cell phone,sentence,"A cup can be seen on the left side of the desk, and a cell phone is located on the right side.",1
8991,104495,chair,0,0.04584416270256042,0.07415583729743958,dining table,0.5278904438018799,-0.4537346065044403,chairs,sentence,"The table is surrounded by chairs, with one chair on the left side and another on the right side.",1
15817,495985,sports ball,1,0.04575106024742126,0.07424893975257874,baseball bat,0.8155653476715088,-0.74131640791893,ball,sentence,The woman appears to be focused and determined as she prepares to hit the ball.,1
10910,384823,clock,1,0.04552978016436099,0.029517492279410362,tv,0.27504727244377136,-0.245529780164361,clock,sentence,"A clock can be seen on the wall above the desk, providing a sense of time for the user.",1
7419,465453,book,1,0.04550951987504959,0.07449048012495041,remote,0.33838987350463867,-0.26389939337968826,books,sentence,"There are also a few books scattered around the room, with one on the dining table and two others placed on the floor.",1
1160,165298,person,1,0.04539502680301666,0.07460497319698334,car,0.35822129249572754,-0.2836163192987442,people,sentence,"There are a few people in the scene, with one person standing near the middle of the image and two others closer to the right side.",1
7480,472046,tv,1,0.04526359856128692,0.07473640143871307,couch,0.4243430495262146,-0.3496066480875015,tv,sentence,"In addition to the kitchen area, there is a living room with a couch and a TV.",1
11916,525170,couch,1,0.0452408817410469,0.0747591182589531,chair,0.3377123773097992,-0.2629532590508461,couch,sentence,"In the background, there is a chair positioned near the table, and a couch can be seen in the room.",1
328,44294,vase,1,0.04511609226465224,0.03337555378675461,sink,0.27849164605140686,-0.24511609226465225,vase,sentence,"A vase can be seen on the countertop, adding a decorative touch to the space.",1
15340,428161,dining table,1,0.04491666629910468,0.04996756836771965,chair,0.29488423466682434,-0.2449166662991047,dining table,sentence,"The scene takes place outdoors, with a dining table visible in the background.",1
866,123321,dining table,0,0.04488247156143188,0.07511752843856812,bowl,0.3784235119819641,-0.303305983543396,dining table,sentence,"The bowl is placed on a dining table, ready to be enjoyed by those who partake in the meal.",1
6555,348982,car,1,0.044771964550018306,0.07522803544998169,handbag,0.4869304597377777,-0.411702424287796,cars,sentence,"In the scene, there are multiple cars parked in the background, and a handbag can be seen placed on the ground near the woman.",1
7282,445834,handbag,1,0.04468520253896713,0.07531479746103287,bus,0.6614054441452026,-0.5860906466841698,handbag,sentence,"A backpack can be seen near the center of the image, and a handbag is located closer to the right side.",1
6699,366406,vase,1,0.044660556018352504,0.07533944398164749,tv,0.5754749774932861,-0.5001355335116386,vase,sentence,"The kitchen is decorated with a few items, such as a vase placed on the countertop, a bowl near the sink, and a couple of bottles.",1
1530,219269,bottle,1,0.04451530724763869,0.06374859064817429,chair,0.308263897895813,-0.2445153072476387,bottle,sentence,"A bottle can be seen on the desk, and a cup is placed nearby.",1
6035,282942,cup,1,0.044499876797199245,0.07550012320280075,bowl,0.33903995156288147,-0.2635398283600807,cups,sentence,"The cake is placed on a dining table, which is surrounded by various bowls and cups.",1
4396,38276,dining table,0,0.044437672197818745,0.03626852482557297,cup,0.2807061970233917,-0.24443767219781876,desk,sentence,"On the desk, there is a desktop computer with a monitor, keyboard, and mouse.",1
3674,526342,person,1,0.044397684931755055,0.03209500014781952,chair,0.2764926850795746,-0.24439768493175507,people,sentence,"The market appears to be a small, cozy place where people can buy snacks and other items.",1
7816,524459,cell phone,1,0.044186535179615016,0.07581346482038498,laptop,0.6243064999580383,-0.5484930351376534,cell phone,sentence,"A mouse can be seen on the left side of the laptop, and a cell phone is placed on the right side.",1
402,54133,toaster,1,0.044173504114151,0.075826495885849,sink,0.4274294078350067,-0.3516029119491577,,,,0
8384,12153,cake,0,0.04413592338562011,0.07586407661437988,chair,0.33679190278053284,-0.26092782616615295,cake,sentence,"He is eating a piece of cake, which is visible on his face.",1
15661,473370,cell phone,1,0.04400725185871124,0.07599274814128876,laptop,0.6596080660820007,-0.583615317940712,cell phone,sentence,"In addition to the laptop, there is a cell phone on the table, and a bottle is located near the edge of the desk.",1
7102,420052,stop sign,1,0.04397280037403106,0.07602719962596893,car,0.3518536388874054,-0.27582643926143646,stop sign,sentence,"The garbage is placed near a pole, and there is a stop sign visible in the background.",1
6125,295945,bicycle,1,0.04381273210048675,0.07618726789951324,motorcycle,0.6700990200042725,-0.5939117521047592,bike,sentence,"He is posing for a picture in front of the motorcycle, showcasing his gear and the bike.",1
12788,61268,car,1,0.0437900897860527,0.0762099102139473,traffic light,0.43365806341171265,-0.35744815319776535,cars,sentence,"In addition to the train, there are two cars in the scene, one located near the left side of the image and the other towards the right side.",1
13845,217937,cup,1,0.043750959336757655,0.07624904066324234,fork,0.7253236770629883,-0.6490746363997459,cups,sentence,"In addition to the main dish, there are a couple of cups placed on the table, one on the left side and another on the right side.",1
2620,370478,remote,1,0.04370378971099853,0.07629621028900146,laptop,0.6902702450752258,-0.6139740347862244,remote,sentence,"A cup can be seen on the left side of the room, and a remote control is located near the center of the scene.",1
7124,423380,toothbrush,1,0.04354775965213775,0.07645224034786224,sink,0.5081300139427185,-0.43167777359485626,toothbrush,sentence,"The sink is located in a bathroom, and there is a toothbrush placed nearby, suggesting that the sink is used for personal hygiene tasks.",1
4798,104626,person,1,0.043397265672683705,0.03135329484939575,car,0.27475056052207947,-0.24339726567268372,person,sentence,"The truck is parked in front of a building, and there is a person standing nearby, possibly observing the truck or the surrounding area.",1
5252,170716,sink,1,0.04339352518320083,0.07660647481679916,microwave,0.341174840927124,-0.26456836611032486,sink,sentence,"The kitchen is well-equipped with various items such as a refrigerator, a microwave, and a sink.",1
10680,355450,potted plant,1,0.04338225990533828,0.07661774009466171,vase,0.5973349809646606,-0.5207172408699989,potted plant,sentence,"A potted plant can be seen in the room, adding a touch of greenery to the space.",1
10052,267844,fork,1,0.043323519527912135,0.07667648047208786,bowl,0.37734556198120117,-0.3006690815091133,fork,sentence,"The sink is surrounded by various kitchen utensils, including a knife, a spoon, and a fork.",1
15925,510992,bottle,1,0.0432741892337799,0.07672581076622009,oven,0.33927613496780396,-0.26255032420158386,bottles,sentence,"There are three bottles placed on different surfaces, with one on the left side, another on the right side, and the third one in the middle of the room.",1
1102,157102,dining table,0,0.04318622022867202,0.07681377977132797,chair,0.34936514496803284,-0.27255136519670486,dining table,sentence,"The image features a young child, possibly a toddler, sitting at a dining table and cutting a piece of paper with a pair of scissors.",1
6672,361751,potted plant,1,0.04309531971812247,0.03683285787701607,chair,0.27992817759513855,-0.24309531971812248,potted plants,sentence,"In addition to the benches, there are a few potted plants scattered throughout the scene, adding a touch of greenery to the area.",1
3253,461655,book,1,0.04291895300149917,0.07708104699850082,vase,0.6157700419425964,-0.5386889949440956,book,sentence,"A book is also present, resting on the table close to the left edge.",1
14616,327601,bottle,1,0.042877140343189235,0.07712285965681076,chair,0.3446635901927948,-0.26754073053598404,bottle,sentence,"In the room, there is a vase placed on the floor near the woman, and a bottle can be seen on the left side of the scene.",1
8262,577377,spoon,1,0.04280610680580138,0.0746404230594635,oven,0.3174465298652649,-0.2428061068058014,spoon,sentence,"A cup is located near the center of the kitchen, and a spoon is placed on the right side.",1
5466,200739,fire hydrant,1,0.04280250042676925,0.07719749957323074,truck,0.49522310495376587,-0.4180256053805351,fire hydrant,sentence,"A car can be seen parked on the right side of the street, and a fire hydrant is visible on the left side.",1
14868,363793,dining table,1,0.04279593646526336,0.07720406353473663,cake,0.3441106379032135,-0.26690657436847687,dining table,sentence,"The cake is placed on a dining table, and it appears to be a birthday cake for a 50-year-old person named Dominic.",1
9606,199771,spoon,1,0.04268828302621841,0.07731171697378159,sandwich,0.404725581407547,-0.3274138644337654,spoon,sentence,"A knife can be seen on the table, and a spoon is placed nearby.",1
4298,24693,person,1,0.042618702352046955,0.06404150277376175,car,0.3066602051258087,-0.24261870235204697,people,sentence,"In addition to the vehicles, there are several people walking or standing on the street, likely going about their daily activities.",1
9725,218752,person,1,0.042557495832443226,0.058708250522613525,bench,0.30126574635505676,-0.24255749583244324,person,sentence,"In the background, there is a person standing near the left side of the barn, possibly observing the cows or attending to their needs.",1
5558,215259,chair,1,0.042327704727649684,0.07767229527235031,couch,0.45520955324172974,-0.3775372579693794,chair,sentence,"The living room is furnished with a couch located in the background, and a chair can be seen in the foreground.",1
1131,160580,handbag,1,0.042200227454304684,0.024713872000575066,person,0.26691409945487976,-0.2422002274543047,handbags,sentence,"A few of the individuals are carrying handbags, adding to the lively atmosphere of the scene.",1
13933,230561,dining table,1,0.04217640578746795,0.07782359421253204,knife,0.46714600920677185,-0.3893224149942398,table,sentence,"A few other remotes can be seen on the table, possibly for additional players or for different games.",1
3574,508115,bowl,1,0.04217054992914199,0.05985357612371445,cup,0.30202412605285645,-0.242170549929142,bowl,sentence,"There is a bowl filled with nuts, a bag of Good Earth cereal, and a bottle.",1
11577,475043,dining table,1,0.041948701143264766,0.07805129885673523,bowl,0.5588634014129639,-0.48081210255622864,table,sentence,"A bowl is placed on the couch, and a cup can be seen on the table.",1
6326,320658,person,1,0.041941488981246944,0.07805851101875305,cup,0.42406705021858215,-0.3460085391998291,person,sentence,"In addition to the laptop and peripherals, there are a few books scattered around the desk, suggesting that the person using this workspace might be engaged in reading or studying.",1
12422,13061,person,1,0.04183329567313193,0.03307512775063515,cell phone,0.2749084234237671,-0.24183329567313194,people,sentence,"The table appears to be a gathering place for these electronic devices, possibly for a group of people to enjoy watching television or using the remote controls.",1
6332,321118,remote,1,0.041744406223297115,0.07825559377670288,mouse,0.7973798513412476,-0.7191242575645447,,,,0
5346,183364,cell phone,1,0.04171387374401092,0.07828612625598907,laptop,0.5828654766082764,-0.5045793503522873,cell phone,sentence,"A cell phone can be seen on the left side of the desk, and a book is placed near the center.",1
14030,245383,car,1,0.041680100262165065,0.07831989973783493,motorcycle,0.5209200978279114,-0.44260019809007645,car,sentence,A car can also be seen parked on the left side of the street.,1
765,108193,person,1,0.04148966342210769,0.0785103365778923,bottle,0.3733399510383606,-0.2948296144604683,people,sentence,"The table is set for a meal, inviting people to enjoy the delicious food and drinks.",1
3130,447546,cup,1,0.041257958114147175,0.050701119005680084,knife,0.29195907711982727,-0.2412579581141472,cups,sentence,"There are also multiple bottles and cups placed around the kitchen, likely containing ingredients or beverages.",1
11032,402077,dining table,1,0.041222765296697605,0.05940181389451027,bowl,0.3006245791912079,-0.24122276529669762,dining table,sentence,"The couch is located in a living room, and there is a dining table nearby.",1
2691,381870,handbag,1,0.04114760726690292,0.07885239273309708,umbrella,0.4944840967655182,-0.4156317040324211,handbag,sentence,"A bench can be seen in the background, and a handbag is visible among the crowd.",1
11584,475879,tie,1,0.04111707042902707,0.013183136470615864,handbag,0.25430020689964294,-0.24111707042902708,tie,sentence,"A tie is visible on the ground, and a chair is positioned in the background.",1
6084,291245,cell phone,1,0.040884802937507625,0.07911519706249237,mouse,0.8996430039405823,-0.8205278068780899,,,,0
5134,154254,cell phone,1,0.040726910233497615,0.07927308976650238,laptop,0.6997964382171631,-0.6205233484506607,,,,0
11407,449594,dining table,0,0.040613576024770726,0.04217395558953285,chair,0.2827875316143036,-0.24061357602477074,,,,0
14989,379144,car,1,0.04060907185077667,0.07939092814922333,truck,0.6380767226219177,-0.5586857944726944,car,sentence,"Additionally, there is a car parked on the left side of the street, slightly behind the truck.",1
